year,days_with_reading,complete,total_mm,max_day_mm,max_day,days_ge_50mm
1990,268,0,475.7,182.1,1990-05-17,1
1991,291,0,515.7,170.9,1991-03-05,2
1992,355,1,585.4,93.0,1992-10-03,1
1993,355,1,841.0,172.0,1993-12-06,3
1994,362,1,721.8,113.0,1994-10-18,3
1995,356,1,713.0,90.9,1995-09-28,1
1996,362,1,832.6,182.1,1996-08-23,2
1997,356,1,920.5,103.9,1997-09-23,3
1998,343,1,320.9,42.9,1998-01-25,0
1999,240,0,418.1,65.0,1999-11-30,1
2000,51,0,286.8,46.2,2000-02-24,0
2001,135,0,282.7,80.0,2001-11-06,1
2002,306,0,419.2,91.2,2002-11-07,1
2003,355,1,878.7,60.7,2003-09-15,3
2004,357,1,403.8,63.5,2004-11-03,1
2005,357,1,499.7,96.8,2005-12-14,1
2006,361,1,519.8,45.7,2006-01-09,0
2007,360,1,665.0,92.5,2007-12-31,4
2008,364,1,494.1,41.9,2008-10-01,0
2009,360,1,686.3,59.4,2009-09-24,1
2010,364,1,520.6,102.4,2010-10-25,1
2011,364,1,590.8,37.1,2011-11-17,0
2012,366,1,517.6,48.3,2012-09-03,0
2013,353,1,465.1,34.8,2013-12-01,0
2014,359,1,506.5,39.4,2014-12-31,0
2015,357,1,466.0,39.4,2015-10-02,0
2016,358,1,283.9,26.7,2016-11-19,0
2017,362,1,417.8,40.9,2017-10-03,0
2018,359,1,530.0,108.7,2018-02-10,1
2019,350,1,545.5,41.7,2019-02-24,0
2020,286,0,123.7,27.2,2020-05-28,0
2021,309,0,334.6,66.8,2021-11-26,1
2022,313,0,91.6,15.2,2022-01-08,0
2023,315,0,114.7,17.8,2023-12-18,0
2024,350,1,281.4,22.4,2024-11-10,0
2025,234,0,290.3,34.5,2025-03-26,0
