dataset,geo,code,label,year,value_gwh,flag,eurostat_updated,query_url,retrieved
nrg_cb_e,MT,AFC,Available for final consumption,2019,2479.33,,2026-09-11T11:00:00+0200,https://ec.europa.eu/eurostat/api/dissemination/statistics/1.0/data/nrg_cb_e?geo=MT&siec=E7000&unit=GWH&nrg_bal=GEP&nrg_bal=IMP&nrg_bal=EXP&nrg_bal=FC&nrg_bal=AFC&sinceTimePeriod=2019&format=JSON,2026-10-06
nrg_cb_e,MT,AFC,Available for final consumption,2020,2368.143,,2026-09-11T11:00:00+0200,https://ec.europa.eu/eurostat/api/dissemination/statistics/1.0/data/nrg_cb_e?geo=MT&siec=E7000&unit=GWH&nrg_bal=GEP&nrg_bal=IMP&nrg_bal=EXP&nrg_bal=FC&nrg_bal=AFC&sinceTimePeriod=2019&format=JSON,2026-10-06
nrg_cb_e,MT,AFC,Available for final consumption,2021,2504.721,,2026-09-11T11:00:00+0200,https://ec.europa.eu/eurostat/api/dissemination/statistics/1.0/data/nrg_cb_e?geo=MT&siec=E7000&unit=GWH&nrg_bal=GEP&nrg_bal=IMP&nrg_bal=EXP&nrg_bal=FC&nrg_bal=AFC&sinceTimePeriod=2019&format=JSON,2026-10-06
nrg_cb_e,MT,AFC,Available for final consumption,2022,2693.241,,2026-09-11T11:00:00+0200,https://ec.europa.eu/eurostat/api/dissemination/statistics/1.0/data/nrg_cb_e?geo=MT&siec=E7000&unit=GWH&nrg_bal=GEP&nrg_bal=IMP&nrg_bal=EXP&nrg_bal=FC&nrg_bal=AFC&sinceTimePeriod=2019&format=JSON,2026-10-06
nrg_cb_e,MT,AFC,Available for final consumption,2023,2722.218,,2026-09-11T11:00:00+0200,https://ec.europa.eu/eurostat/api/dissemination/statistics/1.0/data/nrg_cb_e?geo=MT&siec=E7000&unit=GWH&nrg_bal=GEP&nrg_bal=IMP&nrg_bal=EXP&nrg_bal=FC&nrg_bal=AFC&sinceTimePeriod=2019&format=JSON,2026-10-06
nrg_cb_e,MT,AFC,Available for final consumption,2024,2875.664,,2026-09-11T11:00:00+0200,https://ec.europa.eu/eurostat/api/dissemination/statistics/1.0/data/nrg_cb_e?geo=MT&siec=E7000&unit=GWH&nrg_bal=GEP&nrg_bal=IMP&nrg_bal=EXP&nrg_bal=FC&nrg_bal=AFC&sinceTimePeriod=2019&format=JSON,2026-10-06
nrg_cb_e,MT,AFC,Available for final consumption,2025,2969.82,p,2026-09-11T11:00:00+0200,https://ec.europa.eu/eurostat/api/dissemination/statistics/1.0/data/nrg_cb_e?geo=MT&siec=E7000&unit=GWH&nrg_bal=GEP&nrg_bal=IMP&nrg_bal=EXP&nrg_bal=FC&nrg_bal=AFC&sinceTimePeriod=2019&format=JSON,2026-10-06
nrg_cb_e,MT,EXP,Exports,2019,20.451,,2026-09-11T11:00:00+0200,https://ec.europa.eu/eurostat/api/dissemination/statistics/1.0/data/nrg_cb_e?geo=MT&siec=E7000&unit=GWH&nrg_bal=GEP&nrg_bal=IMP&nrg_bal=EXP&nrg_bal=FC&nrg_bal=AFC&sinceTimePeriod=2019&format=JSON,2026-10-06
nrg_cb_e,MT,EXP,Exports,2020,4.233,,2026-09-11T11:00:00+0200,https://ec.europa.eu/eurostat/api/dissemination/statistics/1.0/data/nrg_cb_e?geo=MT&siec=E7000&unit=GWH&nrg_bal=GEP&nrg_bal=IMP&nrg_bal=EXP&nrg_bal=FC&nrg_bal=AFC&sinceTimePeriod=2019&format=JSON,2026-10-06
nrg_cb_e,MT,EXP,Exports,2021,35.887,,2026-09-11T11:00:00+0200,https://ec.europa.eu/eurostat/api/dissemination/statistics/1.0/data/nrg_cb_e?geo=MT&siec=E7000&unit=GWH&nrg_bal=GEP&nrg_bal=IMP&nrg_bal=EXP&nrg_bal=FC&nrg_bal=AFC&sinceTimePeriod=2019&format=JSON,2026-10-06
nrg_cb_e,MT,EXP,Exports,2022,6.853,,2026-09-11T11:00:00+0200,https://ec.europa.eu/eurostat/api/dissemination/statistics/1.0/data/nrg_cb_e?geo=MT&siec=E7000&unit=GWH&nrg_bal=GEP&nrg_bal=IMP&nrg_bal=EXP&nrg_bal=FC&nrg_bal=AFC&sinceTimePeriod=2019&format=JSON,2026-10-06
nrg_cb_e,MT,EXP,Exports,2023,26.226,,2026-09-11T11:00:00+0200,https://ec.europa.eu/eurostat/api/dissemination/statistics/1.0/data/nrg_cb_e?geo=MT&siec=E7000&unit=GWH&nrg_bal=GEP&nrg_bal=IMP&nrg_bal=EXP&nrg_bal=FC&nrg_bal=AFC&sinceTimePeriod=2019&format=JSON,2026-10-06
nrg_cb_e,MT,EXP,Exports,2024,2.925,,2026-09-11T11:00:00+0200,https://ec.europa.eu/eurostat/api/dissemination/statistics/1.0/data/nrg_cb_e?geo=MT&siec=E7000&unit=GWH&nrg_bal=GEP&nrg_bal=IMP&nrg_bal=EXP&nrg_bal=FC&nrg_bal=AFC&sinceTimePeriod=2019&format=JSON,2026-10-06
nrg_cb_e,MT,EXP,Exports,2025,0.429,p,2026-09-11T11:00:00+0200,https://ec.europa.eu/eurostat/api/dissemination/statistics/1.0/data/nrg_cb_e?geo=MT&siec=E7000&unit=GWH&nrg_bal=GEP&nrg_bal=IMP&nrg_bal=EXP&nrg_bal=FC&nrg_bal=AFC&sinceTimePeriod=2019&format=JSON,2026-10-06
nrg_cb_e,MT,FC,Final consumption,2019,2479.33,,2026-09-11T11:00:00+0200,https://ec.europa.eu/eurostat/api/dissemination/statistics/1.0/data/nrg_cb_e?geo=MT&siec=E7000&unit=GWH&nrg_bal=GEP&nrg_bal=IMP&nrg_bal=EXP&nrg_bal=FC&nrg_bal=AFC&sinceTimePeriod=2019&format=JSON,2026-10-06
nrg_cb_e,MT,FC,Final consumption,2020,2368.143,,2026-09-11T11:00:00+0200,https://ec.europa.eu/eurostat/api/dissemination/statistics/1.0/data/nrg_cb_e?geo=MT&siec=E7000&unit=GWH&nrg_bal=GEP&nrg_bal=IMP&nrg_bal=EXP&nrg_bal=FC&nrg_bal=AFC&sinceTimePeriod=2019&format=JSON,2026-10-06
nrg_cb_e,MT,FC,Final consumption,2021,2504.736,,2026-09-11T11:00:00+0200,https://ec.europa.eu/eurostat/api/dissemination/statistics/1.0/data/nrg_cb_e?geo=MT&siec=E7000&unit=GWH&nrg_bal=GEP&nrg_bal=IMP&nrg_bal=EXP&nrg_bal=FC&nrg_bal=AFC&sinceTimePeriod=2019&format=JSON,2026-10-06
nrg_cb_e,MT,FC,Final consumption,2022,2698.429,,2026-09-11T11:00:00+0200,https://ec.europa.eu/eurostat/api/dissemination/statistics/1.0/data/nrg_cb_e?geo=MT&siec=E7000&unit=GWH&nrg_bal=GEP&nrg_bal=IMP&nrg_bal=EXP&nrg_bal=FC&nrg_bal=AFC&sinceTimePeriod=2019&format=JSON,2026-10-06
nrg_cb_e,MT,FC,Final consumption,2023,2709.411,,2026-09-11T11:00:00+0200,https://ec.europa.eu/eurostat/api/dissemination/statistics/1.0/data/nrg_cb_e?geo=MT&siec=E7000&unit=GWH&nrg_bal=GEP&nrg_bal=IMP&nrg_bal=EXP&nrg_bal=FC&nrg_bal=AFC&sinceTimePeriod=2019&format=JSON,2026-10-06
nrg_cb_e,MT,FC,Final consumption,2024,2868.231,,2026-09-11T11:00:00+0200,https://ec.europa.eu/eurostat/api/dissemination/statistics/1.0/data/nrg_cb_e?geo=MT&siec=E7000&unit=GWH&nrg_bal=GEP&nrg_bal=IMP&nrg_bal=EXP&nrg_bal=FC&nrg_bal=AFC&sinceTimePeriod=2019&format=JSON,2026-10-06
nrg_cb_e,MT,FC,Final consumption,2025,2969.82,p,2026-09-11T11:00:00+0200,https://ec.europa.eu/eurostat/api/dissemination/statistics/1.0/data/nrg_cb_e?geo=MT&siec=E7000&unit=GWH&nrg_bal=GEP&nrg_bal=IMP&nrg_bal=EXP&nrg_bal=FC&nrg_bal=AFC&sinceTimePeriod=2019&format=JSON,2026-10-06
nrg_cb_e,MT,GEP,Gross electricity production,2019,2059.829,,2026-09-11T11:00:00+0200,https://ec.europa.eu/eurostat/api/dissemination/statistics/1.0/data/nrg_cb_e?geo=MT&siec=E7000&unit=GWH&nrg_bal=GEP&nrg_bal=IMP&nrg_bal=EXP&nrg_bal=FC&nrg_bal=AFC&sinceTimePeriod=2019&format=JSON,2026-10-06
nrg_cb_e,MT,GEP,Gross electricity production,2020,2143.076,,2026-09-11T11:00:00+0200,https://ec.europa.eu/eurostat/api/dissemination/statistics/1.0/data/nrg_cb_e?geo=MT&siec=E7000&unit=GWH&nrg_bal=GEP&nrg_bal=IMP&nrg_bal=EXP&nrg_bal=FC&nrg_bal=AFC&sinceTimePeriod=2019&format=JSON,2026-10-06
nrg_cb_e,MT,GEP,Gross electricity production,2021,2214.863,,2026-09-11T11:00:00+0200,https://ec.europa.eu/eurostat/api/dissemination/statistics/1.0/data/nrg_cb_e?geo=MT&siec=E7000&unit=GWH&nrg_bal=GEP&nrg_bal=IMP&nrg_bal=EXP&nrg_bal=FC&nrg_bal=AFC&sinceTimePeriod=2019&format=JSON,2026-10-06
nrg_cb_e,MT,GEP,Gross electricity production,2022,2292.928,,2026-09-11T11:00:00+0200,https://ec.europa.eu/eurostat/api/dissemination/statistics/1.0/data/nrg_cb_e?geo=MT&siec=E7000&unit=GWH&nrg_bal=GEP&nrg_bal=IMP&nrg_bal=EXP&nrg_bal=FC&nrg_bal=AFC&sinceTimePeriod=2019&format=JSON,2026-10-06
nrg_cb_e,MT,GEP,Gross electricity production,2023,2344.307,,2026-09-11T11:00:00+0200,https://ec.europa.eu/eurostat/api/dissemination/statistics/1.0/data/nrg_cb_e?geo=MT&siec=E7000&unit=GWH&nrg_bal=GEP&nrg_bal=IMP&nrg_bal=EXP&nrg_bal=FC&nrg_bal=AFC&sinceTimePeriod=2019&format=JSON,2026-10-06
nrg_cb_e,MT,GEP,Gross electricity production,2024,2185.877,,2026-09-11T11:00:00+0200,https://ec.europa.eu/eurostat/api/dissemination/statistics/1.0/data/nrg_cb_e?geo=MT&siec=E7000&unit=GWH&nrg_bal=GEP&nrg_bal=IMP&nrg_bal=EXP&nrg_bal=FC&nrg_bal=AFC&sinceTimePeriod=2019&format=JSON,2026-10-06
nrg_cb_e,MT,GEP,Gross electricity production,2025,2221.575,p,2026-09-11T11:00:00+0200,https://ec.europa.eu/eurostat/api/dissemination/statistics/1.0/data/nrg_cb_e?geo=MT&siec=E7000&unit=GWH&nrg_bal=GEP&nrg_bal=IMP&nrg_bal=EXP&nrg_bal=FC&nrg_bal=AFC&sinceTimePeriod=2019&format=JSON,2026-10-06
nrg_cb_e,MT,IMP,Imports,2019,656.756,,2026-09-11T11:00:00+0200,https://ec.europa.eu/eurostat/api/dissemination/statistics/1.0/data/nrg_cb_e?geo=MT&siec=E7000&unit=GWH&nrg_bal=GEP&nrg_bal=IMP&nrg_bal=EXP&nrg_bal=FC&nrg_bal=AFC&sinceTimePeriod=2019&format=JSON,2026-10-06
nrg_cb_e,MT,IMP,Imports,2020,419.81,,2026-09-11T11:00:00+0200,https://ec.europa.eu/eurostat/api/dissemination/statistics/1.0/data/nrg_cb_e?geo=MT&siec=E7000&unit=GWH&nrg_bal=GEP&nrg_bal=IMP&nrg_bal=EXP&nrg_bal=FC&nrg_bal=AFC&sinceTimePeriod=2019&format=JSON,2026-10-06
nrg_cb_e,MT,IMP,Imports,2021,547.25,,2026-09-11T11:00:00+0200,https://ec.europa.eu/eurostat/api/dissemination/statistics/1.0/data/nrg_cb_e?geo=MT&siec=E7000&unit=GWH&nrg_bal=GEP&nrg_bal=IMP&nrg_bal=EXP&nrg_bal=FC&nrg_bal=AFC&sinceTimePeriod=2019&format=JSON,2026-10-06
nrg_cb_e,MT,IMP,Imports,2022,646.139,,2026-09-11T11:00:00+0200,https://ec.europa.eu/eurostat/api/dissemination/statistics/1.0/data/nrg_cb_e?geo=MT&siec=E7000&unit=GWH&nrg_bal=GEP&nrg_bal=IMP&nrg_bal=EXP&nrg_bal=FC&nrg_bal=AFC&sinceTimePeriod=2019&format=JSON,2026-10-06
nrg_cb_e,MT,IMP,Imports,2023,648.353,,2026-09-11T11:00:00+0200,https://ec.europa.eu/eurostat/api/dissemination/statistics/1.0/data/nrg_cb_e?geo=MT&siec=E7000&unit=GWH&nrg_bal=GEP&nrg_bal=IMP&nrg_bal=EXP&nrg_bal=FC&nrg_bal=AFC&sinceTimePeriod=2019&format=JSON,2026-10-06
nrg_cb_e,MT,IMP,Imports,2024,970.418,,2026-09-11T11:00:00+0200,https://ec.europa.eu/eurostat/api/dissemination/statistics/1.0/data/nrg_cb_e?geo=MT&siec=E7000&unit=GWH&nrg_bal=GEP&nrg_bal=IMP&nrg_bal=EXP&nrg_bal=FC&nrg_bal=AFC&sinceTimePeriod=2019&format=JSON,2026-10-06
nrg_cb_e,MT,IMP,Imports,2025,1031.034,p,2026-09-11T11:00:00+0200,https://ec.europa.eu/eurostat/api/dissemination/statistics/1.0/data/nrg_cb_e?geo=MT&siec=E7000&unit=GWH&nrg_bal=GEP&nrg_bal=IMP&nrg_bal=EXP&nrg_bal=FC&nrg_bal=AFC&sinceTimePeriod=2019&format=JSON,2026-10-06
