window,year,station,no2_ugm3,valid_hours,coverage_pct,background_mean_ugm3,difference_from_background_ugm3,validation
Jan-Sep,2024,MT00011,19.19,5865,89.2,11.94,7.26,E1a (validated)
Jan-Sep,2024,MT00008,10.59,6490,98.7,11.94,-1.35,E1a (validated)
Jan-Sep,2024,MT00004,13.28,6001,91.3,11.94,1.35,E1a (validated)
Jan-Sep,2024,MT00009,19.04,5913,89.9,11.94,7.11,E1a (validated)
Jan-Sep,2025,MT00011,22.03,6341,96.8,12.53,9.50,E1a (validated)
Jan-Sep,2025,MT00008,11.25,6433,98.2,12.53,-1.28,E1a (validated)
Jan-Sep,2025,MT00004,13.81,6439,98.3,12.53,1.28,E1a (validated)
Jan-Sep,2025,MT00009,21.08,5696,86.9,12.53,8.55,E1a (validated)
Jan-Sep,2026,MT00011,25.18,6009,91.7,13.02,12.16,E2a (up-to-date; not validated)
Jan-Sep,2026,MT00008,11.75,6414,97.9,13.02,-1.27,E2a (up-to-date; not validated)
Jan-Sep,2026,MT00004,14.29,6394,97.6,13.02,1.27,E2a (up-to-date; not validated)
Jan-Sep,2026,MT00009,19.90,5913,90.2,13.02,6.88,E2a (up-to-date; not validated)
Jan-Aug,2024,MT00011,18.85,5232,89.3,11.74,7.11,E1a (validated)
Jan-Aug,2024,MT00008,10.56,5772,98.6,11.74,-1.18,E1a (validated)
Jan-Aug,2024,MT00004,12.91,5288,90.3,11.74,1.18,E1a (validated)
Jan-Aug,2024,MT00009,18.77,5267,89.9,11.74,7.03,E1a (validated)
Jan-Aug,2025,MT00011,21.73,5637,96.7,12.39,9.34,E1a (validated)
Jan-Aug,2025,MT00008,11.03,5715,98.0,12.39,-1.35,E1a (validated)
Jan-Aug,2025,MT00004,13.74,5727,98.2,12.39,1.35,E1a (validated)
Jan-Aug,2025,MT00009,21.31,5057,86.7,12.39,8.92,E1a (validated)
Jan-Aug,2026,MT00011,24.64,5573,95.6,12.51,12.12,E2a (up-to-date; not validated)
Jan-Aug,2026,MT00008,10.96,5700,97.7,12.51,-1.56,E2a (up-to-date; not validated)
Jan-Aug,2026,MT00004,14.07,5686,97.5,12.51,1.56,E2a (up-to-date; not validated)
Jan-Aug,2026,MT00009,19.32,5263,90.2,12.51,6.80,E2a (up-to-date; not validated)
