dataset,geo,year,value,flag,note,source,retrieved
ilc_lvho07a,MT,2015,1.1,,"rskpovth=TOTAL, age=TOTAL, sex=T, unit=PC; flags: b = break in time series, e = estimated",https://ec.europa.eu/eurostat/api/dissemination/statistics/1.0/data/ilc_lvho07a?geo=MT&geo=EU27_2020&unit=PC&age=TOTAL&sex=T&lang=en,2026-10-05
ilc_lvho07a,MT,2016,1.4,,"rskpovth=TOTAL, age=TOTAL, sex=T, unit=PC; flags: b = break in time series, e = estimated",https://ec.europa.eu/eurostat/api/dissemination/statistics/1.0/data/ilc_lvho07a?geo=MT&geo=EU27_2020&unit=PC&age=TOTAL&sex=T&lang=en,2026-10-05
ilc_lvho07a,MT,2017,1.4,,"rskpovth=TOTAL, age=TOTAL, sex=T, unit=PC; flags: b = break in time series, e = estimated",https://ec.europa.eu/eurostat/api/dissemination/statistics/1.0/data/ilc_lvho07a?geo=MT&geo=EU27_2020&unit=PC&age=TOTAL&sex=T&lang=en,2026-10-05
ilc_lvho07a,MT,2018,1.7,,"rskpovth=TOTAL, age=TOTAL, sex=T, unit=PC; flags: b = break in time series, e = estimated",https://ec.europa.eu/eurostat/api/dissemination/statistics/1.0/data/ilc_lvho07a?geo=MT&geo=EU27_2020&unit=PC&age=TOTAL&sex=T&lang=en,2026-10-05
ilc_lvho07a,MT,2019,2.6,,"rskpovth=TOTAL, age=TOTAL, sex=T, unit=PC; flags: b = break in time series, e = estimated",https://ec.europa.eu/eurostat/api/dissemination/statistics/1.0/data/ilc_lvho07a?geo=MT&geo=EU27_2020&unit=PC&age=TOTAL&sex=T&lang=en,2026-10-05
ilc_lvho07a,MT,2020,2.8,,"rskpovth=TOTAL, age=TOTAL, sex=T, unit=PC; flags: b = break in time series, e = estimated",https://ec.europa.eu/eurostat/api/dissemination/statistics/1.0/data/ilc_lvho07a?geo=MT&geo=EU27_2020&unit=PC&age=TOTAL&sex=T&lang=en,2026-10-05
ilc_lvho07a,MT,2021,2.7,,"rskpovth=TOTAL, age=TOTAL, sex=T, unit=PC; flags: b = break in time series, e = estimated",https://ec.europa.eu/eurostat/api/dissemination/statistics/1.0/data/ilc_lvho07a?geo=MT&geo=EU27_2020&unit=PC&age=TOTAL&sex=T&lang=en,2026-10-05
ilc_lvho07a,MT,2022,2.9,,"rskpovth=TOTAL, age=TOTAL, sex=T, unit=PC; flags: b = break in time series, e = estimated",https://ec.europa.eu/eurostat/api/dissemination/statistics/1.0/data/ilc_lvho07a?geo=MT&geo=EU27_2020&unit=PC&age=TOTAL&sex=T&lang=en,2026-10-05
ilc_lvho07a,MT,2023,6.0,b,"rskpovth=TOTAL, age=TOTAL, sex=T, unit=PC; flags: b = break in time series, e = estimated",https://ec.europa.eu/eurostat/api/dissemination/statistics/1.0/data/ilc_lvho07a?geo=MT&geo=EU27_2020&unit=PC&age=TOTAL&sex=T&lang=en,2026-10-05
ilc_lvho07a,MT,2024,5.9,,"rskpovth=TOTAL, age=TOTAL, sex=T, unit=PC; flags: b = break in time series, e = estimated",https://ec.europa.eu/eurostat/api/dissemination/statistics/1.0/data/ilc_lvho07a?geo=MT&geo=EU27_2020&unit=PC&age=TOTAL&sex=T&lang=en,2026-10-05
ilc_lvho07a,MT,2025,6.0,,"rskpovth=TOTAL, age=TOTAL, sex=T, unit=PC; flags: b = break in time series, e = estimated",https://ec.europa.eu/eurostat/api/dissemination/statistics/1.0/data/ilc_lvho07a?geo=MT&geo=EU27_2020&unit=PC&age=TOTAL&sex=T&lang=en,2026-10-05
ilc_lvho07a,EU27_2020,2015,11.2,e,"rskpovth=TOTAL, age=TOTAL, sex=T, unit=PC; flags: b = break in time series, e = estimated",https://ec.europa.eu/eurostat/api/dissemination/statistics/1.0/data/ilc_lvho07a?geo=MT&geo=EU27_2020&unit=PC&age=TOTAL&sex=T&lang=en,2026-10-05
ilc_lvho07a,EU27_2020,2016,10.9,e,"rskpovth=TOTAL, age=TOTAL, sex=T, unit=PC; flags: b = break in time series, e = estimated",https://ec.europa.eu/eurostat/api/dissemination/statistics/1.0/data/ilc_lvho07a?geo=MT&geo=EU27_2020&unit=PC&age=TOTAL&sex=T&lang=en,2026-10-05
ilc_lvho07a,EU27_2020,2017,10.1,e,"rskpovth=TOTAL, age=TOTAL, sex=T, unit=PC; flags: b = break in time series, e = estimated",https://ec.europa.eu/eurostat/api/dissemination/statistics/1.0/data/ilc_lvho07a?geo=MT&geo=EU27_2020&unit=PC&age=TOTAL&sex=T&lang=en,2026-10-05
ilc_lvho07a,EU27_2020,2018,9.6,e,"rskpovth=TOTAL, age=TOTAL, sex=T, unit=PC; flags: b = break in time series, e = estimated",https://ec.europa.eu/eurostat/api/dissemination/statistics/1.0/data/ilc_lvho07a?geo=MT&geo=EU27_2020&unit=PC&age=TOTAL&sex=T&lang=en,2026-10-05
ilc_lvho07a,EU27_2020,2019,9.4,,"rskpovth=TOTAL, age=TOTAL, sex=T, unit=PC; flags: b = break in time series, e = estimated",https://ec.europa.eu/eurostat/api/dissemination/statistics/1.0/data/ilc_lvho07a?geo=MT&geo=EU27_2020&unit=PC&age=TOTAL&sex=T&lang=en,2026-10-05
ilc_lvho07a,EU27_2020,2020,7.8,,"rskpovth=TOTAL, age=TOTAL, sex=T, unit=PC; flags: b = break in time series, e = estimated",https://ec.europa.eu/eurostat/api/dissemination/statistics/1.0/data/ilc_lvho07a?geo=MT&geo=EU27_2020&unit=PC&age=TOTAL&sex=T&lang=en,2026-10-05
ilc_lvho07a,EU27_2020,2021,8.7,,"rskpovth=TOTAL, age=TOTAL, sex=T, unit=PC; flags: b = break in time series, e = estimated",https://ec.europa.eu/eurostat/api/dissemination/statistics/1.0/data/ilc_lvho07a?geo=MT&geo=EU27_2020&unit=PC&age=TOTAL&sex=T&lang=en,2026-10-05
ilc_lvho07a,EU27_2020,2022,8.7,,"rskpovth=TOTAL, age=TOTAL, sex=T, unit=PC; flags: b = break in time series, e = estimated",https://ec.europa.eu/eurostat/api/dissemination/statistics/1.0/data/ilc_lvho07a?geo=MT&geo=EU27_2020&unit=PC&age=TOTAL&sex=T&lang=en,2026-10-05
ilc_lvho07a,EU27_2020,2023,8.8,,"rskpovth=TOTAL, age=TOTAL, sex=T, unit=PC; flags: b = break in time series, e = estimated",https://ec.europa.eu/eurostat/api/dissemination/statistics/1.0/data/ilc_lvho07a?geo=MT&geo=EU27_2020&unit=PC&age=TOTAL&sex=T&lang=en,2026-10-05
ilc_lvho07a,EU27_2020,2024,8.2,,"rskpovth=TOTAL, age=TOTAL, sex=T, unit=PC; flags: b = break in time series, e = estimated",https://ec.europa.eu/eurostat/api/dissemination/statistics/1.0/data/ilc_lvho07a?geo=MT&geo=EU27_2020&unit=PC&age=TOTAL&sex=T&lang=en,2026-10-05
ilc_lvho07a,EU27_2020,2025,7.7,,"rskpovth=TOTAL, age=TOTAL, sex=T, unit=PC; flags: b = break in time series, e = estimated",https://ec.europa.eu/eurostat/api/dissemination/statistics/1.0/data/ilc_lvho07a?geo=MT&geo=EU27_2020&unit=PC&age=TOTAL&sex=T&lang=en,2026-10-05
