member,cycle_months,report,statement,part,url,retrieved
Austria,12,IMF Country Report No. 26/180,It is proposed that the next Article IV consultation with Austria take place on the standard 12-month cycle.,staff appraisal,https://www.elibrary.imf.org/view/journals/002/2026/180/article-A001-en.xml,2026-10-05
Belgium,12,IMF Country Report No. 26/49,Belgium is on the standard 12-month consultation cycle.,informational annex,https://www.elibrary.imf.org/view/journals/002/2026/049/article-A002-en.xml,2026-10-05
Bulgaria,12,IMF Country Report No. 25/306,It is recommended that the next Article IV consultation be held on the standard 12-month cycle.,staff appraisal,https://www.elibrary.imf.org/view/journals/002/2025/306/article-A001-en.xml,2026-10-05
Croatia,12,IMF Country Report No. 25/329,It is expected that the next Article IV consultation will take place on the standard 12-month cycle.,staff appraisal,https://www.elibrary.imf.org/view/journals/002/2025/329/article-A001-en.xml,2026-10-05
Cyprus,12,IMF Country Report No. 26/145,It is proposed that the next Article IV consultation with Cyprus take place on the standard 12-month cycle.,staff appraisal,https://www.elibrary.imf.org/view/journals/002/2026/145/article-A001-en.xml,2026-10-05
Czech Republic,12,IMF Country Report No. 26/70,It is recommended that the next Article IV consultation be completed on the standard 12-month cycle.,staff appraisal,https://www.elibrary.imf.org/view/journals/002/2026/070/article-A001-en.xml,2026-10-05
Denmark,12,IMF Country Report No. 25/165,It is recommended that the next Article IV consultation with Denmark be held in the standard 12-month cycle.,staff appraisal,https://www.elibrary.imf.org/view/journals/002/2025/165/article-A001-en.xml,2026-10-05
Estonia,12,IMF Country Report No. 26/243,It is recommended that the next Article IV consultation be completed on the standard 12-month cycle.,staff appraisal,https://www.elibrary.imf.org/view/journals/002/2026/243/article-A001-en.xml,2026-10-05
Finland,12,IMF Country Report No. 26/6,It is proposed that the next Article IV consultation with Finland take place on the standard 12-month cycle.,staff appraisal,https://www.elibrary.imf.org/view/journals/002/2026/006/article-A001-en.xml,2026-10-05
France,12,IMF Country Report No. 26/187,It is proposed that the next Article IV consultation with France takes place on the standard 12-month cycle.,staff appraisal,https://www.elibrary.imf.org/view/journals/002/2026/187/article-A001-en.xml,2026-10-05
Germany,12,IMF Country Report No. 26/36,It is recommended that the next Article IV consultation take place on the standard 12-month cycle.,staff appraisal,https://www.elibrary.imf.org/view/journals/002/2026/036/article-A001-en.xml,2026-10-05
Greece,12,IMF Country Report No. 26/108,Greece is on the standard 12–month consultation cycle.,informational annex,https://www.elibrary.imf.org/view/journals/002/2026/108/article-A002-en.xml,2026-10-05
Hungary,12,IMF Country Report No. 25/250,It is recommended that the next Article IV consultation be held on the standard 12-month cycle.,staff appraisal,https://www.elibrary.imf.org/view/journals/002/2025/250/article-A001-en.xml,2026-10-05
Ireland,12,IMF Country Report No. 26/156,It is recommended that the next Article IV consultation take place on the standard 12-month cycle.,staff appraisal,https://www.elibrary.imf.org/view/journals/002/2026/156/article-A001-en.xml,2026-10-05
Italy,12,IMF Country Report No. 26/193,It is recommended that the next Article IV consultation takes place on the standard 12-month cycle.,staff appraisal,https://www.elibrary.imf.org/view/journals/002/2026/193/article-A001-en.xml,2026-10-05
Latvia,12,IMF Country Report No. 25/272,It is recommended that the next Article IV consultation take place on the regular 12-month cycle.,staff appraisal,https://www.elibrary.imf.org/view/journals/002/2025/272/article-A001-en.xml,2026-10-05
Lithuania,12,IMF Country Report No. 26/221,The next Article IV consultation with Lithuania is expected to be conducted on the standard 12-month cycle.,staff appraisal,https://www.elibrary.imf.org/view/journals/002/2026/221/article-A001-en.xml,2026-10-05
Luxembourg,12,IMF Country Report No. 26/159,It is proposed that the next Article IV consultation with Luxembourg takes place on the standard 12-month cycle.,staff appraisal,https://www.elibrary.imf.org/view/journals/002/2026/159/article-A001-en.xml,2026-10-05
Malta,24,IMF Country Report No. 26/29,It is recommended that the next Article IV consultation be held on the 24-month cycle.,staff appraisal,https://www.elibrary.imf.org/view/journals/002/2026/029/article-A001-en.xml,2026-10-05
Netherlands,12,IMF Country Report No. 26/197,It is recommended that the next Article IV consultation takes place on the standard 12-month cycle.,staff appraisal,https://www.elibrary.imf.org/view/journals/002/2026/197/article-A001-en.xml,2026-10-05
Poland,12,IMF Country Report No. 26/25,It is recommended that the next Article IV consultation be completed on the standard 12-month cycle.,staff appraisal,https://www.elibrary.imf.org/view/journals/002/2026/025/article-A001-en.xml,2026-10-05
Portugal,12,IMF Country Report No. 26/147,Portugal is on the standard 12-month consultation cycle.,informational annex,https://www.elibrary.imf.org/view/journals/002/2026/147/article-A002-en.xml,2026-10-05
Romania,12,IMF Country Report No. 25/294,It is recommended that the next Article IV consultation take place on the standard 12–month cycle.,staff appraisal,https://www.elibrary.imf.org/view/journals/002/2025/294/article-A001-en.xml,2026-10-05
Slovak Republic,12,IMF Country Report No. 26/65,It is recommended that the next Article IV consultation take place on the standard 12-month consultation cycle.,staff appraisal,https://www.elibrary.imf.org/view/journals/002/2026/065/article-A001-en.xml,2026-10-05
Slovenia,12,IMF Country Report No. 26/15,It is recommended that the next Article IV consultation with Slovenia be held on the standard 12-month cycle.,staff appraisal,https://www.elibrary.imf.org/view/journals/002/2026/015/article-A001-en.xml,2026-10-05
Spain,12,IMF Country Report No. 26/102,It is recommended that the next Article IV consultation take place on the standard 12-month cycle.,staff appraisal,https://www.elibrary.imf.org/view/journals/002/2026/102/article-A001-en.xml,2026-10-05
Sweden,12,IMF Country Report No. 26/182,Staff recommends that the next Article IV consultation take place on the standard 12-month cycle.,staff appraisal,https://www.elibrary.imf.org/view/journals/002/2026/182/article-A001-en.xml,2026-10-05
Luxembourg (2000),24,IMF Staff Country Report No. 00/65 (doi:10.5089/9781451824254.002),45. The next Article IV consultation with Luxembourg is expected to be held on the 24-month cycle.,staff appraisal,https://www.elibrary.imf.org/view/journals/002/2000/065/article-A001-en.xml,2026-10-05
Luxembourg (2002),24,IMF Country Report No. 02/118 (doi:10.5089/9781451824339.002),34. It is proposed that the next Article IV consultation with Luxembourg be held within 24 months. (Appendix I: The last Article IV consultation was concluded at EBM/00/49 (5/8/00).),staff appraisal; Fund relations,https://www.elibrary.imf.org/view/journals/002/2002/118/article-A001-en.xml,2026-10-05
