dataset,geo,item,year,value,flag,unit,eurostat_updated,retrieved,query_url
env_air_gge,AT,TOTX4_MEMO,2005,93.08896,,Mt CO2e,2026-06-02T23:00:00+0200,2026-10-05,https://ec.europa.eu/eurostat/api/dissemination/statistics/1.0/data/env_air_gge?geo=AT&geo=BE&geo=BG&geo=CY&geo=CZ&geo=DE&geo=DK&geo=EE&geo=EL&geo=ES&geo=FI&geo=FR&geo=HR&geo=HU&geo=IE&geo=IT&geo=LT&geo=LU&geo=LV&geo=MT&geo=NL&geo=PL&geo=PT&geo=RO&geo=SE&geo=SI&geo=SK&geo=EU27_2020&unit=MIO_T&airpol=GHG&src_crf=TOTX4_MEMO&time=2005&time=2024
env_air_gge,AT,TOTX4_MEMO,2024,66.63783,,Mt CO2e,2026-06-02T23:00:00+0200,2026-10-05,https://ec.europa.eu/eurostat/api/dissemination/statistics/1.0/data/env_air_gge?geo=AT&geo=BE&geo=BG&geo=CY&geo=CZ&geo=DE&geo=DK&geo=EE&geo=EL&geo=ES&geo=FI&geo=FR&geo=HR&geo=HU&geo=IE&geo=IT&geo=LT&geo=LU&geo=LV&geo=MT&geo=NL&geo=PL&geo=PT&geo=RO&geo=SE&geo=SI&geo=SK&geo=EU27_2020&unit=MIO_T&airpol=GHG&src_crf=TOTX4_MEMO&time=2005&time=2024
env_air_gge,BE,TOTX4_MEMO,2005,144.68338,,Mt CO2e,2026-06-02T23:00:00+0200,2026-10-05,https://ec.europa.eu/eurostat/api/dissemination/statistics/1.0/data/env_air_gge?geo=AT&geo=BE&geo=BG&geo=CY&geo=CZ&geo=DE&geo=DK&geo=EE&geo=EL&geo=ES&geo=FI&geo=FR&geo=HR&geo=HU&geo=IE&geo=IT&geo=LT&geo=LU&geo=LV&geo=MT&geo=NL&geo=PL&geo=PT&geo=RO&geo=SE&geo=SI&geo=SK&geo=EU27_2020&unit=MIO_T&airpol=GHG&src_crf=TOTX4_MEMO&time=2005&time=2024
env_air_gge,BE,TOTX4_MEMO,2024,98.01241,,Mt CO2e,2026-06-02T23:00:00+0200,2026-10-05,https://ec.europa.eu/eurostat/api/dissemination/statistics/1.0/data/env_air_gge?geo=AT&geo=BE&geo=BG&geo=CY&geo=CZ&geo=DE&geo=DK&geo=EE&geo=EL&geo=ES&geo=FI&geo=FR&geo=HR&geo=HU&geo=IE&geo=IT&geo=LT&geo=LU&geo=LV&geo=MT&geo=NL&geo=PL&geo=PT&geo=RO&geo=SE&geo=SI&geo=SK&geo=EU27_2020&unit=MIO_T&airpol=GHG&src_crf=TOTX4_MEMO&time=2005&time=2024
env_air_gge,BG,TOTX4_MEMO,2005,62.6394,,Mt CO2e,2026-06-02T23:00:00+0200,2026-10-05,https://ec.europa.eu/eurostat/api/dissemination/statistics/1.0/data/env_air_gge?geo=AT&geo=BE&geo=BG&geo=CY&geo=CZ&geo=DE&geo=DK&geo=EE&geo=EL&geo=ES&geo=FI&geo=FR&geo=HR&geo=HU&geo=IE&geo=IT&geo=LT&geo=LU&geo=LV&geo=MT&geo=NL&geo=PL&geo=PT&geo=RO&geo=SE&geo=SI&geo=SK&geo=EU27_2020&unit=MIO_T&airpol=GHG&src_crf=TOTX4_MEMO&time=2005&time=2024
env_air_gge,BG,TOTX4_MEMO,2024,43.37631,,Mt CO2e,2026-06-02T23:00:00+0200,2026-10-05,https://ec.europa.eu/eurostat/api/dissemination/statistics/1.0/data/env_air_gge?geo=AT&geo=BE&geo=BG&geo=CY&geo=CZ&geo=DE&geo=DK&geo=EE&geo=EL&geo=ES&geo=FI&geo=FR&geo=HR&geo=HU&geo=IE&geo=IT&geo=LT&geo=LU&geo=LV&geo=MT&geo=NL&geo=PL&geo=PT&geo=RO&geo=SE&geo=SI&geo=SK&geo=EU27_2020&unit=MIO_T&airpol=GHG&src_crf=TOTX4_MEMO&time=2005&time=2024
env_air_gge,CY,TOTX4_MEMO,2005,9.23353,,Mt CO2e,2026-06-02T23:00:00+0200,2026-10-05,https://ec.europa.eu/eurostat/api/dissemination/statistics/1.0/data/env_air_gge?geo=AT&geo=BE&geo=BG&geo=CY&geo=CZ&geo=DE&geo=DK&geo=EE&geo=EL&geo=ES&geo=FI&geo=FR&geo=HR&geo=HU&geo=IE&geo=IT&geo=LT&geo=LU&geo=LV&geo=MT&geo=NL&geo=PL&geo=PT&geo=RO&geo=SE&geo=SI&geo=SK&geo=EU27_2020&unit=MIO_T&airpol=GHG&src_crf=TOTX4_MEMO&time=2005&time=2024
env_air_gge,CY,TOTX4_MEMO,2024,8.83464,,Mt CO2e,2026-06-02T23:00:00+0200,2026-10-05,https://ec.europa.eu/eurostat/api/dissemination/statistics/1.0/data/env_air_gge?geo=AT&geo=BE&geo=BG&geo=CY&geo=CZ&geo=DE&geo=DK&geo=EE&geo=EL&geo=ES&geo=FI&geo=FR&geo=HR&geo=HU&geo=IE&geo=IT&geo=LT&geo=LU&geo=LV&geo=MT&geo=NL&geo=PL&geo=PT&geo=RO&geo=SE&geo=SI&geo=SK&geo=EU27_2020&unit=MIO_T&airpol=GHG&src_crf=TOTX4_MEMO&time=2005&time=2024
env_air_gge,CZ,TOTX4_MEMO,2005,147.27462,,Mt CO2e,2026-06-02T23:00:00+0200,2026-10-05,https://ec.europa.eu/eurostat/api/dissemination/statistics/1.0/data/env_air_gge?geo=AT&geo=BE&geo=BG&geo=CY&geo=CZ&geo=DE&geo=DK&geo=EE&geo=EL&geo=ES&geo=FI&geo=FR&geo=HR&geo=HU&geo=IE&geo=IT&geo=LT&geo=LU&geo=LV&geo=MT&geo=NL&geo=PL&geo=PT&geo=RO&geo=SE&geo=SI&geo=SK&geo=EU27_2020&unit=MIO_T&airpol=GHG&src_crf=TOTX4_MEMO&time=2005&time=2024
env_air_gge,CZ,TOTX4_MEMO,2024,96.59716,,Mt CO2e,2026-06-02T23:00:00+0200,2026-10-05,https://ec.europa.eu/eurostat/api/dissemination/statistics/1.0/data/env_air_gge?geo=AT&geo=BE&geo=BG&geo=CY&geo=CZ&geo=DE&geo=DK&geo=EE&geo=EL&geo=ES&geo=FI&geo=FR&geo=HR&geo=HU&geo=IE&geo=IT&geo=LT&geo=LU&geo=LV&geo=MT&geo=NL&geo=PL&geo=PT&geo=RO&geo=SE&geo=SI&geo=SK&geo=EU27_2020&unit=MIO_T&airpol=GHG&src_crf=TOTX4_MEMO&time=2005&time=2024
env_air_gge,DE,TOTX4_MEMO,2005,988.94749,,Mt CO2e,2026-06-02T23:00:00+0200,2026-10-05,https://ec.europa.eu/eurostat/api/dissemination/statistics/1.0/data/env_air_gge?geo=AT&geo=BE&geo=BG&geo=CY&geo=CZ&geo=DE&geo=DK&geo=EE&geo=EL&geo=ES&geo=FI&geo=FR&geo=HR&geo=HU&geo=IE&geo=IT&geo=LT&geo=LU&geo=LV&geo=MT&geo=NL&geo=PL&geo=PT&geo=RO&geo=SE&geo=SI&geo=SK&geo=EU27_2020&unit=MIO_T&airpol=GHG&src_crf=TOTX4_MEMO&time=2005&time=2024
env_air_gge,DE,TOTX4_MEMO,2024,649.76952,,Mt CO2e,2026-06-02T23:00:00+0200,2026-10-05,https://ec.europa.eu/eurostat/api/dissemination/statistics/1.0/data/env_air_gge?geo=AT&geo=BE&geo=BG&geo=CY&geo=CZ&geo=DE&geo=DK&geo=EE&geo=EL&geo=ES&geo=FI&geo=FR&geo=HR&geo=HU&geo=IE&geo=IT&geo=LT&geo=LU&geo=LV&geo=MT&geo=NL&geo=PL&geo=PT&geo=RO&geo=SE&geo=SI&geo=SK&geo=EU27_2020&unit=MIO_T&airpol=GHG&src_crf=TOTX4_MEMO&time=2005&time=2024
env_air_gge,DK,TOTX4_MEMO,2005,68.40738,,Mt CO2e,2026-06-02T23:00:00+0200,2026-10-05,https://ec.europa.eu/eurostat/api/dissemination/statistics/1.0/data/env_air_gge?geo=AT&geo=BE&geo=BG&geo=CY&geo=CZ&geo=DE&geo=DK&geo=EE&geo=EL&geo=ES&geo=FI&geo=FR&geo=HR&geo=HU&geo=IE&geo=IT&geo=LT&geo=LU&geo=LV&geo=MT&geo=NL&geo=PL&geo=PT&geo=RO&geo=SE&geo=SI&geo=SK&geo=EU27_2020&unit=MIO_T&airpol=GHG&src_crf=TOTX4_MEMO&time=2005&time=2024
env_air_gge,DK,TOTX4_MEMO,2024,36.75154,,Mt CO2e,2026-06-02T23:00:00+0200,2026-10-05,https://ec.europa.eu/eurostat/api/dissemination/statistics/1.0/data/env_air_gge?geo=AT&geo=BE&geo=BG&geo=CY&geo=CZ&geo=DE&geo=DK&geo=EE&geo=EL&geo=ES&geo=FI&geo=FR&geo=HR&geo=HU&geo=IE&geo=IT&geo=LT&geo=LU&geo=LV&geo=MT&geo=NL&geo=PL&geo=PT&geo=RO&geo=SE&geo=SI&geo=SK&geo=EU27_2020&unit=MIO_T&airpol=GHG&src_crf=TOTX4_MEMO&time=2005&time=2024
env_air_gge,EE,TOTX4_MEMO,2005,19.19429,,Mt CO2e,2026-06-02T23:00:00+0200,2026-10-05,https://ec.europa.eu/eurostat/api/dissemination/statistics/1.0/data/env_air_gge?geo=AT&geo=BE&geo=BG&geo=CY&geo=CZ&geo=DE&geo=DK&geo=EE&geo=EL&geo=ES&geo=FI&geo=FR&geo=HR&geo=HU&geo=IE&geo=IT&geo=LT&geo=LU&geo=LV&geo=MT&geo=NL&geo=PL&geo=PT&geo=RO&geo=SE&geo=SI&geo=SK&geo=EU27_2020&unit=MIO_T&airpol=GHG&src_crf=TOTX4_MEMO&time=2005&time=2024
env_air_gge,EE,TOTX4_MEMO,2024,10.24062,,Mt CO2e,2026-06-02T23:00:00+0200,2026-10-05,https://ec.europa.eu/eurostat/api/dissemination/statistics/1.0/data/env_air_gge?geo=AT&geo=BE&geo=BG&geo=CY&geo=CZ&geo=DE&geo=DK&geo=EE&geo=EL&geo=ES&geo=FI&geo=FR&geo=HR&geo=HU&geo=IE&geo=IT&geo=LT&geo=LU&geo=LV&geo=MT&geo=NL&geo=PL&geo=PT&geo=RO&geo=SE&geo=SI&geo=SK&geo=EU27_2020&unit=MIO_T&airpol=GHG&src_crf=TOTX4_MEMO&time=2005&time=2024
env_air_gge,EL,TOTX4_MEMO,2005,136.74741,,Mt CO2e,2026-06-02T23:00:00+0200,2026-10-05,https://ec.europa.eu/eurostat/api/dissemination/statistics/1.0/data/env_air_gge?geo=AT&geo=BE&geo=BG&geo=CY&geo=CZ&geo=DE&geo=DK&geo=EE&geo=EL&geo=ES&geo=FI&geo=FR&geo=HR&geo=HU&geo=IE&geo=IT&geo=LT&geo=LU&geo=LV&geo=MT&geo=NL&geo=PL&geo=PT&geo=RO&geo=SE&geo=SI&geo=SK&geo=EU27_2020&unit=MIO_T&airpol=GHG&src_crf=TOTX4_MEMO&time=2005&time=2024
env_air_gge,EL,TOTX4_MEMO,2024,73.28153,,Mt CO2e,2026-06-02T23:00:00+0200,2026-10-05,https://ec.europa.eu/eurostat/api/dissemination/statistics/1.0/data/env_air_gge?geo=AT&geo=BE&geo=BG&geo=CY&geo=CZ&geo=DE&geo=DK&geo=EE&geo=EL&geo=ES&geo=FI&geo=FR&geo=HR&geo=HU&geo=IE&geo=IT&geo=LT&geo=LU&geo=LV&geo=MT&geo=NL&geo=PL&geo=PT&geo=RO&geo=SE&geo=SI&geo=SK&geo=EU27_2020&unit=MIO_T&airpol=GHG&src_crf=TOTX4_MEMO&time=2005&time=2024
env_air_gge,ES,TOTX4_MEMO,2005,439.88328,,Mt CO2e,2026-06-02T23:00:00+0200,2026-10-05,https://ec.europa.eu/eurostat/api/dissemination/statistics/1.0/data/env_air_gge?geo=AT&geo=BE&geo=BG&geo=CY&geo=CZ&geo=DE&geo=DK&geo=EE&geo=EL&geo=ES&geo=FI&geo=FR&geo=HR&geo=HU&geo=IE&geo=IT&geo=LT&geo=LU&geo=LV&geo=MT&geo=NL&geo=PL&geo=PT&geo=RO&geo=SE&geo=SI&geo=SK&geo=EU27_2020&unit=MIO_T&airpol=GHG&src_crf=TOTX4_MEMO&time=2005&time=2024
env_air_gge,ES,TOTX4_MEMO,2024,267.70736,,Mt CO2e,2026-06-02T23:00:00+0200,2026-10-05,https://ec.europa.eu/eurostat/api/dissemination/statistics/1.0/data/env_air_gge?geo=AT&geo=BE&geo=BG&geo=CY&geo=CZ&geo=DE&geo=DK&geo=EE&geo=EL&geo=ES&geo=FI&geo=FR&geo=HR&geo=HU&geo=IE&geo=IT&geo=LT&geo=LU&geo=LV&geo=MT&geo=NL&geo=PL&geo=PT&geo=RO&geo=SE&geo=SI&geo=SK&geo=EU27_2020&unit=MIO_T&airpol=GHG&src_crf=TOTX4_MEMO&time=2005&time=2024
env_air_gge,EU27_2020,TOTX4_MEMO,2005,4537.09178,,Mt CO2e,2026-06-02T23:00:00+0200,2026-10-05,https://ec.europa.eu/eurostat/api/dissemination/statistics/1.0/data/env_air_gge?geo=AT&geo=BE&geo=BG&geo=CY&geo=CZ&geo=DE&geo=DK&geo=EE&geo=EL&geo=ES&geo=FI&geo=FR&geo=HR&geo=HU&geo=IE&geo=IT&geo=LT&geo=LU&geo=LV&geo=MT&geo=NL&geo=PL&geo=PT&geo=RO&geo=SE&geo=SI&geo=SK&geo=EU27_2020&unit=MIO_T&airpol=GHG&src_crf=TOTX4_MEMO&time=2005&time=2024
env_air_gge,EU27_2020,TOTX4_MEMO,2024,3017.18798,,Mt CO2e,2026-06-02T23:00:00+0200,2026-10-05,https://ec.europa.eu/eurostat/api/dissemination/statistics/1.0/data/env_air_gge?geo=AT&geo=BE&geo=BG&geo=CY&geo=CZ&geo=DE&geo=DK&geo=EE&geo=EL&geo=ES&geo=FI&geo=FR&geo=HR&geo=HU&geo=IE&geo=IT&geo=LT&geo=LU&geo=LV&geo=MT&geo=NL&geo=PL&geo=PT&geo=RO&geo=SE&geo=SI&geo=SK&geo=EU27_2020&unit=MIO_T&airpol=GHG&src_crf=TOTX4_MEMO&time=2005&time=2024
env_air_gge,FI,TOTX4_MEMO,2005,69.93741,,Mt CO2e,2026-06-02T23:00:00+0200,2026-10-05,https://ec.europa.eu/eurostat/api/dissemination/statistics/1.0/data/env_air_gge?geo=AT&geo=BE&geo=BG&geo=CY&geo=CZ&geo=DE&geo=DK&geo=EE&geo=EL&geo=ES&geo=FI&geo=FR&geo=HR&geo=HU&geo=IE&geo=IT&geo=LT&geo=LU&geo=LV&geo=MT&geo=NL&geo=PL&geo=PT&geo=RO&geo=SE&geo=SI&geo=SK&geo=EU27_2020&unit=MIO_T&airpol=GHG&src_crf=TOTX4_MEMO&time=2005&time=2024
env_air_gge,FI,TOTX4_MEMO,2024,39.28333,,Mt CO2e,2026-06-02T23:00:00+0200,2026-10-05,https://ec.europa.eu/eurostat/api/dissemination/statistics/1.0/data/env_air_gge?geo=AT&geo=BE&geo=BG&geo=CY&geo=CZ&geo=DE&geo=DK&geo=EE&geo=EL&geo=ES&geo=FI&geo=FR&geo=HR&geo=HU&geo=IE&geo=IT&geo=LT&geo=LU&geo=LV&geo=MT&geo=NL&geo=PL&geo=PT&geo=RO&geo=SE&geo=SI&geo=SK&geo=EU27_2020&unit=MIO_T&airpol=GHG&src_crf=TOTX4_MEMO&time=2005&time=2024
env_air_gge,FR,TOTX4_MEMO,2005,555.59988,,Mt CO2e,2026-06-02T23:00:00+0200,2026-10-05,https://ec.europa.eu/eurostat/api/dissemination/statistics/1.0/data/env_air_gge?geo=AT&geo=BE&geo=BG&geo=CY&geo=CZ&geo=DE&geo=DK&geo=EE&geo=EL&geo=ES&geo=FI&geo=FR&geo=HR&geo=HU&geo=IE&geo=IT&geo=LT&geo=LU&geo=LV&geo=MT&geo=NL&geo=PL&geo=PT&geo=RO&geo=SE&geo=SI&geo=SK&geo=EU27_2020&unit=MIO_T&airpol=GHG&src_crf=TOTX4_MEMO&time=2005&time=2024
env_air_gge,FR,TOTX4_MEMO,2024,367.01868,,Mt CO2e,2026-06-02T23:00:00+0200,2026-10-05,https://ec.europa.eu/eurostat/api/dissemination/statistics/1.0/data/env_air_gge?geo=AT&geo=BE&geo=BG&geo=CY&geo=CZ&geo=DE&geo=DK&geo=EE&geo=EL&geo=ES&geo=FI&geo=FR&geo=HR&geo=HU&geo=IE&geo=IT&geo=LT&geo=LU&geo=LV&geo=MT&geo=NL&geo=PL&geo=PT&geo=RO&geo=SE&geo=SI&geo=SK&geo=EU27_2020&unit=MIO_T&airpol=GHG&src_crf=TOTX4_MEMO&time=2005&time=2024
env_air_gge,HR,TOTX4_MEMO,2005,29.83925,,Mt CO2e,2026-06-02T23:00:00+0200,2026-10-05,https://ec.europa.eu/eurostat/api/dissemination/statistics/1.0/data/env_air_gge?geo=AT&geo=BE&geo=BG&geo=CY&geo=CZ&geo=DE&geo=DK&geo=EE&geo=EL&geo=ES&geo=FI&geo=FR&geo=HR&geo=HU&geo=IE&geo=IT&geo=LT&geo=LU&geo=LV&geo=MT&geo=NL&geo=PL&geo=PT&geo=RO&geo=SE&geo=SI&geo=SK&geo=EU27_2020&unit=MIO_T&airpol=GHG&src_crf=TOTX4_MEMO&time=2005&time=2024
env_air_gge,HR,TOTX4_MEMO,2024,25.27542,,Mt CO2e,2026-06-02T23:00:00+0200,2026-10-05,https://ec.europa.eu/eurostat/api/dissemination/statistics/1.0/data/env_air_gge?geo=AT&geo=BE&geo=BG&geo=CY&geo=CZ&geo=DE&geo=DK&geo=EE&geo=EL&geo=ES&geo=FI&geo=FR&geo=HR&geo=HU&geo=IE&geo=IT&geo=LT&geo=LU&geo=LV&geo=MT&geo=NL&geo=PL&geo=PT&geo=RO&geo=SE&geo=SI&geo=SK&geo=EU27_2020&unit=MIO_T&airpol=GHG&src_crf=TOTX4_MEMO&time=2005&time=2024
env_air_gge,HU,TOTX4_MEMO,2005,77.38438,,Mt CO2e,2026-06-02T23:00:00+0200,2026-10-05,https://ec.europa.eu/eurostat/api/dissemination/statistics/1.0/data/env_air_gge?geo=AT&geo=BE&geo=BG&geo=CY&geo=CZ&geo=DE&geo=DK&geo=EE&geo=EL&geo=ES&geo=FI&geo=FR&geo=HR&geo=HU&geo=IE&geo=IT&geo=LT&geo=LU&geo=LV&geo=MT&geo=NL&geo=PL&geo=PT&geo=RO&geo=SE&geo=SI&geo=SK&geo=EU27_2020&unit=MIO_T&airpol=GHG&src_crf=TOTX4_MEMO&time=2005&time=2024
env_air_gge,HU,TOTX4_MEMO,2024,53.65911,,Mt CO2e,2026-06-02T23:00:00+0200,2026-10-05,https://ec.europa.eu/eurostat/api/dissemination/statistics/1.0/data/env_air_gge?geo=AT&geo=BE&geo=BG&geo=CY&geo=CZ&geo=DE&geo=DK&geo=EE&geo=EL&geo=ES&geo=FI&geo=FR&geo=HR&geo=HU&geo=IE&geo=IT&geo=LT&geo=LU&geo=LV&geo=MT&geo=NL&geo=PL&geo=PT&geo=RO&geo=SE&geo=SI&geo=SK&geo=EU27_2020&unit=MIO_T&airpol=GHG&src_crf=TOTX4_MEMO&time=2005&time=2024
env_air_gge,IE,TOTX4_MEMO,2005,70.15147,,Mt CO2e,2026-06-02T23:00:00+0200,2026-10-05,https://ec.europa.eu/eurostat/api/dissemination/statistics/1.0/data/env_air_gge?geo=AT&geo=BE&geo=BG&geo=CY&geo=CZ&geo=DE&geo=DK&geo=EE&geo=EL&geo=ES&geo=FI&geo=FR&geo=HR&geo=HU&geo=IE&geo=IT&geo=LT&geo=LU&geo=LV&geo=MT&geo=NL&geo=PL&geo=PT&geo=RO&geo=SE&geo=SI&geo=SK&geo=EU27_2020&unit=MIO_T&airpol=GHG&src_crf=TOTX4_MEMO&time=2005&time=2024
env_air_gge,IE,TOTX4_MEMO,2024,53.93094,,Mt CO2e,2026-06-02T23:00:00+0200,2026-10-05,https://ec.europa.eu/eurostat/api/dissemination/statistics/1.0/data/env_air_gge?geo=AT&geo=BE&geo=BG&geo=CY&geo=CZ&geo=DE&geo=DK&geo=EE&geo=EL&geo=ES&geo=FI&geo=FR&geo=HR&geo=HU&geo=IE&geo=IT&geo=LT&geo=LU&geo=LV&geo=MT&geo=NL&geo=PL&geo=PT&geo=RO&geo=SE&geo=SI&geo=SK&geo=EU27_2020&unit=MIO_T&airpol=GHG&src_crf=TOTX4_MEMO&time=2005&time=2024
env_air_gge,IT,TOTX4_MEMO,2005,593.76899,,Mt CO2e,2026-06-02T23:00:00+0200,2026-10-05,https://ec.europa.eu/eurostat/api/dissemination/statistics/1.0/data/env_air_gge?geo=AT&geo=BE&geo=BG&geo=CY&geo=CZ&geo=DE&geo=DK&geo=EE&geo=EL&geo=ES&geo=FI&geo=FR&geo=HR&geo=HU&geo=IE&geo=IT&geo=LT&geo=LU&geo=LV&geo=MT&geo=NL&geo=PL&geo=PT&geo=RO&geo=SE&geo=SI&geo=SK&geo=EU27_2020&unit=MIO_T&airpol=GHG&src_crf=TOTX4_MEMO&time=2005&time=2024
env_air_gge,IT,TOTX4_MEMO,2024,363.4898,,Mt CO2e,2026-06-02T23:00:00+0200,2026-10-05,https://ec.europa.eu/eurostat/api/dissemination/statistics/1.0/data/env_air_gge?geo=AT&geo=BE&geo=BG&geo=CY&geo=CZ&geo=DE&geo=DK&geo=EE&geo=EL&geo=ES&geo=FI&geo=FR&geo=HR&geo=HU&geo=IE&geo=IT&geo=LT&geo=LU&geo=LV&geo=MT&geo=NL&geo=PL&geo=PT&geo=RO&geo=SE&geo=SI&geo=SK&geo=EU27_2020&unit=MIO_T&airpol=GHG&src_crf=TOTX4_MEMO&time=2005&time=2024
env_air_gge,LT,TOTX4_MEMO,2005,21.92601,,Mt CO2e,2026-06-02T23:00:00+0200,2026-10-05,https://ec.europa.eu/eurostat/api/dissemination/statistics/1.0/data/env_air_gge?geo=AT&geo=BE&geo=BG&geo=CY&geo=CZ&geo=DE&geo=DK&geo=EE&geo=EL&geo=ES&geo=FI&geo=FR&geo=HR&geo=HU&geo=IE&geo=IT&geo=LT&geo=LU&geo=LV&geo=MT&geo=NL&geo=PL&geo=PT&geo=RO&geo=SE&geo=SI&geo=SK&geo=EU27_2020&unit=MIO_T&airpol=GHG&src_crf=TOTX4_MEMO&time=2005&time=2024
env_air_gge,LT,TOTX4_MEMO,2024,18.30707,,Mt CO2e,2026-06-02T23:00:00+0200,2026-10-05,https://ec.europa.eu/eurostat/api/dissemination/statistics/1.0/data/env_air_gge?geo=AT&geo=BE&geo=BG&geo=CY&geo=CZ&geo=DE&geo=DK&geo=EE&geo=EL&geo=ES&geo=FI&geo=FR&geo=HR&geo=HU&geo=IE&geo=IT&geo=LT&geo=LU&geo=LV&geo=MT&geo=NL&geo=PL&geo=PT&geo=RO&geo=SE&geo=SI&geo=SK&geo=EU27_2020&unit=MIO_T&airpol=GHG&src_crf=TOTX4_MEMO&time=2005&time=2024
env_air_gge,LU,TOTX4_MEMO,2005,13.01134,,Mt CO2e,2026-06-02T23:00:00+0200,2026-10-05,https://ec.europa.eu/eurostat/api/dissemination/statistics/1.0/data/env_air_gge?geo=AT&geo=BE&geo=BG&geo=CY&geo=CZ&geo=DE&geo=DK&geo=EE&geo=EL&geo=ES&geo=FI&geo=FR&geo=HR&geo=HU&geo=IE&geo=IT&geo=LT&geo=LU&geo=LV&geo=MT&geo=NL&geo=PL&geo=PT&geo=RO&geo=SE&geo=SI&geo=SK&geo=EU27_2020&unit=MIO_T&airpol=GHG&src_crf=TOTX4_MEMO&time=2005&time=2024
env_air_gge,LU,TOTX4_MEMO,2024,7.49695,,Mt CO2e,2026-06-02T23:00:00+0200,2026-10-05,https://ec.europa.eu/eurostat/api/dissemination/statistics/1.0/data/env_air_gge?geo=AT&geo=BE&geo=BG&geo=CY&geo=CZ&geo=DE&geo=DK&geo=EE&geo=EL&geo=ES&geo=FI&geo=FR&geo=HR&geo=HU&geo=IE&geo=IT&geo=LT&geo=LU&geo=LV&geo=MT&geo=NL&geo=PL&geo=PT&geo=RO&geo=SE&geo=SI&geo=SK&geo=EU27_2020&unit=MIO_T&airpol=GHG&src_crf=TOTX4_MEMO&time=2005&time=2024
env_air_gge,LV,TOTX4_MEMO,2005,10.97753,,Mt CO2e,2026-06-02T23:00:00+0200,2026-10-05,https://ec.europa.eu/eurostat/api/dissemination/statistics/1.0/data/env_air_gge?geo=AT&geo=BE&geo=BG&geo=CY&geo=CZ&geo=DE&geo=DK&geo=EE&geo=EL&geo=ES&geo=FI&geo=FR&geo=HR&geo=HU&geo=IE&geo=IT&geo=LT&geo=LU&geo=LV&geo=MT&geo=NL&geo=PL&geo=PT&geo=RO&geo=SE&geo=SI&geo=SK&geo=EU27_2020&unit=MIO_T&airpol=GHG&src_crf=TOTX4_MEMO&time=2005&time=2024
env_air_gge,LV,TOTX4_MEMO,2024,9.62849,,Mt CO2e,2026-06-02T23:00:00+0200,2026-10-05,https://ec.europa.eu/eurostat/api/dissemination/statistics/1.0/data/env_air_gge?geo=AT&geo=BE&geo=BG&geo=CY&geo=CZ&geo=DE&geo=DK&geo=EE&geo=EL&geo=ES&geo=FI&geo=FR&geo=HR&geo=HU&geo=IE&geo=IT&geo=LT&geo=LU&geo=LV&geo=MT&geo=NL&geo=PL&geo=PT&geo=RO&geo=SE&geo=SI&geo=SK&geo=EU27_2020&unit=MIO_T&airpol=GHG&src_crf=TOTX4_MEMO&time=2005&time=2024
env_air_gge,MT,TOTX4_MEMO,2005,2.98742,,Mt CO2e,2026-06-02T23:00:00+0200,2026-10-05,https://ec.europa.eu/eurostat/api/dissemination/statistics/1.0/data/env_air_gge?geo=AT&geo=BE&geo=BG&geo=CY&geo=CZ&geo=DE&geo=DK&geo=EE&geo=EL&geo=ES&geo=FI&geo=FR&geo=HR&geo=HU&geo=IE&geo=IT&geo=LT&geo=LU&geo=LV&geo=MT&geo=NL&geo=PL&geo=PT&geo=RO&geo=SE&geo=SI&geo=SK&geo=EU27_2020&unit=MIO_T&airpol=GHG&src_crf=TOTX4_MEMO&time=2005&time=2024
env_air_gge,MT,TOTX4_MEMO,2024,2.17021,,Mt CO2e,2026-06-02T23:00:00+0200,2026-10-05,https://ec.europa.eu/eurostat/api/dissemination/statistics/1.0/data/env_air_gge?geo=AT&geo=BE&geo=BG&geo=CY&geo=CZ&geo=DE&geo=DK&geo=EE&geo=EL&geo=ES&geo=FI&geo=FR&geo=HR&geo=HU&geo=IE&geo=IT&geo=LT&geo=LU&geo=LV&geo=MT&geo=NL&geo=PL&geo=PT&geo=RO&geo=SE&geo=SI&geo=SK&geo=EU27_2020&unit=MIO_T&airpol=GHG&src_crf=TOTX4_MEMO&time=2005&time=2024
env_air_gge,NL,TOTX4_MEMO,2005,215.13253,,Mt CO2e,2026-06-02T23:00:00+0200,2026-10-05,https://ec.europa.eu/eurostat/api/dissemination/statistics/1.0/data/env_air_gge?geo=AT&geo=BE&geo=BG&geo=CY&geo=CZ&geo=DE&geo=DK&geo=EE&geo=EL&geo=ES&geo=FI&geo=FR&geo=HR&geo=HU&geo=IE&geo=IT&geo=LT&geo=LU&geo=LV&geo=MT&geo=NL&geo=PL&geo=PT&geo=RO&geo=SE&geo=SI&geo=SK&geo=EU27_2020&unit=MIO_T&airpol=GHG&src_crf=TOTX4_MEMO&time=2005&time=2024
env_air_gge,NL,TOTX4_MEMO,2024,140.69498,,Mt CO2e,2026-06-02T23:00:00+0200,2026-10-05,https://ec.europa.eu/eurostat/api/dissemination/statistics/1.0/data/env_air_gge?geo=AT&geo=BE&geo=BG&geo=CY&geo=CZ&geo=DE&geo=DK&geo=EE&geo=EL&geo=ES&geo=FI&geo=FR&geo=HR&geo=HU&geo=IE&geo=IT&geo=LT&geo=LU&geo=LV&geo=MT&geo=NL&geo=PL&geo=PT&geo=RO&geo=SE&geo=SI&geo=SK&geo=EU27_2020&unit=MIO_T&airpol=GHG&src_crf=TOTX4_MEMO&time=2005&time=2024
env_air_gge,PL,TOTX4_MEMO,2005,399.41857,,Mt CO2e,2026-06-02T23:00:00+0200,2026-10-05,https://ec.europa.eu/eurostat/api/dissemination/statistics/1.0/data/env_air_gge?geo=AT&geo=BE&geo=BG&geo=CY&geo=CZ&geo=DE&geo=DK&geo=EE&geo=EL&geo=ES&geo=FI&geo=FR&geo=HR&geo=HU&geo=IE&geo=IT&geo=LT&geo=LU&geo=LV&geo=MT&geo=NL&geo=PL&geo=PT&geo=RO&geo=SE&geo=SI&geo=SK&geo=EU27_2020&unit=MIO_T&airpol=GHG&src_crf=TOTX4_MEMO&time=2005&time=2024
env_air_gge,PL,TOTX4_MEMO,2024,341.03371,,Mt CO2e,2026-06-02T23:00:00+0200,2026-10-05,https://ec.europa.eu/eurostat/api/dissemination/statistics/1.0/data/env_air_gge?geo=AT&geo=BE&geo=BG&geo=CY&geo=CZ&geo=DE&geo=DK&geo=EE&geo=EL&geo=ES&geo=FI&geo=FR&geo=HR&geo=HU&geo=IE&geo=IT&geo=LT&geo=LU&geo=LV&geo=MT&geo=NL&geo=PL&geo=PT&geo=RO&geo=SE&geo=SI&geo=SK&geo=EU27_2020&unit=MIO_T&airpol=GHG&src_crf=TOTX4_MEMO&time=2005&time=2024
env_air_gge,PT,TOTX4_MEMO,2005,85.98965,,Mt CO2e,2026-06-02T23:00:00+0200,2026-10-05,https://ec.europa.eu/eurostat/api/dissemination/statistics/1.0/data/env_air_gge?geo=AT&geo=BE&geo=BG&geo=CY&geo=CZ&geo=DE&geo=DK&geo=EE&geo=EL&geo=ES&geo=FI&geo=FR&geo=HR&geo=HU&geo=IE&geo=IT&geo=LT&geo=LU&geo=LV&geo=MT&geo=NL&geo=PL&geo=PT&geo=RO&geo=SE&geo=SI&geo=SK&geo=EU27_2020&unit=MIO_T&airpol=GHG&src_crf=TOTX4_MEMO&time=2005&time=2024
env_air_gge,PT,TOTX4_MEMO,2024,51.50709,,Mt CO2e,2026-06-02T23:00:00+0200,2026-10-05,https://ec.europa.eu/eurostat/api/dissemination/statistics/1.0/data/env_air_gge?geo=AT&geo=BE&geo=BG&geo=CY&geo=CZ&geo=DE&geo=DK&geo=EE&geo=EL&geo=ES&geo=FI&geo=FR&geo=HR&geo=HU&geo=IE&geo=IT&geo=LT&geo=LU&geo=LV&geo=MT&geo=NL&geo=PL&geo=PT&geo=RO&geo=SE&geo=SI&geo=SK&geo=EU27_2020&unit=MIO_T&airpol=GHG&src_crf=TOTX4_MEMO&time=2005&time=2024
env_air_gge,RO,TOTX4_MEMO,2005,141.90564,,Mt CO2e,2026-06-02T23:00:00+0200,2026-10-05,https://ec.europa.eu/eurostat/api/dissemination/statistics/1.0/data/env_air_gge?geo=AT&geo=BE&geo=BG&geo=CY&geo=CZ&geo=DE&geo=DK&geo=EE&geo=EL&geo=ES&geo=FI&geo=FR&geo=HR&geo=HU&geo=IE&geo=IT&geo=LT&geo=LU&geo=LV&geo=MT&geo=NL&geo=PL&geo=PT&geo=RO&geo=SE&geo=SI&geo=SK&geo=EU27_2020&unit=MIO_T&airpol=GHG&src_crf=TOTX4_MEMO&time=2005&time=2024
env_air_gge,RO,TOTX4_MEMO,2024,95.58778,,Mt CO2e,2026-06-02T23:00:00+0200,2026-10-05,https://ec.europa.eu/eurostat/api/dissemination/statistics/1.0/data/env_air_gge?geo=AT&geo=BE&geo=BG&geo=CY&geo=CZ&geo=DE&geo=DK&geo=EE&geo=EL&geo=ES&geo=FI&geo=FR&geo=HR&geo=HU&geo=IE&geo=IT&geo=LT&geo=LU&geo=LV&geo=MT&geo=NL&geo=PL&geo=PT&geo=RO&geo=SE&geo=SI&geo=SK&geo=EU27_2020&unit=MIO_T&airpol=GHG&src_crf=TOTX4_MEMO&time=2005&time=2024
env_air_gge,SE,TOTX4_MEMO,2005,66.25203,,Mt CO2e,2026-06-02T23:00:00+0200,2026-10-05,https://ec.europa.eu/eurostat/api/dissemination/statistics/1.0/data/env_air_gge?geo=AT&geo=BE&geo=BG&geo=CY&geo=CZ&geo=DE&geo=DK&geo=EE&geo=EL&geo=ES&geo=FI&geo=FR&geo=HR&geo=HU&geo=IE&geo=IT&geo=LT&geo=LU&geo=LV&geo=MT&geo=NL&geo=PL&geo=PT&geo=RO&geo=SE&geo=SI&geo=SK&geo=EU27_2020&unit=MIO_T&airpol=GHG&src_crf=TOTX4_MEMO&time=2005&time=2024
env_air_gge,SE,TOTX4_MEMO,2024,47.49366,,Mt CO2e,2026-06-02T23:00:00+0200,2026-10-05,https://ec.europa.eu/eurostat/api/dissemination/statistics/1.0/data/env_air_gge?geo=AT&geo=BE&geo=BG&geo=CY&geo=CZ&geo=DE&geo=DK&geo=EE&geo=EL&geo=ES&geo=FI&geo=FR&geo=HR&geo=HU&geo=IE&geo=IT&geo=LT&geo=LU&geo=LV&geo=MT&geo=NL&geo=PL&geo=PT&geo=RO&geo=SE&geo=SI&geo=SK&geo=EU27_2020&unit=MIO_T&airpol=GHG&src_crf=TOTX4_MEMO&time=2005&time=2024
env_air_gge,SI,TOTX4_MEMO,2005,20.64512,,Mt CO2e,2026-06-02T23:00:00+0200,2026-10-05,https://ec.europa.eu/eurostat/api/dissemination/statistics/1.0/data/env_air_gge?geo=AT&geo=BE&geo=BG&geo=CY&geo=CZ&geo=DE&geo=DK&geo=EE&geo=EL&geo=ES&geo=FI&geo=FR&geo=HR&geo=HU&geo=IE&geo=IT&geo=LT&geo=LU&geo=LV&geo=MT&geo=NL&geo=PL&geo=PT&geo=RO&geo=SE&geo=SI&geo=SK&geo=EU27_2020&unit=MIO_T&airpol=GHG&src_crf=TOTX4_MEMO&time=2005&time=2024
env_air_gge,SI,TOTX4_MEMO,2024,15.48381,,Mt CO2e,2026-06-02T23:00:00+0200,2026-10-05,https://ec.europa.eu/eurostat/api/dissemination/statistics/1.0/data/env_air_gge?geo=AT&geo=BE&geo=BG&geo=CY&geo=CZ&geo=DE&geo=DK&geo=EE&geo=EL&geo=ES&geo=FI&geo=FR&geo=HR&geo=HU&geo=IE&geo=IT&geo=LT&geo=LU&geo=LV&geo=MT&geo=NL&geo=PL&geo=PT&geo=RO&geo=SE&geo=SI&geo=SK&geo=EU27_2020&unit=MIO_T&airpol=GHG&src_crf=TOTX4_MEMO&time=2005&time=2024
env_air_gge,SK,TOTX4_MEMO,2005,52.06481,,Mt CO2e,2026-06-02T23:00:00+0200,2026-10-05,https://ec.europa.eu/eurostat/api/dissemination/statistics/1.0/data/env_air_gge?geo=AT&geo=BE&geo=BG&geo=CY&geo=CZ&geo=DE&geo=DK&geo=EE&geo=EL&geo=ES&geo=FI&geo=FR&geo=HR&geo=HU&geo=IE&geo=IT&geo=LT&geo=LU&geo=LV&geo=MT&geo=NL&geo=PL&geo=PT&geo=RO&geo=SE&geo=SI&geo=SK&geo=EU27_2020&unit=MIO_T&airpol=GHG&src_crf=TOTX4_MEMO&time=2005&time=2024
env_air_gge,SK,TOTX4_MEMO,2024,33.91803,,Mt CO2e,2026-06-02T23:00:00+0200,2026-10-05,https://ec.europa.eu/eurostat/api/dissemination/statistics/1.0/data/env_air_gge?geo=AT&geo=BE&geo=BG&geo=CY&geo=CZ&geo=DE&geo=DK&geo=EE&geo=EL&geo=ES&geo=FI&geo=FR&geo=HR&geo=HU&geo=IE&geo=IT&geo=LT&geo=LU&geo=LV&geo=MT&geo=NL&geo=PL&geo=PT&geo=RO&geo=SE&geo=SI&geo=SK&geo=EU27_2020&unit=MIO_T&airpol=GHG&src_crf=TOTX4_MEMO&time=2005&time=2024
nama_10_pe,AT,POP_NC,2005,8225.27,,thousand persons,2026-10-02T23:00:00+0200,2026-10-05,https://ec.europa.eu/eurostat/api/dissemination/statistics/1.0/data/nama_10_pe?geo=AT&geo=BE&geo=BG&geo=CY&geo=CZ&geo=DE&geo=DK&geo=EE&geo=EL&geo=ES&geo=FI&geo=FR&geo=HR&geo=HU&geo=IE&geo=IT&geo=LT&geo=LU&geo=LV&geo=MT&geo=NL&geo=PL&geo=PT&geo=RO&geo=SE&geo=SI&geo=SK&geo=EU27_2020&unit=THS_PER&na_item=POP_NC&time=2005&time=2024
nama_10_pe,AT,POP_NC,2024,9177.92,,thousand persons,2026-10-02T23:00:00+0200,2026-10-05,https://ec.europa.eu/eurostat/api/dissemination/statistics/1.0/data/nama_10_pe?geo=AT&geo=BE&geo=BG&geo=CY&geo=CZ&geo=DE&geo=DK&geo=EE&geo=EL&geo=ES&geo=FI&geo=FR&geo=HR&geo=HU&geo=IE&geo=IT&geo=LT&geo=LU&geo=LV&geo=MT&geo=NL&geo=PL&geo=PT&geo=RO&geo=SE&geo=SI&geo=SK&geo=EU27_2020&unit=THS_PER&na_item=POP_NC&time=2005&time=2024
nama_10_pe,BE,POP_NC,2005,10478.6,,thousand persons,2026-10-02T23:00:00+0200,2026-10-05,https://ec.europa.eu/eurostat/api/dissemination/statistics/1.0/data/nama_10_pe?geo=AT&geo=BE&geo=BG&geo=CY&geo=CZ&geo=DE&geo=DK&geo=EE&geo=EL&geo=ES&geo=FI&geo=FR&geo=HR&geo=HU&geo=IE&geo=IT&geo=LT&geo=LU&geo=LV&geo=MT&geo=NL&geo=PL&geo=PT&geo=RO&geo=SE&geo=SI&geo=SK&geo=EU27_2020&unit=THS_PER&na_item=POP_NC&time=2005&time=2024
nama_10_pe,BE,POP_NC,2024,11850.3,p,thousand persons,2026-10-02T23:00:00+0200,2026-10-05,https://ec.europa.eu/eurostat/api/dissemination/statistics/1.0/data/nama_10_pe?geo=AT&geo=BE&geo=BG&geo=CY&geo=CZ&geo=DE&geo=DK&geo=EE&geo=EL&geo=ES&geo=FI&geo=FR&geo=HR&geo=HU&geo=IE&geo=IT&geo=LT&geo=LU&geo=LV&geo=MT&geo=NL&geo=PL&geo=PT&geo=RO&geo=SE&geo=SI&geo=SK&geo=EU27_2020&unit=THS_PER&na_item=POP_NC&time=2005&time=2024
nama_10_pe,BG,POP_NC,2005,7739.9,,thousand persons,2026-10-02T23:00:00+0200,2026-10-05,https://ec.europa.eu/eurostat/api/dissemination/statistics/1.0/data/nama_10_pe?geo=AT&geo=BE&geo=BG&geo=CY&geo=CZ&geo=DE&geo=DK&geo=EE&geo=EL&geo=ES&geo=FI&geo=FR&geo=HR&geo=HU&geo=IE&geo=IT&geo=LT&geo=LU&geo=LV&geo=MT&geo=NL&geo=PL&geo=PT&geo=RO&geo=SE&geo=SI&geo=SK&geo=EU27_2020&unit=THS_PER&na_item=POP_NC&time=2005&time=2024
nama_10_pe,BG,POP_NC,2024,6441.42,,thousand persons,2026-10-02T23:00:00+0200,2026-10-05,https://ec.europa.eu/eurostat/api/dissemination/statistics/1.0/data/nama_10_pe?geo=AT&geo=BE&geo=BG&geo=CY&geo=CZ&geo=DE&geo=DK&geo=EE&geo=EL&geo=ES&geo=FI&geo=FR&geo=HR&geo=HU&geo=IE&geo=IT&geo=LT&geo=LU&geo=LV&geo=MT&geo=NL&geo=PL&geo=PT&geo=RO&geo=SE&geo=SI&geo=SK&geo=EU27_2020&unit=THS_PER&na_item=POP_NC&time=2005&time=2024
nama_10_pe,CY,POP_NC,2005,738.54,,thousand persons,2026-10-02T23:00:00+0200,2026-10-05,https://ec.europa.eu/eurostat/api/dissemination/statistics/1.0/data/nama_10_pe?geo=AT&geo=BE&geo=BG&geo=CY&geo=CZ&geo=DE&geo=DK&geo=EE&geo=EL&geo=ES&geo=FI&geo=FR&geo=HR&geo=HU&geo=IE&geo=IT&geo=LT&geo=LU&geo=LV&geo=MT&geo=NL&geo=PL&geo=PT&geo=RO&geo=SE&geo=SI&geo=SK&geo=EU27_2020&unit=THS_PER&na_item=POP_NC&time=2005&time=2024
nama_10_pe,CY,POP_NC,2024,974.67,p,thousand persons,2026-10-02T23:00:00+0200,2026-10-05,https://ec.europa.eu/eurostat/api/dissemination/statistics/1.0/data/nama_10_pe?geo=AT&geo=BE&geo=BG&geo=CY&geo=CZ&geo=DE&geo=DK&geo=EE&geo=EL&geo=ES&geo=FI&geo=FR&geo=HR&geo=HU&geo=IE&geo=IT&geo=LT&geo=LU&geo=LV&geo=MT&geo=NL&geo=PL&geo=PT&geo=RO&geo=SE&geo=SI&geo=SK&geo=EU27_2020&unit=THS_PER&na_item=POP_NC&time=2005&time=2024
nama_10_pe,CZ,POP_NC,2005,10234.09,,thousand persons,2026-10-02T23:00:00+0200,2026-10-05,https://ec.europa.eu/eurostat/api/dissemination/statistics/1.0/data/nama_10_pe?geo=AT&geo=BE&geo=BG&geo=CY&geo=CZ&geo=DE&geo=DK&geo=EE&geo=EL&geo=ES&geo=FI&geo=FR&geo=HR&geo=HU&geo=IE&geo=IT&geo=LT&geo=LU&geo=LV&geo=MT&geo=NL&geo=PL&geo=PT&geo=RO&geo=SE&geo=SI&geo=SK&geo=EU27_2020&unit=THS_PER&na_item=POP_NC&time=2005&time=2024
nama_10_pe,CZ,POP_NC,2024,10886.53,,thousand persons,2026-10-02T23:00:00+0200,2026-10-05,https://ec.europa.eu/eurostat/api/dissemination/statistics/1.0/data/nama_10_pe?geo=AT&geo=BE&geo=BG&geo=CY&geo=CZ&geo=DE&geo=DK&geo=EE&geo=EL&geo=ES&geo=FI&geo=FR&geo=HR&geo=HU&geo=IE&geo=IT&geo=LT&geo=LU&geo=LV&geo=MT&geo=NL&geo=PL&geo=PT&geo=RO&geo=SE&geo=SI&geo=SK&geo=EU27_2020&unit=THS_PER&na_item=POP_NC&time=2005&time=2024
nama_10_pe,DE,POP_NC,2005,81337.0,,thousand persons,2026-10-02T23:00:00+0200,2026-10-05,https://ec.europa.eu/eurostat/api/dissemination/statistics/1.0/data/nama_10_pe?geo=AT&geo=BE&geo=BG&geo=CY&geo=CZ&geo=DE&geo=DK&geo=EE&geo=EL&geo=ES&geo=FI&geo=FR&geo=HR&geo=HU&geo=IE&geo=IT&geo=LT&geo=LU&geo=LV&geo=MT&geo=NL&geo=PL&geo=PT&geo=RO&geo=SE&geo=SI&geo=SK&geo=EU27_2020&unit=THS_PER&na_item=POP_NC&time=2005&time=2024
nama_10_pe,DE,POP_NC,2024,83517.0,p,thousand persons,2026-10-02T23:00:00+0200,2026-10-05,https://ec.europa.eu/eurostat/api/dissemination/statistics/1.0/data/nama_10_pe?geo=AT&geo=BE&geo=BG&geo=CY&geo=CZ&geo=DE&geo=DK&geo=EE&geo=EL&geo=ES&geo=FI&geo=FR&geo=HR&geo=HU&geo=IE&geo=IT&geo=LT&geo=LU&geo=LV&geo=MT&geo=NL&geo=PL&geo=PT&geo=RO&geo=SE&geo=SI&geo=SK&geo=EU27_2020&unit=THS_PER&na_item=POP_NC&time=2005&time=2024
nama_10_pe,DK,POP_NC,2005,5418.56,,thousand persons,2026-10-02T23:00:00+0200,2026-10-05,https://ec.europa.eu/eurostat/api/dissemination/statistics/1.0/data/nama_10_pe?geo=AT&geo=BE&geo=BG&geo=CY&geo=CZ&geo=DE&geo=DK&geo=EE&geo=EL&geo=ES&geo=FI&geo=FR&geo=HR&geo=HU&geo=IE&geo=IT&geo=LT&geo=LU&geo=LV&geo=MT&geo=NL&geo=PL&geo=PT&geo=RO&geo=SE&geo=SI&geo=SK&geo=EU27_2020&unit=THS_PER&na_item=POP_NC&time=2005&time=2024
nama_10_pe,DK,POP_NC,2024,5976.81,,thousand persons,2026-10-02T23:00:00+0200,2026-10-05,https://ec.europa.eu/eurostat/api/dissemination/statistics/1.0/data/nama_10_pe?geo=AT&geo=BE&geo=BG&geo=CY&geo=CZ&geo=DE&geo=DK&geo=EE&geo=EL&geo=ES&geo=FI&geo=FR&geo=HR&geo=HU&geo=IE&geo=IT&geo=LT&geo=LU&geo=LV&geo=MT&geo=NL&geo=PL&geo=PT&geo=RO&geo=SE&geo=SI&geo=SK&geo=EU27_2020&unit=THS_PER&na_item=POP_NC&time=2005&time=2024
nama_10_pe,EE,POP_NC,2005,1358.9,,thousand persons,2026-10-02T23:00:00+0200,2026-10-05,https://ec.europa.eu/eurostat/api/dissemination/statistics/1.0/data/nama_10_pe?geo=AT&geo=BE&geo=BG&geo=CY&geo=CZ&geo=DE&geo=DK&geo=EE&geo=EL&geo=ES&geo=FI&geo=FR&geo=HR&geo=HU&geo=IE&geo=IT&geo=LT&geo=LU&geo=LV&geo=MT&geo=NL&geo=PL&geo=PT&geo=RO&geo=SE&geo=SI&geo=SK&geo=EU27_2020&unit=THS_PER&na_item=POP_NC&time=2005&time=2024
nama_10_pe,EE,POP_NC,2024,1374.69,,thousand persons,2026-10-02T23:00:00+0200,2026-10-05,https://ec.europa.eu/eurostat/api/dissemination/statistics/1.0/data/nama_10_pe?geo=AT&geo=BE&geo=BG&geo=CY&geo=CZ&geo=DE&geo=DK&geo=EE&geo=EL&geo=ES&geo=FI&geo=FR&geo=HR&geo=HU&geo=IE&geo=IT&geo=LT&geo=LU&geo=LV&geo=MT&geo=NL&geo=PL&geo=PT&geo=RO&geo=SE&geo=SI&geo=SK&geo=EU27_2020&unit=THS_PER&na_item=POP_NC&time=2005&time=2024
nama_10_pe,EL,POP_NC,2005,10987.35,,thousand persons,2026-10-02T23:00:00+0200,2026-10-05,https://ec.europa.eu/eurostat/api/dissemination/statistics/1.0/data/nama_10_pe?geo=AT&geo=BE&geo=BG&geo=CY&geo=CZ&geo=DE&geo=DK&geo=EE&geo=EL&geo=ES&geo=FI&geo=FR&geo=HR&geo=HU&geo=IE&geo=IT&geo=LT&geo=LU&geo=LV&geo=MT&geo=NL&geo=PL&geo=PT&geo=RO&geo=SE&geo=SI&geo=SK&geo=EU27_2020&unit=THS_PER&na_item=POP_NC&time=2005&time=2024
nama_10_pe,EL,POP_NC,2024,10531.29,p,thousand persons,2026-10-02T23:00:00+0200,2026-10-05,https://ec.europa.eu/eurostat/api/dissemination/statistics/1.0/data/nama_10_pe?geo=AT&geo=BE&geo=BG&geo=CY&geo=CZ&geo=DE&geo=DK&geo=EE&geo=EL&geo=ES&geo=FI&geo=FR&geo=HR&geo=HU&geo=IE&geo=IT&geo=LT&geo=LU&geo=LV&geo=MT&geo=NL&geo=PL&geo=PT&geo=RO&geo=SE&geo=SI&geo=SK&geo=EU27_2020&unit=THS_PER&na_item=POP_NC&time=2005&time=2024
nama_10_pe,ES,POP_NC,2005,43662.61,,thousand persons,2026-10-02T23:00:00+0200,2026-10-05,https://ec.europa.eu/eurostat/api/dissemination/statistics/1.0/data/nama_10_pe?geo=AT&geo=BE&geo=BG&geo=CY&geo=CZ&geo=DE&geo=DK&geo=EE&geo=EL&geo=ES&geo=FI&geo=FR&geo=HR&geo=HU&geo=IE&geo=IT&geo=LT&geo=LU&geo=LV&geo=MT&geo=NL&geo=PL&geo=PT&geo=RO&geo=SE&geo=SI&geo=SK&geo=EU27_2020&unit=THS_PER&na_item=POP_NC&time=2005&time=2024
nama_10_pe,ES,POP_NC,2024,48874.0,p,thousand persons,2026-10-02T23:00:00+0200,2026-10-05,https://ec.europa.eu/eurostat/api/dissemination/statistics/1.0/data/nama_10_pe?geo=AT&geo=BE&geo=BG&geo=CY&geo=CZ&geo=DE&geo=DK&geo=EE&geo=EL&geo=ES&geo=FI&geo=FR&geo=HR&geo=HU&geo=IE&geo=IT&geo=LT&geo=LU&geo=LV&geo=MT&geo=NL&geo=PL&geo=PT&geo=RO&geo=SE&geo=SI&geo=SK&geo=EU27_2020&unit=THS_PER&na_item=POP_NC&time=2005&time=2024
nama_10_pe,EU27_2020,POP_NC,2005,434266.27,,thousand persons,2026-10-02T23:00:00+0200,2026-10-05,https://ec.europa.eu/eurostat/api/dissemination/statistics/1.0/data/nama_10_pe?geo=AT&geo=BE&geo=BG&geo=CY&geo=CZ&geo=DE&geo=DK&geo=EE&geo=EL&geo=ES&geo=FI&geo=FR&geo=HR&geo=HU&geo=IE&geo=IT&geo=LT&geo=LU&geo=LV&geo=MT&geo=NL&geo=PL&geo=PT&geo=RO&geo=SE&geo=SI&geo=SK&geo=EU27_2020&unit=THS_PER&na_item=POP_NC&time=2005&time=2024
nama_10_pe,EU27_2020,POP_NC,2024,451249.4,,thousand persons,2026-10-02T23:00:00+0200,2026-10-05,https://ec.europa.eu/eurostat/api/dissemination/statistics/1.0/data/nama_10_pe?geo=AT&geo=BE&geo=BG&geo=CY&geo=CZ&geo=DE&geo=DK&geo=EE&geo=EL&geo=ES&geo=FI&geo=FR&geo=HR&geo=HU&geo=IE&geo=IT&geo=LT&geo=LU&geo=LV&geo=MT&geo=NL&geo=PL&geo=PT&geo=RO&geo=SE&geo=SI&geo=SK&geo=EU27_2020&unit=THS_PER&na_item=POP_NC&time=2005&time=2024
nama_10_pe,FI,POP_NC,2005,5246.1,,thousand persons,2026-10-02T23:00:00+0200,2026-10-05,https://ec.europa.eu/eurostat/api/dissemination/statistics/1.0/data/nama_10_pe?geo=AT&geo=BE&geo=BG&geo=CY&geo=CZ&geo=DE&geo=DK&geo=EE&geo=EL&geo=ES&geo=FI&geo=FR&geo=HR&geo=HU&geo=IE&geo=IT&geo=LT&geo=LU&geo=LV&geo=MT&geo=NL&geo=PL&geo=PT&geo=RO&geo=SE&geo=SI&geo=SK&geo=EU27_2020&unit=THS_PER&na_item=POP_NC&time=2005&time=2024
nama_10_pe,FI,POP_NC,2024,5620.9,,thousand persons,2026-10-02T23:00:00+0200,2026-10-05,https://ec.europa.eu/eurostat/api/dissemination/statistics/1.0/data/nama_10_pe?geo=AT&geo=BE&geo=BG&geo=CY&geo=CZ&geo=DE&geo=DK&geo=EE&geo=EL&geo=ES&geo=FI&geo=FR&geo=HR&geo=HU&geo=IE&geo=IT&geo=LT&geo=LU&geo=LV&geo=MT&geo=NL&geo=PL&geo=PT&geo=RO&geo=SE&geo=SI&geo=SK&geo=EU27_2020&unit=THS_PER&na_item=POP_NC&time=2005&time=2024
nama_10_pe,FR,POP_NC,2005,62964.0,,thousand persons,2026-10-02T23:00:00+0200,2026-10-05,https://ec.europa.eu/eurostat/api/dissemination/statistics/1.0/data/nama_10_pe?geo=AT&geo=BE&geo=BG&geo=CY&geo=CZ&geo=DE&geo=DK&geo=EE&geo=EL&geo=ES&geo=FI&geo=FR&geo=HR&geo=HU&geo=IE&geo=IT&geo=LT&geo=LU&geo=LV&geo=MT&geo=NL&geo=PL&geo=PT&geo=RO&geo=SE&geo=SI&geo=SK&geo=EU27_2020&unit=THS_PER&na_item=POP_NC&time=2005&time=2024
nama_10_pe,FR,POP_NC,2024,68776.0,p,thousand persons,2026-10-02T23:00:00+0200,2026-10-05,https://ec.europa.eu/eurostat/api/dissemination/statistics/1.0/data/nama_10_pe?geo=AT&geo=BE&geo=BG&geo=CY&geo=CZ&geo=DE&geo=DK&geo=EE&geo=EL&geo=ES&geo=FI&geo=FR&geo=HR&geo=HU&geo=IE&geo=IT&geo=LT&geo=LU&geo=LV&geo=MT&geo=NL&geo=PL&geo=PT&geo=RO&geo=SE&geo=SI&geo=SK&geo=EU27_2020&unit=THS_PER&na_item=POP_NC&time=2005&time=2024
nama_10_pe,HR,POP_NC,2005,4311.67,,thousand persons,2026-10-02T23:00:00+0200,2026-10-05,https://ec.europa.eu/eurostat/api/dissemination/statistics/1.0/data/nama_10_pe?geo=AT&geo=BE&geo=BG&geo=CY&geo=CZ&geo=DE&geo=DK&geo=EE&geo=EL&geo=ES&geo=FI&geo=FR&geo=HR&geo=HU&geo=IE&geo=IT&geo=LT&geo=LU&geo=LV&geo=MT&geo=NL&geo=PL&geo=PT&geo=RO&geo=SE&geo=SI&geo=SK&geo=EU27_2020&unit=THS_PER&na_item=POP_NC&time=2005&time=2024
nama_10_pe,HR,POP_NC,2024,3869.48,p,thousand persons,2026-10-02T23:00:00+0200,2026-10-05,https://ec.europa.eu/eurostat/api/dissemination/statistics/1.0/data/nama_10_pe?geo=AT&geo=BE&geo=BG&geo=CY&geo=CZ&geo=DE&geo=DK&geo=EE&geo=EL&geo=ES&geo=FI&geo=FR&geo=HR&geo=HU&geo=IE&geo=IT&geo=LT&geo=LU&geo=LV&geo=MT&geo=NL&geo=PL&geo=PT&geo=RO&geo=SE&geo=SI&geo=SK&geo=EU27_2020&unit=THS_PER&na_item=POP_NC&time=2005&time=2024
nama_10_pe,HU,POP_NC,2005,10087.07,,thousand persons,2026-10-02T23:00:00+0200,2026-10-05,https://ec.europa.eu/eurostat/api/dissemination/statistics/1.0/data/nama_10_pe?geo=AT&geo=BE&geo=BG&geo=CY&geo=CZ&geo=DE&geo=DK&geo=EE&geo=EL&geo=ES&geo=FI&geo=FR&geo=HR&geo=HU&geo=IE&geo=IT&geo=LT&geo=LU&geo=LV&geo=MT&geo=NL&geo=PL&geo=PT&geo=RO&geo=SE&geo=SI&geo=SK&geo=EU27_2020&unit=THS_PER&na_item=POP_NC&time=2005&time=2024
nama_10_pe,HU,POP_NC,2024,9562.07,,thousand persons,2026-10-02T23:00:00+0200,2026-10-05,https://ec.europa.eu/eurostat/api/dissemination/statistics/1.0/data/nama_10_pe?geo=AT&geo=BE&geo=BG&geo=CY&geo=CZ&geo=DE&geo=DK&geo=EE&geo=EL&geo=ES&geo=FI&geo=FR&geo=HR&geo=HU&geo=IE&geo=IT&geo=LT&geo=LU&geo=LV&geo=MT&geo=NL&geo=PL&geo=PT&geo=RO&geo=SE&geo=SI&geo=SK&geo=EU27_2020&unit=THS_PER&na_item=POP_NC&time=2005&time=2024
nama_10_pe,IE,POP_NC,2005,4160.01,,thousand persons,2026-10-02T23:00:00+0200,2026-10-05,https://ec.europa.eu/eurostat/api/dissemination/statistics/1.0/data/nama_10_pe?geo=AT&geo=BE&geo=BG&geo=CY&geo=CZ&geo=DE&geo=DK&geo=EE&geo=EL&geo=ES&geo=FI&geo=FR&geo=HR&geo=HU&geo=IE&geo=IT&geo=LT&geo=LU&geo=LV&geo=MT&geo=NL&geo=PL&geo=PT&geo=RO&geo=SE&geo=SI&geo=SK&geo=EU27_2020&unit=THS_PER&na_item=POP_NC&time=2005&time=2024
nama_10_pe,IE,POP_NC,2024,5384.99,,thousand persons,2026-10-02T23:00:00+0200,2026-10-05,https://ec.europa.eu/eurostat/api/dissemination/statistics/1.0/data/nama_10_pe?geo=AT&geo=BE&geo=BG&geo=CY&geo=CZ&geo=DE&geo=DK&geo=EE&geo=EL&geo=ES&geo=FI&geo=FR&geo=HR&geo=HU&geo=IE&geo=IT&geo=LT&geo=LU&geo=LV&geo=MT&geo=NL&geo=PL&geo=PT&geo=RO&geo=SE&geo=SI&geo=SK&geo=EU27_2020&unit=THS_PER&na_item=POP_NC&time=2005&time=2024
nama_10_pe,IT,POP_NC,2005,58166.7,,thousand persons,2026-10-02T23:00:00+0200,2026-10-05,https://ec.europa.eu/eurostat/api/dissemination/statistics/1.0/data/nama_10_pe?geo=AT&geo=BE&geo=BG&geo=CY&geo=CZ&geo=DE&geo=DK&geo=EE&geo=EL&geo=ES&geo=FI&geo=FR&geo=HR&geo=HU&geo=IE&geo=IT&geo=LT&geo=LU&geo=LV&geo=MT&geo=NL&geo=PL&geo=PT&geo=RO&geo=SE&geo=SI&geo=SK&geo=EU27_2020&unit=THS_PER&na_item=POP_NC&time=2005&time=2024
nama_10_pe,IT,POP_NC,2024,58957.3,,thousand persons,2026-10-02T23:00:00+0200,2026-10-05,https://ec.europa.eu/eurostat/api/dissemination/statistics/1.0/data/nama_10_pe?geo=AT&geo=BE&geo=BG&geo=CY&geo=CZ&geo=DE&geo=DK&geo=EE&geo=EL&geo=ES&geo=FI&geo=FR&geo=HR&geo=HU&geo=IE&geo=IT&geo=LT&geo=LU&geo=LV&geo=MT&geo=NL&geo=PL&geo=PT&geo=RO&geo=SE&geo=SI&geo=SK&geo=EU27_2020&unit=THS_PER&na_item=POP_NC&time=2005&time=2024
nama_10_pe,LT,POP_NC,2005,3322.53,,thousand persons,2026-10-02T23:00:00+0200,2026-10-05,https://ec.europa.eu/eurostat/api/dissemination/statistics/1.0/data/nama_10_pe?geo=AT&geo=BE&geo=BG&geo=CY&geo=CZ&geo=DE&geo=DK&geo=EE&geo=EL&geo=ES&geo=FI&geo=FR&geo=HR&geo=HU&geo=IE&geo=IT&geo=LT&geo=LU&geo=LV&geo=MT&geo=NL&geo=PL&geo=PT&geo=RO&geo=SE&geo=SI&geo=SK&geo=EU27_2020&unit=THS_PER&na_item=POP_NC&time=2005&time=2024
nama_10_pe,LT,POP_NC,2024,2888.28,,thousand persons,2026-10-02T23:00:00+0200,2026-10-05,https://ec.europa.eu/eurostat/api/dissemination/statistics/1.0/data/nama_10_pe?geo=AT&geo=BE&geo=BG&geo=CY&geo=CZ&geo=DE&geo=DK&geo=EE&geo=EL&geo=ES&geo=FI&geo=FR&geo=HR&geo=HU&geo=IE&geo=IT&geo=LT&geo=LU&geo=LV&geo=MT&geo=NL&geo=PL&geo=PT&geo=RO&geo=SE&geo=SI&geo=SK&geo=EU27_2020&unit=THS_PER&na_item=POP_NC&time=2005&time=2024
nama_10_pe,LU,POP_NC,2005,465.7,,thousand persons,2026-10-02T23:00:00+0200,2026-10-05,https://ec.europa.eu/eurostat/api/dissemination/statistics/1.0/data/nama_10_pe?geo=AT&geo=BE&geo=BG&geo=CY&geo=CZ&geo=DE&geo=DK&geo=EE&geo=EL&geo=ES&geo=FI&geo=FR&geo=HR&geo=HU&geo=IE&geo=IT&geo=LT&geo=LU&geo=LV&geo=MT&geo=NL&geo=PL&geo=PT&geo=RO&geo=SE&geo=SI&geo=SK&geo=EU27_2020&unit=THS_PER&na_item=POP_NC&time=2005&time=2024
nama_10_pe,LU,POP_NC,2024,678.44,,thousand persons,2026-10-02T23:00:00+0200,2026-10-05,https://ec.europa.eu/eurostat/api/dissemination/statistics/1.0/data/nama_10_pe?geo=AT&geo=BE&geo=BG&geo=CY&geo=CZ&geo=DE&geo=DK&geo=EE&geo=EL&geo=ES&geo=FI&geo=FR&geo=HR&geo=HU&geo=IE&geo=IT&geo=LT&geo=LU&geo=LV&geo=MT&geo=NL&geo=PL&geo=PT&geo=RO&geo=SE&geo=SI&geo=SK&geo=EU27_2020&unit=THS_PER&na_item=POP_NC&time=2005&time=2024
nama_10_pe,LV,POP_NC,2005,2238.75,,thousand persons,2026-10-02T23:00:00+0200,2026-10-05,https://ec.europa.eu/eurostat/api/dissemination/statistics/1.0/data/nama_10_pe?geo=AT&geo=BE&geo=BG&geo=CY&geo=CZ&geo=DE&geo=DK&geo=EE&geo=EL&geo=ES&geo=FI&geo=FR&geo=HR&geo=HU&geo=IE&geo=IT&geo=LT&geo=LU&geo=LV&geo=MT&geo=NL&geo=PL&geo=PT&geo=RO&geo=SE&geo=SI&geo=SK&geo=EU27_2020&unit=THS_PER&na_item=POP_NC&time=2005&time=2024
nama_10_pe,LV,POP_NC,2024,1868.48,,thousand persons,2026-10-02T23:00:00+0200,2026-10-05,https://ec.europa.eu/eurostat/api/dissemination/statistics/1.0/data/nama_10_pe?geo=AT&geo=BE&geo=BG&geo=CY&geo=CZ&geo=DE&geo=DK&geo=EE&geo=EL&geo=ES&geo=FI&geo=FR&geo=HR&geo=HU&geo=IE&geo=IT&geo=LT&geo=LU&geo=LV&geo=MT&geo=NL&geo=PL&geo=PT&geo=RO&geo=SE&geo=SI&geo=SK&geo=EU27_2020&unit=THS_PER&na_item=POP_NC&time=2005&time=2024
nama_10_pe,MT,POP_NC,2005,403.94,,thousand persons,2026-10-02T23:00:00+0200,2026-10-05,https://ec.europa.eu/eurostat/api/dissemination/statistics/1.0/data/nama_10_pe?geo=AT&geo=BE&geo=BG&geo=CY&geo=CZ&geo=DE&geo=DK&geo=EE&geo=EL&geo=ES&geo=FI&geo=FR&geo=HR&geo=HU&geo=IE&geo=IT&geo=LT&geo=LU&geo=LV&geo=MT&geo=NL&geo=PL&geo=PT&geo=RO&geo=SE&geo=SI&geo=SK&geo=EU27_2020&unit=THS_PER&na_item=POP_NC&time=2005&time=2024
nama_10_pe,MT,POP_NC,2024,569.25,,thousand persons,2026-10-02T23:00:00+0200,2026-10-05,https://ec.europa.eu/eurostat/api/dissemination/statistics/1.0/data/nama_10_pe?geo=AT&geo=BE&geo=BG&geo=CY&geo=CZ&geo=DE&geo=DK&geo=EE&geo=EL&geo=ES&geo=FI&geo=FR&geo=HR&geo=HU&geo=IE&geo=IT&geo=LT&geo=LU&geo=LV&geo=MT&geo=NL&geo=PL&geo=PT&geo=RO&geo=SE&geo=SI&geo=SK&geo=EU27_2020&unit=THS_PER&na_item=POP_NC&time=2005&time=2024
nama_10_pe,NL,POP_NC,2005,16320.0,,thousand persons,2026-10-02T23:00:00+0200,2026-10-05,https://ec.europa.eu/eurostat/api/dissemination/statistics/1.0/data/nama_10_pe?geo=AT&geo=BE&geo=BG&geo=CY&geo=CZ&geo=DE&geo=DK&geo=EE&geo=EL&geo=ES&geo=FI&geo=FR&geo=HR&geo=HU&geo=IE&geo=IT&geo=LT&geo=LU&geo=LV&geo=MT&geo=NL&geo=PL&geo=PT&geo=RO&geo=SE&geo=SI&geo=SK&geo=EU27_2020&unit=THS_PER&na_item=POP_NC&time=2005&time=2024
nama_10_pe,NL,POP_NC,2024,17994.0,p,thousand persons,2026-10-02T23:00:00+0200,2026-10-05,https://ec.europa.eu/eurostat/api/dissemination/statistics/1.0/data/nama_10_pe?geo=AT&geo=BE&geo=BG&geo=CY&geo=CZ&geo=DE&geo=DK&geo=EE&geo=EL&geo=ES&geo=FI&geo=FR&geo=HR&geo=HU&geo=IE&geo=IT&geo=LT&geo=LU&geo=LV&geo=MT&geo=NL&geo=PL&geo=PT&geo=RO&geo=SE&geo=SI&geo=SK&geo=EU27_2020&unit=THS_PER&na_item=POP_NC&time=2005&time=2024
nama_10_pe,PL,POP_NC,2005,38161.31,,thousand persons,2026-10-02T23:00:00+0200,2026-10-05,https://ec.europa.eu/eurostat/api/dissemination/statistics/1.0/data/nama_10_pe?geo=AT&geo=BE&geo=BG&geo=CY&geo=CZ&geo=DE&geo=DK&geo=EE&geo=EL&geo=ES&geo=FI&geo=FR&geo=HR&geo=HU&geo=IE&geo=IT&geo=LT&geo=LU&geo=LV&geo=MT&geo=NL&geo=PL&geo=PT&geo=RO&geo=SE&geo=SI&geo=SK&geo=EU27_2020&unit=THS_PER&na_item=POP_NC&time=2005&time=2024
nama_10_pe,PL,POP_NC,2024,37525.63,,thousand persons,2026-10-02T23:00:00+0200,2026-10-05,https://ec.europa.eu/eurostat/api/dissemination/statistics/1.0/data/nama_10_pe?geo=AT&geo=BE&geo=BG&geo=CY&geo=CZ&geo=DE&geo=DK&geo=EE&geo=EL&geo=ES&geo=FI&geo=FR&geo=HR&geo=HU&geo=IE&geo=IT&geo=LT&geo=LU&geo=LV&geo=MT&geo=NL&geo=PL&geo=PT&geo=RO&geo=SE&geo=SI&geo=SK&geo=EU27_2020&unit=THS_PER&na_item=POP_NC&time=2005&time=2024
nama_10_pe,PT,POP_NC,2005,10503.33,,thousand persons,2026-10-02T23:00:00+0200,2026-10-05,https://ec.europa.eu/eurostat/api/dissemination/statistics/1.0/data/nama_10_pe?geo=AT&geo=BE&geo=BG&geo=CY&geo=CZ&geo=DE&geo=DK&geo=EE&geo=EL&geo=ES&geo=FI&geo=FR&geo=HR&geo=HU&geo=IE&geo=IT&geo=LT&geo=LU&geo=LV&geo=MT&geo=NL&geo=PL&geo=PT&geo=RO&geo=SE&geo=SI&geo=SK&geo=EU27_2020&unit=THS_PER&na_item=POP_NC&time=2005&time=2024
nama_10_pe,PT,POP_NC,2024,10694.68,,thousand persons,2026-10-02T23:00:00+0200,2026-10-05,https://ec.europa.eu/eurostat/api/dissemination/statistics/1.0/data/nama_10_pe?geo=AT&geo=BE&geo=BG&geo=CY&geo=CZ&geo=DE&geo=DK&geo=EE&geo=EL&geo=ES&geo=FI&geo=FR&geo=HR&geo=HU&geo=IE&geo=IT&geo=LT&geo=LU&geo=LV&geo=MT&geo=NL&geo=PL&geo=PT&geo=RO&geo=SE&geo=SI&geo=SK&geo=EU27_2020&unit=THS_PER&na_item=POP_NC&time=2005&time=2024
nama_10_pe,RO,POP_NC,2005,21319.67,,thousand persons,2026-10-02T23:00:00+0200,2026-10-05,https://ec.europa.eu/eurostat/api/dissemination/statistics/1.0/data/nama_10_pe?geo=AT&geo=BE&geo=BG&geo=CY&geo=CZ&geo=DE&geo=DK&geo=EE&geo=EL&geo=ES&geo=FI&geo=FR&geo=HR&geo=HU&geo=IE&geo=IT&geo=LT&geo=LU&geo=LV&geo=MT&geo=NL&geo=PL&geo=PT&geo=RO&geo=SE&geo=SI&geo=SK&geo=EU27_2020&unit=THS_PER&na_item=POP_NC&time=2005&time=2024
nama_10_pe,RO,POP_NC,2024,19059.53,,thousand persons,2026-10-02T23:00:00+0200,2026-10-05,https://ec.europa.eu/eurostat/api/dissemination/statistics/1.0/data/nama_10_pe?geo=AT&geo=BE&geo=BG&geo=CY&geo=CZ&geo=DE&geo=DK&geo=EE&geo=EL&geo=ES&geo=FI&geo=FR&geo=HR&geo=HU&geo=IE&geo=IT&geo=LT&geo=LU&geo=LV&geo=MT&geo=NL&geo=PL&geo=PT&geo=RO&geo=SE&geo=SI&geo=SK&geo=EU27_2020&unit=THS_PER&na_item=POP_NC&time=2005&time=2024
nama_10_pe,SE,POP_NC,2005,9026.75,,thousand persons,2026-10-02T23:00:00+0200,2026-10-05,https://ec.europa.eu/eurostat/api/dissemination/statistics/1.0/data/nama_10_pe?geo=AT&geo=BE&geo=BG&geo=CY&geo=CZ&geo=DE&geo=DK&geo=EE&geo=EL&geo=ES&geo=FI&geo=FR&geo=HR&geo=HU&geo=IE&geo=IT&geo=LT&geo=LU&geo=LV&geo=MT&geo=NL&geo=PL&geo=PT&geo=RO&geo=SE&geo=SI&geo=SK&geo=EU27_2020&unit=THS_PER&na_item=POP_NC&time=2005&time=2024
nama_10_pe,SE,POP_NC,2024,10630.97,,thousand persons,2026-10-02T23:00:00+0200,2026-10-05,https://ec.europa.eu/eurostat/api/dissemination/statistics/1.0/data/nama_10_pe?geo=AT&geo=BE&geo=BG&geo=CY&geo=CZ&geo=DE&geo=DK&geo=EE&geo=EL&geo=ES&geo=FI&geo=FR&geo=HR&geo=HU&geo=IE&geo=IT&geo=LT&geo=LU&geo=LV&geo=MT&geo=NL&geo=PL&geo=PT&geo=RO&geo=SE&geo=SI&geo=SK&geo=EU27_2020&unit=THS_PER&na_item=POP_NC&time=2005&time=2024
nama_10_pe,SI,POP_NC,2005,2000.81,,thousand persons,2026-10-02T23:00:00+0200,2026-10-05,https://ec.europa.eu/eurostat/api/dissemination/statistics/1.0/data/nama_10_pe?geo=AT&geo=BE&geo=BG&geo=CY&geo=CZ&geo=DE&geo=DK&geo=EE&geo=EL&geo=ES&geo=FI&geo=FR&geo=HR&geo=HU&geo=IE&geo=IT&geo=LT&geo=LU&geo=LV&geo=MT&geo=NL&geo=PL&geo=PT&geo=RO&geo=SE&geo=SI&geo=SK&geo=EU27_2020&unit=THS_PER&na_item=POP_NC&time=2005&time=2024
nama_10_pe,SI,POP_NC,2024,2126.87,,thousand persons,2026-10-02T23:00:00+0200,2026-10-05,https://ec.europa.eu/eurostat/api/dissemination/statistics/1.0/data/nama_10_pe?geo=AT&geo=BE&geo=BG&geo=CY&geo=CZ&geo=DE&geo=DK&geo=EE&geo=EL&geo=ES&geo=FI&geo=FR&geo=HR&geo=HU&geo=IE&geo=IT&geo=LT&geo=LU&geo=LV&geo=MT&geo=NL&geo=PL&geo=PT&geo=RO&geo=SE&geo=SI&geo=SK&geo=EU27_2020&unit=THS_PER&na_item=POP_NC&time=2005&time=2024
nama_10_pe,SK,POP_NC,2005,5387.1,,thousand persons,2026-10-02T23:00:00+0200,2026-10-05,https://ec.europa.eu/eurostat/api/dissemination/statistics/1.0/data/nama_10_pe?geo=AT&geo=BE&geo=BG&geo=CY&geo=CZ&geo=DE&geo=DK&geo=EE&geo=EL&geo=ES&geo=FI&geo=FR&geo=HR&geo=HU&geo=IE&geo=IT&geo=LT&geo=LU&geo=LV&geo=MT&geo=NL&geo=PL&geo=PT&geo=RO&geo=SE&geo=SI&geo=SK&geo=EU27_2020&unit=THS_PER&na_item=POP_NC&time=2005&time=2024
nama_10_pe,SK,POP_NC,2024,5458.87,,thousand persons,2026-10-02T23:00:00+0200,2026-10-05,https://ec.europa.eu/eurostat/api/dissemination/statistics/1.0/data/nama_10_pe?geo=AT&geo=BE&geo=BG&geo=CY&geo=CZ&geo=DE&geo=DK&geo=EE&geo=EL&geo=ES&geo=FI&geo=FR&geo=HR&geo=HU&geo=IE&geo=IT&geo=LT&geo=LU&geo=LV&geo=MT&geo=NL&geo=PL&geo=PT&geo=RO&geo=SE&geo=SI&geo=SK&geo=EU27_2020&unit=THS_PER&na_item=POP_NC&time=2005&time=2024
