copy,pdf_page,year,sector,value_mt,share_of_bar_pct,bar_total_mt,scale_pt_per_mt,pdf_sha256,source_url,method,retrieved,council_copy_check
Commission,15,2005,Domestic transport (excl. aviation),0.5278,51.95,1.0161,61.152,401cca4c0f694496ab8da261c875a0be123a9270549d4cb1ea48c1751905ac50,https://economy-finance.ec.europa.eu/document/download/b0bb0c3b-1b52-4ac5-8090-ee21edf1e039_en?filename=MT_SWD_2026_218_1_EN_autre_document_travail_service_part1_v1.pdf,vector path heights / least-squares axis scale (tools/cc-109-report/read_graph.py),2026-10-06,Council PDF page 18: same sector extents (within 0.01 pt)
Commission,15,2005,Buildings (under ESR),0.1245,12.26,1.0161,61.152,401cca4c0f694496ab8da261c875a0be123a9270549d4cb1ea48c1751905ac50,https://economy-finance.ec.europa.eu/document/download/b0bb0c3b-1b52-4ac5-8090-ee21edf1e039_en?filename=MT_SWD_2026_218_1_EN_autre_document_travail_service_part1_v1.pdf,vector path heights / least-squares axis scale (tools/cc-109-report/read_graph.py),2026-10-06,Council PDF page 18: same sector extents (within 0.01 pt)
Commission,15,2005,Agriculture,0.0915,9.01,1.0161,61.152,401cca4c0f694496ab8da261c875a0be123a9270549d4cb1ea48c1751905ac50,https://economy-finance.ec.europa.eu/document/download/b0bb0c3b-1b52-4ac5-8090-ee21edf1e039_en?filename=MT_SWD_2026_218_1_EN_autre_document_travail_service_part1_v1.pdf,vector path heights / least-squares axis scale (tools/cc-109-report/read_graph.py),2026-10-06,Council PDF page 18: same sector extents (within 0.01 pt)
Commission,15,2005,Small industry,0.0751,7.39,1.0161,61.152,401cca4c0f694496ab8da261c875a0be123a9270549d4cb1ea48c1751905ac50,https://economy-finance.ec.europa.eu/document/download/b0bb0c3b-1b52-4ac5-8090-ee21edf1e039_en?filename=MT_SWD_2026_218_1_EN_autre_document_travail_service_part1_v1.pdf,vector path heights / least-squares axis scale (tools/cc-109-report/read_graph.py),2026-10-06,Council PDF page 18: same sector extents (within 0.01 pt)
Commission,15,2005,Waste,0.1971,19.4,1.0161,61.152,401cca4c0f694496ab8da261c875a0be123a9270549d4cb1ea48c1751905ac50,https://economy-finance.ec.europa.eu/document/download/b0bb0c3b-1b52-4ac5-8090-ee21edf1e039_en?filename=MT_SWD_2026_218_1_EN_autre_document_travail_service_part1_v1.pdf,vector path heights / least-squares axis scale (tools/cc-109-report/read_graph.py),2026-10-06,Council PDF page 18: same sector extents (within 0.01 pt)
Commission,15,2023,Domestic transport (excl. aviation),0.7646,52.79,1.4483,61.152,401cca4c0f694496ab8da261c875a0be123a9270549d4cb1ea48c1751905ac50,https://economy-finance.ec.europa.eu/document/download/b0bb0c3b-1b52-4ac5-8090-ee21edf1e039_en?filename=MT_SWD_2026_218_1_EN_autre_document_travail_service_part1_v1.pdf,vector path heights / least-squares axis scale (tools/cc-109-report/read_graph.py),2026-10-06,Council PDF page 18: same sector extents (within 0.01 pt)
Commission,15,2023,Buildings (under ESR),0.1419,9.8,1.4483,61.152,401cca4c0f694496ab8da261c875a0be123a9270549d4cb1ea48c1751905ac50,https://economy-finance.ec.europa.eu/document/download/b0bb0c3b-1b52-4ac5-8090-ee21edf1e039_en?filename=MT_SWD_2026_218_1_EN_autre_document_travail_service_part1_v1.pdf,vector path heights / least-squares axis scale (tools/cc-109-report/read_graph.py),2026-10-06,Council PDF page 18: same sector extents (within 0.01 pt)
Commission,15,2023,Agriculture,0.0833,5.75,1.4483,61.152,401cca4c0f694496ab8da261c875a0be123a9270549d4cb1ea48c1751905ac50,https://economy-finance.ec.europa.eu/document/download/b0bb0c3b-1b52-4ac5-8090-ee21edf1e039_en?filename=MT_SWD_2026_218_1_EN_autre_document_travail_service_part1_v1.pdf,vector path heights / least-squares axis scale (tools/cc-109-report/read_graph.py),2026-10-06,Council PDF page 18: same sector extents (within 0.01 pt)
Commission,15,2023,Small industry,0.2755,19.02,1.4483,61.152,401cca4c0f694496ab8da261c875a0be123a9270549d4cb1ea48c1751905ac50,https://economy-finance.ec.europa.eu/document/download/b0bb0c3b-1b52-4ac5-8090-ee21edf1e039_en?filename=MT_SWD_2026_218_1_EN_autre_document_travail_service_part1_v1.pdf,vector path heights / least-squares axis scale (tools/cc-109-report/read_graph.py),2026-10-06,Council PDF page 18: same sector extents (within 0.01 pt)
Commission,15,2023,Waste,0.1831,12.64,1.4483,61.152,401cca4c0f694496ab8da261c875a0be123a9270549d4cb1ea48c1751905ac50,https://economy-finance.ec.europa.eu/document/download/b0bb0c3b-1b52-4ac5-8090-ee21edf1e039_en?filename=MT_SWD_2026_218_1_EN_autre_document_travail_service_part1_v1.pdf,vector path heights / least-squares axis scale (tools/cc-109-report/read_graph.py),2026-10-06,Council PDF page 18: same sector extents (within 0.01 pt)
Commission,15,2024,Domestic transport (excl. aviation),0.7654,53.27,1.4367,61.152,401cca4c0f694496ab8da261c875a0be123a9270549d4cb1ea48c1751905ac50,https://economy-finance.ec.europa.eu/document/download/b0bb0c3b-1b52-4ac5-8090-ee21edf1e039_en?filename=MT_SWD_2026_218_1_EN_autre_document_travail_service_part1_v1.pdf,vector path heights / least-squares axis scale (tools/cc-109-report/read_graph.py),2026-10-06,Council PDF page 18: same sector extents (within 0.01 pt)
Commission,15,2024,Buildings (under ESR),0.1328,9.24,1.4367,61.152,401cca4c0f694496ab8da261c875a0be123a9270549d4cb1ea48c1751905ac50,https://economy-finance.ec.europa.eu/document/download/b0bb0c3b-1b52-4ac5-8090-ee21edf1e039_en?filename=MT_SWD_2026_218_1_EN_autre_document_travail_service_part1_v1.pdf,vector path heights / least-squares axis scale (tools/cc-109-report/read_graph.py),2026-10-06,Council PDF page 18: same sector extents (within 0.01 pt)
Commission,15,2024,Agriculture,0.0709,4.94,1.4367,61.152,401cca4c0f694496ab8da261c875a0be123a9270549d4cb1ea48c1751905ac50,https://economy-finance.ec.europa.eu/document/download/b0bb0c3b-1b52-4ac5-8090-ee21edf1e039_en?filename=MT_SWD_2026_218_1_EN_autre_document_travail_service_part1_v1.pdf,vector path heights / least-squares axis scale (tools/cc-109-report/read_graph.py),2026-10-06,Council PDF page 18: same sector extents (within 0.01 pt)
Commission,15,2024,Small industry,0.2763,19.23,1.4367,61.152,401cca4c0f694496ab8da261c875a0be123a9270549d4cb1ea48c1751905ac50,https://economy-finance.ec.europa.eu/document/download/b0bb0c3b-1b52-4ac5-8090-ee21edf1e039_en?filename=MT_SWD_2026_218_1_EN_autre_document_travail_service_part1_v1.pdf,vector path heights / least-squares axis scale (tools/cc-109-report/read_graph.py),2026-10-06,Council PDF page 18: same sector extents (within 0.01 pt)
Commission,15,2024,Waste,0.1913,13.32,1.4367,61.152,401cca4c0f694496ab8da261c875a0be123a9270549d4cb1ea48c1751905ac50,https://economy-finance.ec.europa.eu/document/download/b0bb0c3b-1b52-4ac5-8090-ee21edf1e039_en?filename=MT_SWD_2026_218_1_EN_autre_document_travail_service_part1_v1.pdf,vector path heights / least-squares axis scale (tools/cc-109-report/read_graph.py),2026-10-06,Council PDF page 18: same sector extents (within 0.01 pt)
