series,year,eur_million,kind
Eurostat COFOG 04.3 fuel and energy subsidies (outturn),2019,37.4,outturn
Eurostat COFOG 04.3 fuel and energy subsidies (outturn),2020,69.0,outturn
Eurostat COFOG 04.3 fuel and energy subsidies (outturn),2021,106.0,outturn
Eurostat COFOG 04.3 fuel and energy subsidies (outturn),2022,375.0,outturn
Eurostat COFOG 04.3 fuel and energy subsidies (outturn),2023,295.9,outturn
Eurostat COFOG 04.3 fuel and energy subsidies (outturn),2024,255.3,outturn
"Minister, 30 Sep 2026: energy and food subsidies",2023,242.5,as presented
"Minister, 30 Sep 2026: energy and food subsidies",2025,188.1,as presented
"Minister, 30 Sep 2026: energy and food subsidies",2026,391.7,projection
"Minister, 30 Sep 2026: energy and food subsidies",2027,400.0,forecast
IMF Article IV (share of Eurostat GDP),2022,324.5,estimate
IMF Article IV (share of Eurostat GDP),2023,292.8,estimate
IMF Article IV (share of Eurostat GDP),2024,207.7,estimate
IMF Article IV (share of Eurostat GDP),2025,197.3,projection
Draft Budgetary Plan 2023: allocation for 2023,2023,595.0,allocation
Commission subsidy inventory (CC-113),2023,604.7,as booked
