product,geo,date,basis,eur_per_1000,retrieved
diesel,AT,2026-10-05,with taxes,2138.0,2026-10-10
diesel,BE,2026-10-05,with taxes,2348.78,2026-10-10
diesel,BG,2026-10-05,with taxes,1892.9,2026-10-10
diesel,CY,2026-10-05,with taxes,2029.91,2026-10-10
diesel,CZ,2026-10-05,with taxes,1952.12,2026-10-10
diesel,DE,2026-10-05,with taxes,2254.0,2026-10-10
diesel,DK,2026-10-05,with taxes,2488.46,2026-10-10
diesel,EE,2026-10-05,with taxes,2096.0,2026-10-10
diesel,ES,2026-10-05,with taxes,1917.64,2026-10-10
diesel,EU,2026-10-05,with taxes,2148.53,2026-10-10
diesel,FI,2026-10-05,with taxes,2552.91,2026-10-10
diesel,FR,2026-10-05,with taxes,2355.48,2026-10-10
diesel,HR,2026-10-05,with taxes,1983.88,2026-10-10
diesel,HU,2026-10-05,with taxes,1928.07,2026-10-10
diesel,IE,2026-10-05,with taxes,2163.7,2026-10-10
diesel,IT,2026-10-05,with taxes,2273.46,2026-10-10
diesel,LT,2026-10-05,with taxes,2240.74,2026-10-10
diesel,LU,2026-10-05,with taxes,2057.0,2026-10-10
diesel,LV,2026-10-05,with taxes,2120.33,2026-10-10
diesel,MT,2026-10-05,with taxes,1210.0,2026-10-10
diesel,NL,2026-10-05,with taxes,2506.06,2026-10-10
diesel,PL,2026-10-05,with taxes,1764.46,2026-10-10
diesel,PT,2026-10-05,with taxes,2155.0,2026-10-10
diesel,RO,2026-10-05,with taxes,2049.59,2026-10-10
diesel,SE,2026-10-05,with taxes,2117.93,2026-10-10
diesel,SI,2026-10-05,with taxes,1981.49,2026-10-10
diesel,SK,2026-10-05,with taxes,1972.0,2026-10-10
euro95,AT,2026-10-05,with taxes,1837.0,2026-10-10
euro95,BE,2026-10-05,with taxes,1958.53,2026-10-10
euro95,BG,2026-10-05,with taxes,1662.8,2026-10-10
euro95,CY,2026-10-05,with taxes,1743.73,2026-10-10
euro95,CZ,2026-10-05,with taxes,1846.7,2026-10-10
euro95,DE,2026-10-05,with taxes,2196.0,2026-10-10
euro95,DK,2026-10-05,with taxes,2604.86,2026-10-10
euro95,EE,2026-10-05,with taxes,1945.0,2026-10-10
euro95,ES,2026-10-05,with taxes,1849.1,2026-10-10
euro95,EU,2026-10-05,with taxes,2006.33,2026-10-10
euro95,FI,2026-10-05,with taxes,2370.1,2026-10-10
euro95,FR,2026-10-05,with taxes,2211.71,2026-10-10
euro95,HR,2026-10-05,with taxes,1826.5,2026-10-10
euro95,HU,2026-10-05,with taxes,1725.57,2026-10-10
euro95,IE,2026-10-05,with taxes,1982.7,2026-10-10
euro95,IT,2026-10-05,with taxes,2072.7,2026-10-10
euro95,LT,2026-10-05,with taxes,1937.98,2026-10-10
euro95,LU,2026-10-05,with taxes,1837.0,2026-10-10
euro95,LV,2026-10-05,with taxes,1962.4,2026-10-10
euro95,MT,2026-10-05,with taxes,1340.0,2026-10-10
euro95,NL,2026-10-05,with taxes,2431.83,2026-10-10
euro95,PL,2026-10-05,with taxes,1519.59,2026-10-10
euro95,PT,2026-10-05,with taxes,2081.0,2026-10-10
euro95,RO,2026-10-05,with taxes,1886.35,2026-10-10
euro95,SE,2026-10-05,with taxes,1589.34,2026-10-10
euro95,SI,2026-10-05,with taxes,1763.09,2026-10-10
euro95,SK,2026-10-05,with taxes,1845.0,2026-10-10
