summer,date,id,cloud_cover_pct
2017,2017-08-18,S2B_MSIL2A_20170818T094029_R036_T33SVV_20210201T050732,0.13
2017,2017-09-02,S2A_MSIL2A_20170902T094031_R036_T33SVV_20210201T164504,0.13
2017,2017-09-17,S2B_MSIL2A_20170917T094019_R036_T33SVV_20210202T050146,0.14
2017,2017-08-08,S2B_MSIL2A_20170808T094029_R036_T33SVV_20210210T214413,0.16
2017,2017-08-03,S2A_MSIL2A_20170803T094031_R036_T33SVV_20210210T184549,0.21
2017,2017-06-04,S2A_MSIL2A_20170604T094031_R036_T33SVV_20210209T202439,0.24
2017,2017-07-19,S2B_MSIL2A_20170719T094029_R036_T33SVV_20210210T112431,0.25
2017,2017-09-12,S2A_MSIL2A_20170912T094031_R036_T33SVV_20210202T005424,0.26
2020,2020-08-02,S2B_MSIL2A_20200802T094039_R036_T33SVV_20200815T221451,0.17
2020,2020-08-12,S2B_MSIL2A_20200812T094039_R036_T33SVV_20200814T213630,0.26
2020,2020-08-22,S2B_MSIL2A_20200822T094039_R036_T33SVV_20200825T135147,0.28
2020,2020-07-13,S2B_MSIL2A_20200713T094029_R036_T33SVV_20200913T020432,0.3
2020,2020-05-24,S2B_MSIL2A_20200524T094029_R036_T33SVV_20200910T202123,0.31
2020,2020-07-23,S2B_MSIL2A_20200723T094039_R036_T33SVV_20200919T021711,0.31
2020,2020-08-17,S2A_MSIL2A_20200817T094041_R036_T33SVV_20200818T173057,0.33
2020,2020-07-28,S2A_MSIL2A_20200728T094041_R036_T33SVV_20200817T204344,0.34
2023,2023-08-27,S2B_MSIL2A_20230827T093549_R036_T33SVV_20241023T223442,0.0
2023,2023-09-11,S2A_MSIL2A_20230911T094041_R036_T33SVV_20241024T160641,0.0
2023,2023-07-23,S2A_MSIL2A_20230723T094041_R036_T33SVV_20241019T234546,0.0
2023,2023-07-08,S2B_MSIL2A_20230708T093549_R036_T33SVV_20230708T140042,0.0
2023,2023-06-23,S2A_MSIL2A_20230623T094031_R036_T33SVV_20230623T155117,0.0
2023,2023-07-13,S2A_MSIL2A_20230713T094041_R036_T33SVV_20230713T173541,0.0
2023,2023-08-17,S2B_MSIL2A_20230817T093549_R036_T33SVV_20230817T181243,0.0
2023,2023-08-02,S2A_MSIL2A_20230802T094041_R036_T33SVV_20241026T134447,0.01
2026,2026-07-19,S2A_MSIL2A_20260719T094051_R036_T33SVV_20260719T162454,0.0
2026,2026-07-17,S2C_MSIL2A_20260717T094031_R036_T33SVV_20260717T150112,0.0
2026,2026-06-19,S2A_MSIL2A_20260619T094051_R036_T33SVV_20260619T180332,0.0
2026,2026-08-31,S2B_MSIL2A_20260831T094029_R036_T33SVV_20260831T133710,0.0
2026,2026-07-12,S2B_MSIL2A_20260712T094029_R036_T33SVV_20260712T120704,0.0
2026,2026-06-22,S2B_MSIL2A_20260622T094029_R036_T33SVV_20260622T120726,0.0
2026,2026-08-01,S2B_MSIL2A_20260801T094029_R036_T33SVV_20260801T120621,0.0
2026,2026-08-28,S2A_MSIL2A_20260828T094051_R036_T33SVV_20260828T182318,0.0
