dataset,geo,item,item_label,year,value,flag,eurostat_updated,query_url,retrieved
demo_r_pjangrp3,MT,POP,Population on 1 January,2015,438805,,2026-08-28T23:00:00+0200,https://ec.europa.eu/eurostat/api/dissemination/statistics/1.0/data/demo_r_pjangrp3?geo=MT&geo=MT002&sex=T&age=TOTAL&unit=NR&sinceTimePeriod=2015,2026-10-06
demo_r_pjangrp3,MT,POP,Population on 1 January,2016,449635,,2026-08-28T23:00:00+0200,https://ec.europa.eu/eurostat/api/dissemination/statistics/1.0/data/demo_r_pjangrp3?geo=MT&geo=MT002&sex=T&age=TOTAL&unit=NR&sinceTimePeriod=2015,2026-10-06
demo_r_pjangrp3,MT,POP,Population on 1 January,2017,459375,,2026-08-28T23:00:00+0200,https://ec.europa.eu/eurostat/api/dissemination/statistics/1.0/data/demo_r_pjangrp3?geo=MT&geo=MT002&sex=T&age=TOTAL&unit=NR&sinceTimePeriod=2015,2026-10-06
demo_r_pjangrp3,MT,POP,Population on 1 January,2018,474837,,2026-08-28T23:00:00+0200,https://ec.europa.eu/eurostat/api/dissemination/statistics/1.0/data/demo_r_pjangrp3?geo=MT&geo=MT002&sex=T&age=TOTAL&unit=NR&sinceTimePeriod=2015,2026-10-06
demo_r_pjangrp3,MT,POP,Population on 1 January,2019,492968,,2026-08-28T23:00:00+0200,https://ec.europa.eu/eurostat/api/dissemination/statistics/1.0/data/demo_r_pjangrp3?geo=MT&geo=MT002&sex=T&age=TOTAL&unit=NR&sinceTimePeriod=2015,2026-10-06
demo_r_pjangrp3,MT,POP,Population on 1 January,2020,514855,,2026-08-28T23:00:00+0200,https://ec.europa.eu/eurostat/api/dissemination/statistics/1.0/data/demo_r_pjangrp3?geo=MT&geo=MT002&sex=T&age=TOTAL&unit=NR&sinceTimePeriod=2015,2026-10-06
demo_r_pjangrp3,MT,POP,Population on 1 January,2021,516125,,2026-08-28T23:00:00+0200,https://ec.europa.eu/eurostat/api/dissemination/statistics/1.0/data/demo_r_pjangrp3?geo=MT&geo=MT002&sex=T&age=TOTAL&unit=NR&sinceTimePeriod=2015,2026-10-06
demo_r_pjangrp3,MT,POP,Population on 1 January,2022,520174,,2026-08-28T23:00:00+0200,https://ec.europa.eu/eurostat/api/dissemination/statistics/1.0/data/demo_r_pjangrp3?geo=MT&geo=MT002&sex=T&age=TOTAL&unit=NR&sinceTimePeriod=2015,2026-10-06
demo_r_pjangrp3,MT,POP,Population on 1 January,2023,542051,,2026-08-28T23:00:00+0200,https://ec.europa.eu/eurostat/api/dissemination/statistics/1.0/data/demo_r_pjangrp3?geo=MT&geo=MT002&sex=T&age=TOTAL&unit=NR&sinceTimePeriod=2015,2026-10-06
demo_r_pjangrp3,MT,POP,Population on 1 January,2024,563443,,2026-08-28T23:00:00+0200,https://ec.europa.eu/eurostat/api/dissemination/statistics/1.0/data/demo_r_pjangrp3?geo=MT&geo=MT002&sex=T&age=TOTAL&unit=NR&sinceTimePeriod=2015,2026-10-06
demo_r_pjangrp3,MT,POP,Population on 1 January,2025,574250,,2026-08-28T23:00:00+0200,https://ec.europa.eu/eurostat/api/dissemination/statistics/1.0/data/demo_r_pjangrp3?geo=MT&geo=MT002&sex=T&age=TOTAL&unit=NR&sinceTimePeriod=2015,2026-10-06
demo_r_pjangrp3,MT002,POP,Population on 1 January,2015,32430,,2026-08-28T23:00:00+0200,https://ec.europa.eu/eurostat/api/dissemination/statistics/1.0/data/demo_r_pjangrp3?geo=MT&geo=MT002&sex=T&age=TOTAL&unit=NR&sinceTimePeriod=2015,2026-10-06
demo_r_pjangrp3,MT002,POP,Population on 1 January,2016,32916,,2026-08-28T23:00:00+0200,https://ec.europa.eu/eurostat/api/dissemination/statistics/1.0/data/demo_r_pjangrp3?geo=MT&geo=MT002&sex=T&age=TOTAL&unit=NR&sinceTimePeriod=2015,2026-10-06
demo_r_pjangrp3,MT002,POP,Population on 1 January,2017,33543,,2026-08-28T23:00:00+0200,https://ec.europa.eu/eurostat/api/dissemination/statistics/1.0/data/demo_r_pjangrp3?geo=MT&geo=MT002&sex=T&age=TOTAL&unit=NR&sinceTimePeriod=2015,2026-10-06
demo_r_pjangrp3,MT002,POP,Population on 1 January,2018,34573,,2026-08-28T23:00:00+0200,https://ec.europa.eu/eurostat/api/dissemination/statistics/1.0/data/demo_r_pjangrp3?geo=MT&geo=MT002&sex=T&age=TOTAL&unit=NR&sinceTimePeriod=2015,2026-10-06
demo_r_pjangrp3,MT002,POP,Population on 1 January,2019,35896,,2026-08-28T23:00:00+0200,https://ec.europa.eu/eurostat/api/dissemination/statistics/1.0/data/demo_r_pjangrp3?geo=MT&geo=MT002&sex=T&age=TOTAL&unit=NR&sinceTimePeriod=2015,2026-10-06
demo_r_pjangrp3,MT002,POP,Population on 1 January,2020,37832,,2026-08-28T23:00:00+0200,https://ec.europa.eu/eurostat/api/dissemination/statistics/1.0/data/demo_r_pjangrp3?geo=MT&geo=MT002&sex=T&age=TOTAL&unit=NR&sinceTimePeriod=2015,2026-10-06
demo_r_pjangrp3,MT002,POP,Population on 1 January,2021,38407,,2026-08-28T23:00:00+0200,https://ec.europa.eu/eurostat/api/dissemination/statistics/1.0/data/demo_r_pjangrp3?geo=MT&geo=MT002&sex=T&age=TOTAL&unit=NR&sinceTimePeriod=2015,2026-10-06
demo_r_pjangrp3,MT002,POP,Population on 1 January,2022,39267,,2026-08-28T23:00:00+0200,https://ec.europa.eu/eurostat/api/dissemination/statistics/1.0/data/demo_r_pjangrp3?geo=MT&geo=MT002&sex=T&age=TOTAL&unit=NR&sinceTimePeriod=2015,2026-10-06
demo_r_pjangrp3,MT002,POP,Population on 1 January,2023,40191,,2026-08-28T23:00:00+0200,https://ec.europa.eu/eurostat/api/dissemination/statistics/1.0/data/demo_r_pjangrp3?geo=MT&geo=MT002&sex=T&age=TOTAL&unit=NR&sinceTimePeriod=2015,2026-10-06
demo_r_pjangrp3,MT002,POP,Population on 1 January,2024,40926,,2026-08-28T23:00:00+0200,https://ec.europa.eu/eurostat/api/dissemination/statistics/1.0/data/demo_r_pjangrp3?geo=MT&geo=MT002&sex=T&age=TOTAL&unit=NR&sinceTimePeriod=2015,2026-10-06
demo_r_pjangrp3,MT002,POP,Population on 1 January,2025,41253,,2026-08-28T23:00:00+0200,https://ec.europa.eu/eurostat/api/dissemination/statistics/1.0/data/demo_r_pjangrp3?geo=MT&geo=MT002&sex=T&age=TOTAL&unit=NR&sinceTimePeriod=2015,2026-10-06
env_air_gge,MT,CRF1A3,Fuel combustion in transport,2005,0.53001,,2026-06-02T23:00:00+0200,https://ec.europa.eu/eurostat/api/dissemination/statistics/1.0/data/env_air_gge?geo=MT&unit=MIO_T&airpol=GHG&src_crf=TOTX4_MEMO&src_crf=CRF1A3&src_crf=CRF1A3B&sinceTimePeriod=2005,2026-10-06
env_air_gge,MT,CRF1A3,Fuel combustion in transport,2006,0.53342,,2026-06-02T23:00:00+0200,https://ec.europa.eu/eurostat/api/dissemination/statistics/1.0/data/env_air_gge?geo=MT&unit=MIO_T&airpol=GHG&src_crf=TOTX4_MEMO&src_crf=CRF1A3&src_crf=CRF1A3B&sinceTimePeriod=2005,2026-10-06
env_air_gge,MT,CRF1A3,Fuel combustion in transport,2007,0.54937,,2026-06-02T23:00:00+0200,https://ec.europa.eu/eurostat/api/dissemination/statistics/1.0/data/env_air_gge?geo=MT&unit=MIO_T&airpol=GHG&src_crf=TOTX4_MEMO&src_crf=CRF1A3&src_crf=CRF1A3B&sinceTimePeriod=2005,2026-10-06
env_air_gge,MT,CRF1A3,Fuel combustion in transport,2008,0.54752,,2026-06-02T23:00:00+0200,https://ec.europa.eu/eurostat/api/dissemination/statistics/1.0/data/env_air_gge?geo=MT&unit=MIO_T&airpol=GHG&src_crf=TOTX4_MEMO&src_crf=CRF1A3&src_crf=CRF1A3B&sinceTimePeriod=2005,2026-10-06
env_air_gge,MT,CRF1A3,Fuel combustion in transport,2009,0.53274,,2026-06-02T23:00:00+0200,https://ec.europa.eu/eurostat/api/dissemination/statistics/1.0/data/env_air_gge?geo=MT&unit=MIO_T&airpol=GHG&src_crf=TOTX4_MEMO&src_crf=CRF1A3&src_crf=CRF1A3B&sinceTimePeriod=2005,2026-10-06
env_air_gge,MT,CRF1A3,Fuel combustion in transport,2010,0.57884,,2026-06-02T23:00:00+0200,https://ec.europa.eu/eurostat/api/dissemination/statistics/1.0/data/env_air_gge?geo=MT&unit=MIO_T&airpol=GHG&src_crf=TOTX4_MEMO&src_crf=CRF1A3&src_crf=CRF1A3B&sinceTimePeriod=2005,2026-10-06
env_air_gge,MT,CRF1A3,Fuel combustion in transport,2011,0.56255,,2026-06-02T23:00:00+0200,https://ec.europa.eu/eurostat/api/dissemination/statistics/1.0/data/env_air_gge?geo=MT&unit=MIO_T&airpol=GHG&src_crf=TOTX4_MEMO&src_crf=CRF1A3&src_crf=CRF1A3B&sinceTimePeriod=2005,2026-10-06
env_air_gge,MT,CRF1A3,Fuel combustion in transport,2012,0.54264,,2026-06-02T23:00:00+0200,https://ec.europa.eu/eurostat/api/dissemination/statistics/1.0/data/env_air_gge?geo=MT&unit=MIO_T&airpol=GHG&src_crf=TOTX4_MEMO&src_crf=CRF1A3&src_crf=CRF1A3B&sinceTimePeriod=2005,2026-10-06
env_air_gge,MT,CRF1A3,Fuel combustion in transport,2013,0.54263,,2026-06-02T23:00:00+0200,https://ec.europa.eu/eurostat/api/dissemination/statistics/1.0/data/env_air_gge?geo=MT&unit=MIO_T&airpol=GHG&src_crf=TOTX4_MEMO&src_crf=CRF1A3&src_crf=CRF1A3B&sinceTimePeriod=2005,2026-10-06
env_air_gge,MT,CRF1A3,Fuel combustion in transport,2014,0.55249,,2026-06-02T23:00:00+0200,https://ec.europa.eu/eurostat/api/dissemination/statistics/1.0/data/env_air_gge?geo=MT&unit=MIO_T&airpol=GHG&src_crf=TOTX4_MEMO&src_crf=CRF1A3&src_crf=CRF1A3B&sinceTimePeriod=2005,2026-10-06
env_air_gge,MT,CRF1A3,Fuel combustion in transport,2015,0.58654,,2026-06-02T23:00:00+0200,https://ec.europa.eu/eurostat/api/dissemination/statistics/1.0/data/env_air_gge?geo=MT&unit=MIO_T&airpol=GHG&src_crf=TOTX4_MEMO&src_crf=CRF1A3&src_crf=CRF1A3B&sinceTimePeriod=2005,2026-10-06
env_air_gge,MT,CRF1A3,Fuel combustion in transport,2016,0.5861,,2026-06-02T23:00:00+0200,https://ec.europa.eu/eurostat/api/dissemination/statistics/1.0/data/env_air_gge?geo=MT&unit=MIO_T&airpol=GHG&src_crf=TOTX4_MEMO&src_crf=CRF1A3&src_crf=CRF1A3B&sinceTimePeriod=2005,2026-10-06
env_air_gge,MT,CRF1A3,Fuel combustion in transport,2017,0.60714,,2026-06-02T23:00:00+0200,https://ec.europa.eu/eurostat/api/dissemination/statistics/1.0/data/env_air_gge?geo=MT&unit=MIO_T&airpol=GHG&src_crf=TOTX4_MEMO&src_crf=CRF1A3&src_crf=CRF1A3B&sinceTimePeriod=2005,2026-10-06
env_air_gge,MT,CRF1A3,Fuel combustion in transport,2018,0.66115,,2026-06-02T23:00:00+0200,https://ec.europa.eu/eurostat/api/dissemination/statistics/1.0/data/env_air_gge?geo=MT&unit=MIO_T&airpol=GHG&src_crf=TOTX4_MEMO&src_crf=CRF1A3&src_crf=CRF1A3B&sinceTimePeriod=2005,2026-10-06
env_air_gge,MT,CRF1A3,Fuel combustion in transport,2019,0.70146,,2026-06-02T23:00:00+0200,https://ec.europa.eu/eurostat/api/dissemination/statistics/1.0/data/env_air_gge?geo=MT&unit=MIO_T&airpol=GHG&src_crf=TOTX4_MEMO&src_crf=CRF1A3&src_crf=CRF1A3B&sinceTimePeriod=2005,2026-10-06
env_air_gge,MT,CRF1A3,Fuel combustion in transport,2020,0.57999,,2026-06-02T23:00:00+0200,https://ec.europa.eu/eurostat/api/dissemination/statistics/1.0/data/env_air_gge?geo=MT&unit=MIO_T&airpol=GHG&src_crf=TOTX4_MEMO&src_crf=CRF1A3&src_crf=CRF1A3B&sinceTimePeriod=2005,2026-10-06
env_air_gge,MT,CRF1A3,Fuel combustion in transport,2021,0.62165,,2026-06-02T23:00:00+0200,https://ec.europa.eu/eurostat/api/dissemination/statistics/1.0/data/env_air_gge?geo=MT&unit=MIO_T&airpol=GHG&src_crf=TOTX4_MEMO&src_crf=CRF1A3&src_crf=CRF1A3B&sinceTimePeriod=2005,2026-10-06
env_air_gge,MT,CRF1A3,Fuel combustion in transport,2022,0.72438,,2026-06-02T23:00:00+0200,https://ec.europa.eu/eurostat/api/dissemination/statistics/1.0/data/env_air_gge?geo=MT&unit=MIO_T&airpol=GHG&src_crf=TOTX4_MEMO&src_crf=CRF1A3&src_crf=CRF1A3B&sinceTimePeriod=2005,2026-10-06
env_air_gge,MT,CRF1A3,Fuel combustion in transport,2023,0.76524,,2026-06-02T23:00:00+0200,https://ec.europa.eu/eurostat/api/dissemination/statistics/1.0/data/env_air_gge?geo=MT&unit=MIO_T&airpol=GHG&src_crf=TOTX4_MEMO&src_crf=CRF1A3&src_crf=CRF1A3B&sinceTimePeriod=2005,2026-10-06
env_air_gge,MT,CRF1A3,Fuel combustion in transport,2024,0.78768,,2026-06-02T23:00:00+0200,https://ec.europa.eu/eurostat/api/dissemination/statistics/1.0/data/env_air_gge?geo=MT&unit=MIO_T&airpol=GHG&src_crf=TOTX4_MEMO&src_crf=CRF1A3&src_crf=CRF1A3B&sinceTimePeriod=2005,2026-10-06
env_air_gge,MT,CRF1A3B,Fuel combustion in road transport,2005,0.49532,,2026-06-02T23:00:00+0200,https://ec.europa.eu/eurostat/api/dissemination/statistics/1.0/data/env_air_gge?geo=MT&unit=MIO_T&airpol=GHG&src_crf=TOTX4_MEMO&src_crf=CRF1A3&src_crf=CRF1A3B&sinceTimePeriod=2005,2026-10-06
env_air_gge,MT,CRF1A3B,Fuel combustion in road transport,2006,0.50122,,2026-06-02T23:00:00+0200,https://ec.europa.eu/eurostat/api/dissemination/statistics/1.0/data/env_air_gge?geo=MT&unit=MIO_T&airpol=GHG&src_crf=TOTX4_MEMO&src_crf=CRF1A3&src_crf=CRF1A3B&sinceTimePeriod=2005,2026-10-06
env_air_gge,MT,CRF1A3B,Fuel combustion in road transport,2007,0.51304,,2026-06-02T23:00:00+0200,https://ec.europa.eu/eurostat/api/dissemination/statistics/1.0/data/env_air_gge?geo=MT&unit=MIO_T&airpol=GHG&src_crf=TOTX4_MEMO&src_crf=CRF1A3&src_crf=CRF1A3B&sinceTimePeriod=2005,2026-10-06
env_air_gge,MT,CRF1A3B,Fuel combustion in road transport,2008,0.51343,,2026-06-02T23:00:00+0200,https://ec.europa.eu/eurostat/api/dissemination/statistics/1.0/data/env_air_gge?geo=MT&unit=MIO_T&airpol=GHG&src_crf=TOTX4_MEMO&src_crf=CRF1A3&src_crf=CRF1A3B&sinceTimePeriod=2005,2026-10-06
env_air_gge,MT,CRF1A3B,Fuel combustion in road transport,2009,0.49384,,2026-06-02T23:00:00+0200,https://ec.europa.eu/eurostat/api/dissemination/statistics/1.0/data/env_air_gge?geo=MT&unit=MIO_T&airpol=GHG&src_crf=TOTX4_MEMO&src_crf=CRF1A3&src_crf=CRF1A3B&sinceTimePeriod=2005,2026-10-06
env_air_gge,MT,CRF1A3B,Fuel combustion in road transport,2010,0.52242,,2026-06-02T23:00:00+0200,https://ec.europa.eu/eurostat/api/dissemination/statistics/1.0/data/env_air_gge?geo=MT&unit=MIO_T&airpol=GHG&src_crf=TOTX4_MEMO&src_crf=CRF1A3&src_crf=CRF1A3B&sinceTimePeriod=2005,2026-10-06
env_air_gge,MT,CRF1A3B,Fuel combustion in road transport,2011,0.50579,,2026-06-02T23:00:00+0200,https://ec.europa.eu/eurostat/api/dissemination/statistics/1.0/data/env_air_gge?geo=MT&unit=MIO_T&airpol=GHG&src_crf=TOTX4_MEMO&src_crf=CRF1A3&src_crf=CRF1A3B&sinceTimePeriod=2005,2026-10-06
env_air_gge,MT,CRF1A3B,Fuel combustion in road transport,2012,0.49622,,2026-06-02T23:00:00+0200,https://ec.europa.eu/eurostat/api/dissemination/statistics/1.0/data/env_air_gge?geo=MT&unit=MIO_T&airpol=GHG&src_crf=TOTX4_MEMO&src_crf=CRF1A3&src_crf=CRF1A3B&sinceTimePeriod=2005,2026-10-06
env_air_gge,MT,CRF1A3B,Fuel combustion in road transport,2013,0.50606,,2026-06-02T23:00:00+0200,https://ec.europa.eu/eurostat/api/dissemination/statistics/1.0/data/env_air_gge?geo=MT&unit=MIO_T&airpol=GHG&src_crf=TOTX4_MEMO&src_crf=CRF1A3&src_crf=CRF1A3B&sinceTimePeriod=2005,2026-10-06
env_air_gge,MT,CRF1A3B,Fuel combustion in road transport,2014,0.51606,,2026-06-02T23:00:00+0200,https://ec.europa.eu/eurostat/api/dissemination/statistics/1.0/data/env_air_gge?geo=MT&unit=MIO_T&airpol=GHG&src_crf=TOTX4_MEMO&src_crf=CRF1A3&src_crf=CRF1A3B&sinceTimePeriod=2005,2026-10-06
env_air_gge,MT,CRF1A3B,Fuel combustion in road transport,2015,0.54713,,2026-06-02T23:00:00+0200,https://ec.europa.eu/eurostat/api/dissemination/statistics/1.0/data/env_air_gge?geo=MT&unit=MIO_T&airpol=GHG&src_crf=TOTX4_MEMO&src_crf=CRF1A3&src_crf=CRF1A3B&sinceTimePeriod=2005,2026-10-06
env_air_gge,MT,CRF1A3B,Fuel combustion in road transport,2016,0.54995,,2026-06-02T23:00:00+0200,https://ec.europa.eu/eurostat/api/dissemination/statistics/1.0/data/env_air_gge?geo=MT&unit=MIO_T&airpol=GHG&src_crf=TOTX4_MEMO&src_crf=CRF1A3&src_crf=CRF1A3B&sinceTimePeriod=2005,2026-10-06
env_air_gge,MT,CRF1A3B,Fuel combustion in road transport,2017,0.56593,,2026-06-02T23:00:00+0200,https://ec.europa.eu/eurostat/api/dissemination/statistics/1.0/data/env_air_gge?geo=MT&unit=MIO_T&airpol=GHG&src_crf=TOTX4_MEMO&src_crf=CRF1A3&src_crf=CRF1A3B&sinceTimePeriod=2005,2026-10-06
env_air_gge,MT,CRF1A3B,Fuel combustion in road transport,2018,0.62871,,2026-06-02T23:00:00+0200,https://ec.europa.eu/eurostat/api/dissemination/statistics/1.0/data/env_air_gge?geo=MT&unit=MIO_T&airpol=GHG&src_crf=TOTX4_MEMO&src_crf=CRF1A3&src_crf=CRF1A3B&sinceTimePeriod=2005,2026-10-06
env_air_gge,MT,CRF1A3B,Fuel combustion in road transport,2019,0.6564,,2026-06-02T23:00:00+0200,https://ec.europa.eu/eurostat/api/dissemination/statistics/1.0/data/env_air_gge?geo=MT&unit=MIO_T&airpol=GHG&src_crf=TOTX4_MEMO&src_crf=CRF1A3&src_crf=CRF1A3B&sinceTimePeriod=2005,2026-10-06
env_air_gge,MT,CRF1A3B,Fuel combustion in road transport,2020,0.52498,,2026-06-02T23:00:00+0200,https://ec.europa.eu/eurostat/api/dissemination/statistics/1.0/data/env_air_gge?geo=MT&unit=MIO_T&airpol=GHG&src_crf=TOTX4_MEMO&src_crf=CRF1A3&src_crf=CRF1A3B&sinceTimePeriod=2005,2026-10-06
env_air_gge,MT,CRF1A3B,Fuel combustion in road transport,2021,0.55212,,2026-06-02T23:00:00+0200,https://ec.europa.eu/eurostat/api/dissemination/statistics/1.0/data/env_air_gge?geo=MT&unit=MIO_T&airpol=GHG&src_crf=TOTX4_MEMO&src_crf=CRF1A3&src_crf=CRF1A3B&sinceTimePeriod=2005,2026-10-06
env_air_gge,MT,CRF1A3B,Fuel combustion in road transport,2022,0.66625,,2026-06-02T23:00:00+0200,https://ec.europa.eu/eurostat/api/dissemination/statistics/1.0/data/env_air_gge?geo=MT&unit=MIO_T&airpol=GHG&src_crf=TOTX4_MEMO&src_crf=CRF1A3&src_crf=CRF1A3B&sinceTimePeriod=2005,2026-10-06
env_air_gge,MT,CRF1A3B,Fuel combustion in road transport,2023,0.68653,,2026-06-02T23:00:00+0200,https://ec.europa.eu/eurostat/api/dissemination/statistics/1.0/data/env_air_gge?geo=MT&unit=MIO_T&airpol=GHG&src_crf=TOTX4_MEMO&src_crf=CRF1A3&src_crf=CRF1A3B&sinceTimePeriod=2005,2026-10-06
env_air_gge,MT,CRF1A3B,Fuel combustion in road transport,2024,0.69024,,2026-06-02T23:00:00+0200,https://ec.europa.eu/eurostat/api/dissemination/statistics/1.0/data/env_air_gge?geo=MT&unit=MIO_T&airpol=GHG&src_crf=TOTX4_MEMO&src_crf=CRF1A3&src_crf=CRF1A3B&sinceTimePeriod=2005,2026-10-06
env_air_gge,MT,TOTX4_MEMO,Total (excluding LULUCF and memo items),2005,2.98742,,2026-06-02T23:00:00+0200,https://ec.europa.eu/eurostat/api/dissemination/statistics/1.0/data/env_air_gge?geo=MT&unit=MIO_T&airpol=GHG&src_crf=TOTX4_MEMO&src_crf=CRF1A3&src_crf=CRF1A3B&sinceTimePeriod=2005,2026-10-06
env_air_gge,MT,TOTX4_MEMO,Total (excluding LULUCF and memo items),2006,3.03351,,2026-06-02T23:00:00+0200,https://ec.europa.eu/eurostat/api/dissemination/statistics/1.0/data/env_air_gge?geo=MT&unit=MIO_T&airpol=GHG&src_crf=TOTX4_MEMO&src_crf=CRF1A3&src_crf=CRF1A3B&sinceTimePeriod=2005,2026-10-06
env_air_gge,MT,TOTX4_MEMO,Total (excluding LULUCF and memo items),2007,3.1246,,2026-06-02T23:00:00+0200,https://ec.europa.eu/eurostat/api/dissemination/statistics/1.0/data/env_air_gge?geo=MT&unit=MIO_T&airpol=GHG&src_crf=TOTX4_MEMO&src_crf=CRF1A3&src_crf=CRF1A3B&sinceTimePeriod=2005,2026-10-06
env_air_gge,MT,TOTX4_MEMO,Total (excluding LULUCF and memo items),2008,3.03675,,2026-06-02T23:00:00+0200,https://ec.europa.eu/eurostat/api/dissemination/statistics/1.0/data/env_air_gge?geo=MT&unit=MIO_T&airpol=GHG&src_crf=TOTX4_MEMO&src_crf=CRF1A3&src_crf=CRF1A3B&sinceTimePeriod=2005,2026-10-06
env_air_gge,MT,TOTX4_MEMO,Total (excluding LULUCF and memo items),2009,2.90324,,2026-06-02T23:00:00+0200,https://ec.europa.eu/eurostat/api/dissemination/statistics/1.0/data/env_air_gge?geo=MT&unit=MIO_T&airpol=GHG&src_crf=TOTX4_MEMO&src_crf=CRF1A3&src_crf=CRF1A3B&sinceTimePeriod=2005,2026-10-06
env_air_gge,MT,TOTX4_MEMO,Total (excluding LULUCF and memo items),2010,2.95933,,2026-06-02T23:00:00+0200,https://ec.europa.eu/eurostat/api/dissemination/statistics/1.0/data/env_air_gge?geo=MT&unit=MIO_T&airpol=GHG&src_crf=TOTX4_MEMO&src_crf=CRF1A3&src_crf=CRF1A3B&sinceTimePeriod=2005,2026-10-06
env_air_gge,MT,TOTX4_MEMO,Total (excluding LULUCF and memo items),2011,2.96442,,2026-06-02T23:00:00+0200,https://ec.europa.eu/eurostat/api/dissemination/statistics/1.0/data/env_air_gge?geo=MT&unit=MIO_T&airpol=GHG&src_crf=TOTX4_MEMO&src_crf=CRF1A3&src_crf=CRF1A3B&sinceTimePeriod=2005,2026-10-06
env_air_gge,MT,TOTX4_MEMO,Total (excluding LULUCF and memo items),2012,3.1349,,2026-06-02T23:00:00+0200,https://ec.europa.eu/eurostat/api/dissemination/statistics/1.0/data/env_air_gge?geo=MT&unit=MIO_T&airpol=GHG&src_crf=TOTX4_MEMO&src_crf=CRF1A3&src_crf=CRF1A3B&sinceTimePeriod=2005,2026-10-06
env_air_gge,MT,TOTX4_MEMO,Total (excluding LULUCF and memo items),2013,2.82583,,2026-06-02T23:00:00+0200,https://ec.europa.eu/eurostat/api/dissemination/statistics/1.0/data/env_air_gge?geo=MT&unit=MIO_T&airpol=GHG&src_crf=TOTX4_MEMO&src_crf=CRF1A3&src_crf=CRF1A3B&sinceTimePeriod=2005,2026-10-06
env_air_gge,MT,TOTX4_MEMO,Total (excluding LULUCF and memo items),2014,2.83587,,2026-06-02T23:00:00+0200,https://ec.europa.eu/eurostat/api/dissemination/statistics/1.0/data/env_air_gge?geo=MT&unit=MIO_T&airpol=GHG&src_crf=TOTX4_MEMO&src_crf=CRF1A3&src_crf=CRF1A3B&sinceTimePeriod=2005,2026-10-06
env_air_gge,MT,TOTX4_MEMO,Total (excluding LULUCF and memo items),2015,2.13558,,2026-06-02T23:00:00+0200,https://ec.europa.eu/eurostat/api/dissemination/statistics/1.0/data/env_air_gge?geo=MT&unit=MIO_T&airpol=GHG&src_crf=TOTX4_MEMO&src_crf=CRF1A3&src_crf=CRF1A3B&sinceTimePeriod=2005,2026-10-06
env_air_gge,MT,TOTX4_MEMO,Total (excluding LULUCF and memo items),2016,1.83974,,2026-06-02T23:00:00+0200,https://ec.europa.eu/eurostat/api/dissemination/statistics/1.0/data/env_air_gge?geo=MT&unit=MIO_T&airpol=GHG&src_crf=TOTX4_MEMO&src_crf=CRF1A3&src_crf=CRF1A3B&sinceTimePeriod=2005,2026-10-06
env_air_gge,MT,TOTX4_MEMO,Total (excluding LULUCF and memo items),2017,2.00413,,2026-06-02T23:00:00+0200,https://ec.europa.eu/eurostat/api/dissemination/statistics/1.0/data/env_air_gge?geo=MT&unit=MIO_T&airpol=GHG&src_crf=TOTX4_MEMO&src_crf=CRF1A3&src_crf=CRF1A3B&sinceTimePeriod=2005,2026-10-06
env_air_gge,MT,TOTX4_MEMO,Total (excluding LULUCF and memo items),2018,2.0084,,2026-06-02T23:00:00+0200,https://ec.europa.eu/eurostat/api/dissemination/statistics/1.0/data/env_air_gge?geo=MT&unit=MIO_T&airpol=GHG&src_crf=TOTX4_MEMO&src_crf=CRF1A3&src_crf=CRF1A3B&sinceTimePeriod=2005,2026-10-06
env_air_gge,MT,TOTX4_MEMO,Total (excluding LULUCF and memo items),2019,2.11756,,2026-06-02T23:00:00+0200,https://ec.europa.eu/eurostat/api/dissemination/statistics/1.0/data/env_air_gge?geo=MT&unit=MIO_T&airpol=GHG&src_crf=TOTX4_MEMO&src_crf=CRF1A3&src_crf=CRF1A3B&sinceTimePeriod=2005,2026-10-06
env_air_gge,MT,TOTX4_MEMO,Total (excluding LULUCF and memo items),2020,2.08002,,2026-06-02T23:00:00+0200,https://ec.europa.eu/eurostat/api/dissemination/statistics/1.0/data/env_air_gge?geo=MT&unit=MIO_T&airpol=GHG&src_crf=TOTX4_MEMO&src_crf=CRF1A3&src_crf=CRF1A3B&sinceTimePeriod=2005,2026-10-06
env_air_gge,MT,TOTX4_MEMO,Total (excluding LULUCF and memo items),2021,2.09458,,2026-06-02T23:00:00+0200,https://ec.europa.eu/eurostat/api/dissemination/statistics/1.0/data/env_air_gge?geo=MT&unit=MIO_T&airpol=GHG&src_crf=TOTX4_MEMO&src_crf=CRF1A3&src_crf=CRF1A3B&sinceTimePeriod=2005,2026-10-06
env_air_gge,MT,TOTX4_MEMO,Total (excluding LULUCF and memo items),2022,2.25579,,2026-06-02T23:00:00+0200,https://ec.europa.eu/eurostat/api/dissemination/statistics/1.0/data/env_air_gge?geo=MT&unit=MIO_T&airpol=GHG&src_crf=TOTX4_MEMO&src_crf=CRF1A3&src_crf=CRF1A3B&sinceTimePeriod=2005,2026-10-06
env_air_gge,MT,TOTX4_MEMO,Total (excluding LULUCF and memo items),2023,2.20734,,2026-06-02T23:00:00+0200,https://ec.europa.eu/eurostat/api/dissemination/statistics/1.0/data/env_air_gge?geo=MT&unit=MIO_T&airpol=GHG&src_crf=TOTX4_MEMO&src_crf=CRF1A3&src_crf=CRF1A3B&sinceTimePeriod=2005,2026-10-06
env_air_gge,MT,TOTX4_MEMO,Total (excluding LULUCF and memo items),2024,2.17021,,2026-06-02T23:00:00+0200,https://ec.europa.eu/eurostat/api/dissemination/statistics/1.0/data/env_air_gge?geo=MT&unit=MIO_T&airpol=GHG&src_crf=TOTX4_MEMO&src_crf=CRF1A3&src_crf=CRF1A3B&sinceTimePeriod=2005,2026-10-06
