year,approved_units_total,approved_apartments_penthouses,source
2007,11141,10055,"Planning Authority, Approved Dwelling Units 2007-2025 (pa.org.mt/file.aspx?f=37489), read 3 Oct 2026"
2008,6700,6055,"Planning Authority, Approved Dwelling Units 2007-2025 (pa.org.mt/file.aspx?f=37489), read 3 Oct 2026"
2009,5203,4524,"Planning Authority, Approved Dwelling Units 2007-2025 (pa.org.mt/file.aspx?f=37489), read 3 Oct 2026"
2010,4406,3702,"Planning Authority, Approved Dwelling Units 2007-2025 (pa.org.mt/file.aspx?f=37489), read 3 Oct 2026"
2011,3851,3212,"Planning Authority, Approved Dwelling Units 2007-2025 (pa.org.mt/file.aspx?f=37489), read 3 Oct 2026"
2012,3063,2488,"Planning Authority, Approved Dwelling Units 2007-2025 (pa.org.mt/file.aspx?f=37489), read 3 Oct 2026"
2013,2679,2042,"Planning Authority, Approved Dwelling Units 2007-2025 (pa.org.mt/file.aspx?f=37489), read 3 Oct 2026"
2014,2924,2214,"Planning Authority, Approved Dwelling Units 2007-2025 (pa.org.mt/file.aspx?f=37489), read 3 Oct 2026"
2015,3945,3017,"Planning Authority, Approved Dwelling Units 2007-2025 (pa.org.mt/file.aspx?f=37489), read 3 Oct 2026"
2016,7706,6479,"Planning Authority, Approved Dwelling Units 2007-2025 (pa.org.mt/file.aspx?f=37489), read 3 Oct 2026"
2017,9024,7777,"Planning Authority, Approved Dwelling Units 2007-2025 (pa.org.mt/file.aspx?f=37489), read 3 Oct 2026"
2018,12829,11157,"Planning Authority, Approved Dwelling Units 2007-2025 (pa.org.mt/file.aspx?f=37489), read 3 Oct 2026"
2019,12474,10717,"Planning Authority, Approved Dwelling Units 2007-2025 (pa.org.mt/file.aspx?f=37489), read 3 Oct 2026"
2020,7831,6731,"Planning Authority, Approved Dwelling Units 2007-2025 (pa.org.mt/file.aspx?f=37489), read 3 Oct 2026"
2021,7578,6451,"Planning Authority, Approved Dwelling Units 2007-2025 (pa.org.mt/file.aspx?f=37489), read 3 Oct 2026"
2022,9599,8280,"Planning Authority, Approved Dwelling Units 2007-2025 (pa.org.mt/file.aspx?f=37489), read 3 Oct 2026"
2023,8112,7024,"Planning Authority, Approved Dwelling Units 2007-2025 (pa.org.mt/file.aspx?f=37489), read 3 Oct 2026"
2024,8716,7543,"Planning Authority, Approved Dwelling Units 2007-2025 (pa.org.mt/file.aspx?f=37489), read 3 Oct 2026"
2025,12325,10745,"Planning Authority, Approved Dwelling Units 2007-2025 (pa.org.mt/file.aspx?f=37489), read 3 Oct 2026"
