check,value,unit,source,note
Pledged cut,4.0,million m3 a year,WSC 2 Apr 2019,4 billion litres = 4.0 million m3
WSC groundwater production 2022,12.676,million m3,"WSC AR 2016, AR 2025 Fig 20",
Change vs 2016 (13.505),-0.83,million m3,calculated,
Change vs 2016 as share of the 4.0 pledged,20.74,%,calculated,positive = fall
WSC groundwater production 2023,13.157,million m3,"WSC AR 2016, AR 2025 Fig 20",
Change vs 2016 (13.505),-0.348,million m3,calculated,
Change vs 2016 as share of the 4.0 pledged,8.7,%,calculated,positive = fall
WSC groundwater production 2024,13.094,million m3,"WSC AR 2016, AR 2025 Fig 20",
Change vs 2016 (13.505),-0.411,million m3,calculated,
Change vs 2016 as share of the 4.0 pledged,10.273,%,calculated,positive = fall
WSC groundwater production 2025,11.541,million m3,"WSC AR 2016, AR 2025 Fig 20",
Change vs 2016 (13.505),-1.964,million m3,calculated,
Change vs 2016 as share of the 4.0 pledged,49.1,%,calculated,positive = fall
WSC groundwater production 2016,13.505,million m3,WSC AR 2016 p.10,
Groundwater needed for the full cut from 2016 level,9.505,million m3,calculated,
Pledged cut as share of 2016 WSC groundwater production,29.618,%,calculated,
WSC total potable production 2016,32.128,million m3,WSC AR 2016,
WSC total potable production 2025,39.456,million m3,WSC AR 2025,
Growth in total production 2016-2025,22.809,%,calculated,
Groundwater share of production 2016,42.035,%,calculated,
Groundwater share of production 2025,29.251,%,calculated,
Eurostat public-supply groundwater abstraction 2018,15.24,million m3,Eurostat env_wat_abs,flag e (estimated)
Eurostat public-supply groundwater abstraction 2019,15.52,million m3,Eurostat env_wat_abs,flag e (estimated)
Eurostat public-supply groundwater abstraction 2024,14.28,million m3,Eurostat env_wat_abs,flag e (estimated)
Eurostat public-supply change 2018 to 2024,-0.96,million m3,calculated,-6.3%
  as share of the 4.0 pledged,24.0,%,calculated,
Eurostat public-supply change 2019 to 2024,-1.24,million m3,calculated,-8.0%
  as share of the 4.0 pledged,31.0,%,calculated,
Pledged cut as share of national fresh groundwater abstraction 2024,10.4,%,calculated,national total 38.46 million m3 (estimated)
RO production 2016,18.623,million m3,WSC AR 2016,
RO production 2025,27.915,million m3,WSC AR 2025 Fig 20,
RO production growth 2016-2025,49.897,%,calculated,
RO electricity 2016,90.321,GWh,calculated,2016 volume x 4.85 kWh/m3 (WSC AR 2016)
RO electricity 2025 at the 2016 specific energy,135.389,GWh,calculated,"scenario, not a measurement"
Increase at the 2016 specific energy,49.897,%,calculated,
Specific energy needed in 2025 to keep RO electricity at the 2016 level,3.236,kWh/m3,calculated,
  fall from 4.85 that this would take,33.287,%,calculated,
Specific energy needed in 2024 to keep RO electricity at the 2016 level,3.51,kWh/m3,calculated,
RO electricity share of 2016 electricity bill,60.706,%,WSC AR 2016 note 2,nominal euro
RO electricity 2024 at 4.68 kWh/m3 (second-hand input),120.443,GWh,"WSC AR 2024 via search summary, not read directly",indicative only
  change vs 2016,33.349,%,calculated,indicative only
