geo,year,ffs_share_of_gdp_pct_measured,reliable,method,source,url,retrieved
AT,2023,0.04,no (bar top crossed by the EU-27 line or a 2015 marker),pixel measurement of the 2023 bar against the 0% and 4% gridlines (about +/-0.01 pp),"European Commission, COM(2025) 17 final, 28 Jan 2025, Figure 16",http://publications.europa.eu/resource/cellar/7150e5a9-dd6f-11ef-be2a-01aa75ed71a1.0017.03/DOC_1,2026-10-06
BE,2023,0.652,no (bar top crossed by the EU-27 line or a 2015 marker),pixel measurement of the 2023 bar against the 0% and 4% gridlines (about +/-0.01 pp),"European Commission, COM(2025) 17 final, 28 Jan 2025, Figure 16",http://publications.europa.eu/resource/cellar/7150e5a9-dd6f-11ef-be2a-01aa75ed71a1.0017.03/DOC_1,2026-10-06
BG,2023,1.103,yes,pixel measurement of the 2023 bar against the 0% and 4% gridlines (about +/-0.01 pp),"European Commission, COM(2025) 17 final, 28 Jan 2025, Figure 16",http://publications.europa.eu/resource/cellar/7150e5a9-dd6f-11ef-be2a-01aa75ed71a1.0017.03/DOC_1,2026-10-06
CY,2023,0.236,no (bar top crossed by the EU-27 line or a 2015 marker),pixel measurement of the 2023 bar against the 0% and 4% gridlines (about +/-0.01 pp),"European Commission, COM(2025) 17 final, 28 Jan 2025, Figure 16",http://publications.europa.eu/resource/cellar/7150e5a9-dd6f-11ef-be2a-01aa75ed71a1.0017.03/DOC_1,2026-10-06
CZ,2023,0.177,no (bar top crossed by the EU-27 line or a 2015 marker),pixel measurement of the 2023 bar against the 0% and 4% gridlines (about +/-0.01 pp),"European Commission, COM(2025) 17 final, 28 Jan 2025, Figure 16",http://publications.europa.eu/resource/cellar/7150e5a9-dd6f-11ef-be2a-01aa75ed71a1.0017.03/DOC_1,2026-10-06
DE,2023,1.0,yes,pixel measurement of the 2023 bar against the 0% and 4% gridlines (about +/-0.01 pp),"European Commission, COM(2025) 17 final, 28 Jan 2025, Figure 16",http://publications.europa.eu/resource/cellar/7150e5a9-dd6f-11ef-be2a-01aa75ed71a1.0017.03/DOC_1,2026-10-06
DK,2023,0.083,no (bar top crossed by the EU-27 line or a 2015 marker),pixel measurement of the 2023 bar against the 0% and 4% gridlines (about +/-0.01 pp),"European Commission, COM(2025) 17 final, 28 Jan 2025, Figure 16",http://publications.europa.eu/resource/cellar/7150e5a9-dd6f-11ef-be2a-01aa75ed71a1.0017.03/DOC_1,2026-10-06
EE,2023,0.119,no (bar top crossed by the EU-27 line or a 2015 marker),pixel measurement of the 2023 bar against the 0% and 4% gridlines (about +/-0.01 pp),"European Commission, COM(2025) 17 final, 28 Jan 2025, Figure 16",http://publications.europa.eu/resource/cellar/7150e5a9-dd6f-11ef-be2a-01aa75ed71a1.0017.03/DOC_1,2026-10-06
ES,2023,0.445,no (bar top crossed by the EU-27 line or a 2015 marker),pixel measurement of the 2023 bar against the 0% and 4% gridlines (about +/-0.01 pp),"European Commission, COM(2025) 17 final, 28 Jan 2025, Figure 16",http://publications.europa.eu/resource/cellar/7150e5a9-dd6f-11ef-be2a-01aa75ed71a1.0017.03/DOC_1,2026-10-06
FI,2023,0.331,no (bar top crossed by the EU-27 line or a 2015 marker),pixel measurement of the 2023 bar against the 0% and 4% gridlines (about +/-0.01 pp),"European Commission, COM(2025) 17 final, 28 Jan 2025, Figure 16",http://publications.europa.eu/resource/cellar/7150e5a9-dd6f-11ef-be2a-01aa75ed71a1.0017.03/DOC_1,2026-10-06
FR,2023,0.542,no (bar top crossed by the EU-27 line or a 2015 marker),pixel measurement of the 2023 bar against the 0% and 4% gridlines (about +/-0.01 pp),"European Commission, COM(2025) 17 final, 28 Jan 2025, Figure 16",http://publications.europa.eu/resource/cellar/7150e5a9-dd6f-11ef-be2a-01aa75ed71a1.0017.03/DOC_1,2026-10-06
EL,2023,0.858,yes,pixel measurement of the 2023 bar against the 0% and 4% gridlines (about +/-0.01 pp),"European Commission, COM(2025) 17 final, 28 Jan 2025, Figure 16",http://publications.europa.eu/resource/cellar/7150e5a9-dd6f-11ef-be2a-01aa75ed71a1.0017.03/DOC_1,2026-10-06
HR,2023,1.152,yes,pixel measurement of the 2023 bar against the 0% and 4% gridlines (about +/-0.01 pp),"European Commission, COM(2025) 17 final, 28 Jan 2025, Figure 16",http://publications.europa.eu/resource/cellar/7150e5a9-dd6f-11ef-be2a-01aa75ed71a1.0017.03/DOC_1,2026-10-06
HU,2023,1.012,yes,pixel measurement of the 2023 bar against the 0% and 4% gridlines (about +/-0.01 pp),"European Commission, COM(2025) 17 final, 28 Jan 2025, Figure 16",http://publications.europa.eu/resource/cellar/7150e5a9-dd6f-11ef-be2a-01aa75ed71a1.0017.03/DOC_1,2026-10-06
IE,2023,0.358,no (bar top crossed by the EU-27 line or a 2015 marker),pixel measurement of the 2023 bar against the 0% and 4% gridlines (about +/-0.01 pp),"European Commission, COM(2025) 17 final, 28 Jan 2025, Figure 16",http://publications.europa.eu/resource/cellar/7150e5a9-dd6f-11ef-be2a-01aa75ed71a1.0017.03/DOC_1,2026-10-06
IT,2023,0.281,no (bar top crossed by the EU-27 line or a 2015 marker),pixel measurement of the 2023 bar against the 0% and 4% gridlines (about +/-0.01 pp),"European Commission, COM(2025) 17 final, 28 Jan 2025, Figure 16",http://publications.europa.eu/resource/cellar/7150e5a9-dd6f-11ef-be2a-01aa75ed71a1.0017.03/DOC_1,2026-10-06
LT,2023,0.888,yes,pixel measurement of the 2023 bar against the 0% and 4% gridlines (about +/-0.01 pp),"European Commission, COM(2025) 17 final, 28 Jan 2025, Figure 16",http://publications.europa.eu/resource/cellar/7150e5a9-dd6f-11ef-be2a-01aa75ed71a1.0017.03/DOC_1,2026-10-06
LU,2023,0.679,no (bar top crossed by the EU-27 line or a 2015 marker),pixel measurement of the 2023 bar against the 0% and 4% gridlines (about +/-0.01 pp),"European Commission, COM(2025) 17 final, 28 Jan 2025, Figure 16",http://publications.europa.eu/resource/cellar/7150e5a9-dd6f-11ef-be2a-01aa75ed71a1.0017.03/DOC_1,2026-10-06
LV,2023,0.441,no (bar top crossed by the EU-27 line or a 2015 marker),pixel measurement of the 2023 bar against the 0% and 4% gridlines (about +/-0.01 pp),"European Commission, COM(2025) 17 final, 28 Jan 2025, Figure 16",http://publications.europa.eu/resource/cellar/7150e5a9-dd6f-11ef-be2a-01aa75ed71a1.0017.03/DOC_1,2026-10-06
MT,2023,3.367,yes,pixel measurement of the 2023 bar against the 0% and 4% gridlines (about +/-0.01 pp),"European Commission, COM(2025) 17 final, 28 Jan 2025, Figure 16",http://publications.europa.eu/resource/cellar/7150e5a9-dd6f-11ef-be2a-01aa75ed71a1.0017.03/DOC_1,2026-10-06
NL,2023,0.283,no (bar top crossed by the EU-27 line or a 2015 marker),pixel measurement of the 2023 bar against the 0% and 4% gridlines (about +/-0.01 pp),"European Commission, COM(2025) 17 final, 28 Jan 2025, Figure 16",http://publications.europa.eu/resource/cellar/7150e5a9-dd6f-11ef-be2a-01aa75ed71a1.0017.03/DOC_1,2026-10-06
PL,2023,2.091,yes,pixel measurement of the 2023 bar against the 0% and 4% gridlines (about +/-0.01 pp),"European Commission, COM(2025) 17 final, 28 Jan 2025, Figure 16",http://publications.europa.eu/resource/cellar/7150e5a9-dd6f-11ef-be2a-01aa75ed71a1.0017.03/DOC_1,2026-10-06
PT,2023,0.821,yes,pixel measurement of the 2023 bar against the 0% and 4% gridlines (about +/-0.01 pp),"European Commission, COM(2025) 17 final, 28 Jan 2025, Figure 16",http://publications.europa.eu/resource/cellar/7150e5a9-dd6f-11ef-be2a-01aa75ed71a1.0017.03/DOC_1,2026-10-06
RO,2023,0.646,no (bar top crossed by the EU-27 line or a 2015 marker),pixel measurement of the 2023 bar against the 0% and 4% gridlines (about +/-0.01 pp),"European Commission, COM(2025) 17 final, 28 Jan 2025, Figure 16",http://publications.europa.eu/resource/cellar/7150e5a9-dd6f-11ef-be2a-01aa75ed71a1.0017.03/DOC_1,2026-10-06
SE,2023,0.146,no (bar top crossed by the EU-27 line or a 2015 marker),pixel measurement of the 2023 bar against the 0% and 4% gridlines (about +/-0.01 pp),"European Commission, COM(2025) 17 final, 28 Jan 2025, Figure 16",http://publications.europa.eu/resource/cellar/7150e5a9-dd6f-11ef-be2a-01aa75ed71a1.0017.03/DOC_1,2026-10-06
SI,2023,0.168,no (bar top crossed by the EU-27 line or a 2015 marker),pixel measurement of the 2023 bar against the 0% and 4% gridlines (about +/-0.01 pp),"European Commission, COM(2025) 17 final, 28 Jan 2025, Figure 16",http://publications.europa.eu/resource/cellar/7150e5a9-dd6f-11ef-be2a-01aa75ed71a1.0017.03/DOC_1,2026-10-06
SK,2023,1.507,yes,pixel measurement of the 2023 bar against the 0% and 4% gridlines (about +/-0.01 pp),"European Commission, COM(2025) 17 final, 28 Jan 2025, Figure 16",http://publications.europa.eu/resource/cellar/7150e5a9-dd6f-11ef-be2a-01aa75ed71a1.0017.03/DOC_1,2026-10-06
EU27,2023,0.658,no (bar top crossed by the EU-27 line or a 2015 marker),pixel measurement of the 2023 bar against the 0% and 4% gridlines (about +/-0.01 pp),"European Commission, COM(2025) 17 final, 28 Jan 2025, Figure 16",http://publications.europa.eu/resource/cellar/7150e5a9-dd6f-11ef-be2a-01aa75ed71a1.0017.03/DOC_1,2026-10-06
