geo,column,ffs_eur_million,source,url,retrieved
AT,2018,373.9309999999999,"European Commission (DG ENER; Enerdata, Trinomics), Inventory of energy subsidies in the EU27, 2024 edition, sheet 'FFS End-dates' (FFS by country pivot)",https://circabc.europa.eu/ui/group/8f5f9424-a7ef-4dbf-b914-1af1d12ff5d2/library/4e6f2b2c-702b-429b-bb19-7aeb48f28f58/details,2026-10-06
AT,2019,377.995,"European Commission (DG ENER; Enerdata, Trinomics), Inventory of energy subsidies in the EU27, 2024 edition, sheet 'FFS End-dates' (FFS by country pivot)",https://circabc.europa.eu/ui/group/8f5f9424-a7ef-4dbf-b914-1af1d12ff5d2/library/4e6f2b2c-702b-429b-bb19-7aeb48f28f58/details,2026-10-06
AT,2020,332.353,"European Commission (DG ENER; Enerdata, Trinomics), Inventory of energy subsidies in the EU27, 2024 edition, sheet 'FFS End-dates' (FFS by country pivot)",https://circabc.europa.eu/ui/group/8f5f9424-a7ef-4dbf-b914-1af1d12ff5d2/library/4e6f2b2c-702b-429b-bb19-7aeb48f28f58/details,2026-10-06
AT,2021,341.83900000000006,"European Commission (DG ENER; Enerdata, Trinomics), Inventory of energy subsidies in the EU27, 2024 edition, sheet 'FFS End-dates' (FFS by country pivot)",https://circabc.europa.eu/ui/group/8f5f9424-a7ef-4dbf-b914-1af1d12ff5d2/library/4e6f2b2c-702b-429b-bb19-7aeb48f28f58/details,2026-10-06
AT,2022,4312.821000000001,"European Commission (DG ENER; Enerdata, Trinomics), Inventory of energy subsidies in the EU27, 2024 edition, sheet 'FFS End-dates' (FFS by country pivot)",https://circabc.europa.eu/ui/group/8f5f9424-a7ef-4dbf-b914-1af1d12ff5d2/library/4e6f2b2c-702b-429b-bb19-7aeb48f28f58/details,2026-10-06
AT,2023,216.792,"European Commission (DG ENER; Enerdata, Trinomics), Inventory of energy subsidies in the EU27, 2024 edition, sheet 'FFS End-dates' (FFS by country pivot)",https://circabc.europa.eu/ui/group/8f5f9424-a7ef-4dbf-b914-1af1d12ff5d2/library/4e6f2b2c-702b-429b-bb19-7aeb48f28f58/details,2026-10-06
AT,2023 incl. TBC,358.73900000000003,"European Commission (DG ENER; Enerdata, Trinomics), Inventory of energy subsidies in the EU27, 2024 edition, sheet 'FFS End-dates' (FFS by country pivot)",https://circabc.europa.eu/ui/group/8f5f9424-a7ef-4dbf-b914-1af1d12ff5d2/library/4e6f2b2c-702b-429b-bb19-7aeb48f28f58/details,2026-10-06
BE,2018,4249.071999999999,"European Commission (DG ENER; Enerdata, Trinomics), Inventory of energy subsidies in the EU27, 2024 edition, sheet 'FFS End-dates' (FFS by country pivot)",https://circabc.europa.eu/ui/group/8f5f9424-a7ef-4dbf-b914-1af1d12ff5d2/library/4e6f2b2c-702b-429b-bb19-7aeb48f28f58/details,2026-10-06
BE,2019,4576.4349999999995,"European Commission (DG ENER; Enerdata, Trinomics), Inventory of energy subsidies in the EU27, 2024 edition, sheet 'FFS End-dates' (FFS by country pivot)",https://circabc.europa.eu/ui/group/8f5f9424-a7ef-4dbf-b914-1af1d12ff5d2/library/4e6f2b2c-702b-429b-bb19-7aeb48f28f58/details,2026-10-06
BE,2020,4960.647000000001,"European Commission (DG ENER; Enerdata, Trinomics), Inventory of energy subsidies in the EU27, 2024 edition, sheet 'FFS End-dates' (FFS by country pivot)",https://circabc.europa.eu/ui/group/8f5f9424-a7ef-4dbf-b914-1af1d12ff5d2/library/4e6f2b2c-702b-429b-bb19-7aeb48f28f58/details,2026-10-06
BE,2021,6049.8060000000005,"European Commission (DG ENER; Enerdata, Trinomics), Inventory of energy subsidies in the EU27, 2024 edition, sheet 'FFS End-dates' (FFS by country pivot)",https://circabc.europa.eu/ui/group/8f5f9424-a7ef-4dbf-b914-1af1d12ff5d2/library/4e6f2b2c-702b-429b-bb19-7aeb48f28f58/details,2026-10-06
BE,2022,6465.433,"European Commission (DG ENER; Enerdata, Trinomics), Inventory of energy subsidies in the EU27, 2024 edition, sheet 'FFS End-dates' (FFS by country pivot)",https://circabc.europa.eu/ui/group/8f5f9424-a7ef-4dbf-b914-1af1d12ff5d2/library/4e6f2b2c-702b-429b-bb19-7aeb48f28f58/details,2026-10-06
BE,2023,2043.3540000000003,"European Commission (DG ENER; Enerdata, Trinomics), Inventory of energy subsidies in the EU27, 2024 edition, sheet 'FFS End-dates' (FFS by country pivot)",https://circabc.europa.eu/ui/group/8f5f9424-a7ef-4dbf-b914-1af1d12ff5d2/library/4e6f2b2c-702b-429b-bb19-7aeb48f28f58/details,2026-10-06
BE,2023 incl. TBC,4385.444,"European Commission (DG ENER; Enerdata, Trinomics), Inventory of energy subsidies in the EU27, 2024 edition, sheet 'FFS End-dates' (FFS by country pivot)",https://circabc.europa.eu/ui/group/8f5f9424-a7ef-4dbf-b914-1af1d12ff5d2/library/4e6f2b2c-702b-429b-bb19-7aeb48f28f58/details,2026-10-06
BG,2018,672.123,"European Commission (DG ENER; Enerdata, Trinomics), Inventory of energy subsidies in the EU27, 2024 edition, sheet 'FFS End-dates' (FFS by country pivot)",https://circabc.europa.eu/ui/group/8f5f9424-a7ef-4dbf-b914-1af1d12ff5d2/library/4e6f2b2c-702b-429b-bb19-7aeb48f28f58/details,2026-10-06
BG,2019,794.098,"European Commission (DG ENER; Enerdata, Trinomics), Inventory of energy subsidies in the EU27, 2024 edition, sheet 'FFS End-dates' (FFS by country pivot)",https://circabc.europa.eu/ui/group/8f5f9424-a7ef-4dbf-b914-1af1d12ff5d2/library/4e6f2b2c-702b-429b-bb19-7aeb48f28f58/details,2026-10-06
BG,2020,765.963,"European Commission (DG ENER; Enerdata, Trinomics), Inventory of energy subsidies in the EU27, 2024 edition, sheet 'FFS End-dates' (FFS by country pivot)",https://circabc.europa.eu/ui/group/8f5f9424-a7ef-4dbf-b914-1af1d12ff5d2/library/4e6f2b2c-702b-429b-bb19-7aeb48f28f58/details,2026-10-06
BG,2021,383.26300000000003,"European Commission (DG ENER; Enerdata, Trinomics), Inventory of energy subsidies in the EU27, 2024 edition, sheet 'FFS End-dates' (FFS by country pivot)",https://circabc.europa.eu/ui/group/8f5f9424-a7ef-4dbf-b914-1af1d12ff5d2/library/4e6f2b2c-702b-429b-bb19-7aeb48f28f58/details,2026-10-06
BG,2022,515.644,"European Commission (DG ENER; Enerdata, Trinomics), Inventory of energy subsidies in the EU27, 2024 edition, sheet 'FFS End-dates' (FFS by country pivot)",https://circabc.europa.eu/ui/group/8f5f9424-a7ef-4dbf-b914-1af1d12ff5d2/library/4e6f2b2c-702b-429b-bb19-7aeb48f28f58/details,2026-10-06
BG,2023,949.548,"European Commission (DG ENER; Enerdata, Trinomics), Inventory of energy subsidies in the EU27, 2024 edition, sheet 'FFS End-dates' (FFS by country pivot)",https://circabc.europa.eu/ui/group/8f5f9424-a7ef-4dbf-b914-1af1d12ff5d2/library/4e6f2b2c-702b-429b-bb19-7aeb48f28f58/details,2026-10-06
BG,2023 incl. TBC,1022.942,"European Commission (DG ENER; Enerdata, Trinomics), Inventory of energy subsidies in the EU27, 2024 edition, sheet 'FFS End-dates' (FFS by country pivot)",https://circabc.europa.eu/ui/group/8f5f9424-a7ef-4dbf-b914-1af1d12ff5d2/library/4e6f2b2c-702b-429b-bb19-7aeb48f28f58/details,2026-10-06
CY,2018,45.910999999999994,"European Commission (DG ENER; Enerdata, Trinomics), Inventory of energy subsidies in the EU27, 2024 edition, sheet 'FFS End-dates' (FFS by country pivot)",https://circabc.europa.eu/ui/group/8f5f9424-a7ef-4dbf-b914-1af1d12ff5d2/library/4e6f2b2c-702b-429b-bb19-7aeb48f28f58/details,2026-10-06
CY,2019,42.958,"European Commission (DG ENER; Enerdata, Trinomics), Inventory of energy subsidies in the EU27, 2024 edition, sheet 'FFS End-dates' (FFS by country pivot)",https://circabc.europa.eu/ui/group/8f5f9424-a7ef-4dbf-b914-1af1d12ff5d2/library/4e6f2b2c-702b-429b-bb19-7aeb48f28f58/details,2026-10-06
CY,2020,280.925,"European Commission (DG ENER; Enerdata, Trinomics), Inventory of energy subsidies in the EU27, 2024 edition, sheet 'FFS End-dates' (FFS by country pivot)",https://circabc.europa.eu/ui/group/8f5f9424-a7ef-4dbf-b914-1af1d12ff5d2/library/4e6f2b2c-702b-429b-bb19-7aeb48f28f58/details,2026-10-06
CY,2021,219.464,"European Commission (DG ENER; Enerdata, Trinomics), Inventory of energy subsidies in the EU27, 2024 edition, sheet 'FFS End-dates' (FFS by country pivot)",https://circabc.europa.eu/ui/group/8f5f9424-a7ef-4dbf-b914-1af1d12ff5d2/library/4e6f2b2c-702b-429b-bb19-7aeb48f28f58/details,2026-10-06
CY,2022,81.79899999999999,"European Commission (DG ENER; Enerdata, Trinomics), Inventory of energy subsidies in the EU27, 2024 edition, sheet 'FFS End-dates' (FFS by country pivot)",https://circabc.europa.eu/ui/group/8f5f9424-a7ef-4dbf-b914-1af1d12ff5d2/library/4e6f2b2c-702b-429b-bb19-7aeb48f28f58/details,2026-10-06
CY,2023,68.24099999999999,"European Commission (DG ENER; Enerdata, Trinomics), Inventory of energy subsidies in the EU27, 2024 edition, sheet 'FFS End-dates' (FFS by country pivot)",https://circabc.europa.eu/ui/group/8f5f9424-a7ef-4dbf-b914-1af1d12ff5d2/library/4e6f2b2c-702b-429b-bb19-7aeb48f28f58/details,2026-10-06
CY,2023 incl. TBC,68.24099999999999,"European Commission (DG ENER; Enerdata, Trinomics), Inventory of energy subsidies in the EU27, 2024 edition, sheet 'FFS End-dates' (FFS by country pivot)",https://circabc.europa.eu/ui/group/8f5f9424-a7ef-4dbf-b914-1af1d12ff5d2/library/4e6f2b2c-702b-429b-bb19-7aeb48f28f58/details,2026-10-06
CZ,2018,669.5690000000002,"European Commission (DG ENER; Enerdata, Trinomics), Inventory of energy subsidies in the EU27, 2024 edition, sheet 'FFS End-dates' (FFS by country pivot)",https://circabc.europa.eu/ui/group/8f5f9424-a7ef-4dbf-b914-1af1d12ff5d2/library/4e6f2b2c-702b-429b-bb19-7aeb48f28f58/details,2026-10-06
CZ,2019,620.4469999999999,"European Commission (DG ENER; Enerdata, Trinomics), Inventory of energy subsidies in the EU27, 2024 edition, sheet 'FFS End-dates' (FFS by country pivot)",https://circabc.europa.eu/ui/group/8f5f9424-a7ef-4dbf-b914-1af1d12ff5d2/library/4e6f2b2c-702b-429b-bb19-7aeb48f28f58/details,2026-10-06
CZ,2020,546.2059999999999,"European Commission (DG ENER; Enerdata, Trinomics), Inventory of energy subsidies in the EU27, 2024 edition, sheet 'FFS End-dates' (FFS by country pivot)",https://circabc.europa.eu/ui/group/8f5f9424-a7ef-4dbf-b914-1af1d12ff5d2/library/4e6f2b2c-702b-429b-bb19-7aeb48f28f58/details,2026-10-06
CZ,2021,504.571,"European Commission (DG ENER; Enerdata, Trinomics), Inventory of energy subsidies in the EU27, 2024 edition, sheet 'FFS End-dates' (FFS by country pivot)",https://circabc.europa.eu/ui/group/8f5f9424-a7ef-4dbf-b914-1af1d12ff5d2/library/4e6f2b2c-702b-429b-bb19-7aeb48f28f58/details,2026-10-06
CZ,2022,746.117,"European Commission (DG ENER; Enerdata, Trinomics), Inventory of energy subsidies in the EU27, 2024 edition, sheet 'FFS End-dates' (FFS by country pivot)",https://circabc.europa.eu/ui/group/8f5f9424-a7ef-4dbf-b914-1af1d12ff5d2/library/4e6f2b2c-702b-429b-bb19-7aeb48f28f58/details,2026-10-06
CZ,2023,406.399,"European Commission (DG ENER; Enerdata, Trinomics), Inventory of energy subsidies in the EU27, 2024 edition, sheet 'FFS End-dates' (FFS by country pivot)",https://circabc.europa.eu/ui/group/8f5f9424-a7ef-4dbf-b914-1af1d12ff5d2/library/4e6f2b2c-702b-429b-bb19-7aeb48f28f58/details,2026-10-06
CZ,2023 incl. TBC,613.5319999999999,"European Commission (DG ENER; Enerdata, Trinomics), Inventory of energy subsidies in the EU27, 2024 edition, sheet 'FFS End-dates' (FFS by country pivot)",https://circabc.europa.eu/ui/group/8f5f9424-a7ef-4dbf-b914-1af1d12ff5d2/library/4e6f2b2c-702b-429b-bb19-7aeb48f28f58/details,2026-10-06
DE,2018,15938,"European Commission (DG ENER; Enerdata, Trinomics), Inventory of energy subsidies in the EU27, 2024 edition, sheet 'FFS End-dates' (FFS by country pivot)",https://circabc.europa.eu/ui/group/8f5f9424-a7ef-4dbf-b914-1af1d12ff5d2/library/4e6f2b2c-702b-429b-bb19-7aeb48f28f58/details,2026-10-06
DE,2019,14900.525,"European Commission (DG ENER; Enerdata, Trinomics), Inventory of energy subsidies in the EU27, 2024 edition, sheet 'FFS End-dates' (FFS by country pivot)",https://circabc.europa.eu/ui/group/8f5f9424-a7ef-4dbf-b914-1af1d12ff5d2/library/4e6f2b2c-702b-429b-bb19-7aeb48f28f58/details,2026-10-06
DE,2020,15608.76,"European Commission (DG ENER; Enerdata, Trinomics), Inventory of energy subsidies in the EU27, 2024 edition, sheet 'FFS End-dates' (FFS by country pivot)",https://circabc.europa.eu/ui/group/8f5f9424-a7ef-4dbf-b914-1af1d12ff5d2/library/4e6f2b2c-702b-429b-bb19-7aeb48f28f58/details,2026-10-06
DE,2021,14929.039999999999,"European Commission (DG ENER; Enerdata, Trinomics), Inventory of energy subsidies in the EU27, 2024 edition, sheet 'FFS End-dates' (FFS by country pivot)",https://circabc.europa.eu/ui/group/8f5f9424-a7ef-4dbf-b914-1af1d12ff5d2/library/4e6f2b2c-702b-429b-bb19-7aeb48f28f58/details,2026-10-06
DE,2022,28410.843,"European Commission (DG ENER; Enerdata, Trinomics), Inventory of energy subsidies in the EU27, 2024 edition, sheet 'FFS End-dates' (FFS by country pivot)",https://circabc.europa.eu/ui/group/8f5f9424-a7ef-4dbf-b914-1af1d12ff5d2/library/4e6f2b2c-702b-429b-bb19-7aeb48f28f58/details,2026-10-06
DE,2023,41103.251,"European Commission (DG ENER; Enerdata, Trinomics), Inventory of energy subsidies in the EU27, 2024 edition, sheet 'FFS End-dates' (FFS by country pivot)",https://circabc.europa.eu/ui/group/8f5f9424-a7ef-4dbf-b914-1af1d12ff5d2/library/4e6f2b2c-702b-429b-bb19-7aeb48f28f58/details,2026-10-06
DE,2023 incl. TBC,41145.422,"European Commission (DG ENER; Enerdata, Trinomics), Inventory of energy subsidies in the EU27, 2024 edition, sheet 'FFS End-dates' (FFS by country pivot)",https://circabc.europa.eu/ui/group/8f5f9424-a7ef-4dbf-b914-1af1d12ff5d2/library/4e6f2b2c-702b-429b-bb19-7aeb48f28f58/details,2026-10-06
DK,2018,544.8050000000001,"European Commission (DG ENER; Enerdata, Trinomics), Inventory of energy subsidies in the EU27, 2024 edition, sheet 'FFS End-dates' (FFS by country pivot)",https://circabc.europa.eu/ui/group/8f5f9424-a7ef-4dbf-b914-1af1d12ff5d2/library/4e6f2b2c-702b-429b-bb19-7aeb48f28f58/details,2026-10-06
DK,2019,551.947,"European Commission (DG ENER; Enerdata, Trinomics), Inventory of energy subsidies in the EU27, 2024 edition, sheet 'FFS End-dates' (FFS by country pivot)",https://circabc.europa.eu/ui/group/8f5f9424-a7ef-4dbf-b914-1af1d12ff5d2/library/4e6f2b2c-702b-429b-bb19-7aeb48f28f58/details,2026-10-06
DK,2020,438.44100000000003,"European Commission (DG ENER; Enerdata, Trinomics), Inventory of energy subsidies in the EU27, 2024 edition, sheet 'FFS End-dates' (FFS by country pivot)",https://circabc.europa.eu/ui/group/8f5f9424-a7ef-4dbf-b914-1af1d12ff5d2/library/4e6f2b2c-702b-429b-bb19-7aeb48f28f58/details,2026-10-06
DK,2021,499.61500000000007,"European Commission (DG ENER; Enerdata, Trinomics), Inventory of energy subsidies in the EU27, 2024 edition, sheet 'FFS End-dates' (FFS by country pivot)",https://circabc.europa.eu/ui/group/8f5f9424-a7ef-4dbf-b914-1af1d12ff5d2/library/4e6f2b2c-702b-429b-bb19-7aeb48f28f58/details,2026-10-06
DK,2022,360.35200000000003,"European Commission (DG ENER; Enerdata, Trinomics), Inventory of energy subsidies in the EU27, 2024 edition, sheet 'FFS End-dates' (FFS by country pivot)",https://circabc.europa.eu/ui/group/8f5f9424-a7ef-4dbf-b914-1af1d12ff5d2/library/4e6f2b2c-702b-429b-bb19-7aeb48f28f58/details,2026-10-06
DK,2023,308.3,"European Commission (DG ENER; Enerdata, Trinomics), Inventory of energy subsidies in the EU27, 2024 edition, sheet 'FFS End-dates' (FFS by country pivot)",https://circabc.europa.eu/ui/group/8f5f9424-a7ef-4dbf-b914-1af1d12ff5d2/library/4e6f2b2c-702b-429b-bb19-7aeb48f28f58/details,2026-10-06
DK,2023 incl. TBC,308.3,"European Commission (DG ENER; Enerdata, Trinomics), Inventory of energy subsidies in the EU27, 2024 edition, sheet 'FFS End-dates' (FFS by country pivot)",https://circabc.europa.eu/ui/group/8f5f9424-a7ef-4dbf-b914-1af1d12ff5d2/library/4e6f2b2c-702b-429b-bb19-7aeb48f28f58/details,2026-10-06
EE,2018,50.714,"European Commission (DG ENER; Enerdata, Trinomics), Inventory of energy subsidies in the EU27, 2024 edition, sheet 'FFS End-dates' (FFS by country pivot)",https://circabc.europa.eu/ui/group/8f5f9424-a7ef-4dbf-b914-1af1d12ff5d2/library/4e6f2b2c-702b-429b-bb19-7aeb48f28f58/details,2026-10-06
EE,2019,51.85,"European Commission (DG ENER; Enerdata, Trinomics), Inventory of energy subsidies in the EU27, 2024 edition, sheet 'FFS End-dates' (FFS by country pivot)",https://circabc.europa.eu/ui/group/8f5f9424-a7ef-4dbf-b914-1af1d12ff5d2/library/4e6f2b2c-702b-429b-bb19-7aeb48f28f58/details,2026-10-06
EE,2020,51.858000000000004,"European Commission (DG ENER; Enerdata, Trinomics), Inventory of energy subsidies in the EU27, 2024 edition, sheet 'FFS End-dates' (FFS by country pivot)",https://circabc.europa.eu/ui/group/8f5f9424-a7ef-4dbf-b914-1af1d12ff5d2/library/4e6f2b2c-702b-429b-bb19-7aeb48f28f58/details,2026-10-06
EE,2021,54.494,"European Commission (DG ENER; Enerdata, Trinomics), Inventory of energy subsidies in the EU27, 2024 edition, sheet 'FFS End-dates' (FFS by country pivot)",https://circabc.europa.eu/ui/group/8f5f9424-a7ef-4dbf-b914-1af1d12ff5d2/library/4e6f2b2c-702b-429b-bb19-7aeb48f28f58/details,2026-10-06
EE,2022,77.436,"European Commission (DG ENER; Enerdata, Trinomics), Inventory of energy subsidies in the EU27, 2024 edition, sheet 'FFS End-dates' (FFS by country pivot)",https://circabc.europa.eu/ui/group/8f5f9424-a7ef-4dbf-b914-1af1d12ff5d2/library/4e6f2b2c-702b-429b-bb19-7aeb48f28f58/details,2026-10-06
EE,2023,45.37200000000001,"European Commission (DG ENER; Enerdata, Trinomics), Inventory of energy subsidies in the EU27, 2024 edition, sheet 'FFS End-dates' (FFS by country pivot)",https://circabc.europa.eu/ui/group/8f5f9424-a7ef-4dbf-b914-1af1d12ff5d2/library/4e6f2b2c-702b-429b-bb19-7aeb48f28f58/details,2026-10-06
EE,2023 incl. TBC,45.37200000000001,"European Commission (DG ENER; Enerdata, Trinomics), Inventory of energy subsidies in the EU27, 2024 edition, sheet 'FFS End-dates' (FFS by country pivot)",https://circabc.europa.eu/ui/group/8f5f9424-a7ef-4dbf-b914-1af1d12ff5d2/library/4e6f2b2c-702b-429b-bb19-7aeb48f28f58/details,2026-10-06
ES,2018,5129.8949999999995,"European Commission (DG ENER; Enerdata, Trinomics), Inventory of energy subsidies in the EU27, 2024 edition, sheet 'FFS End-dates' (FFS by country pivot)",https://circabc.europa.eu/ui/group/8f5f9424-a7ef-4dbf-b914-1af1d12ff5d2/library/4e6f2b2c-702b-429b-bb19-7aeb48f28f58/details,2026-10-06
ES,2019,5286.557,"European Commission (DG ENER; Enerdata, Trinomics), Inventory of energy subsidies in the EU27, 2024 edition, sheet 'FFS End-dates' (FFS by country pivot)",https://circabc.europa.eu/ui/group/8f5f9424-a7ef-4dbf-b914-1af1d12ff5d2/library/4e6f2b2c-702b-429b-bb19-7aeb48f28f58/details,2026-10-06
ES,2020,4164.474,"European Commission (DG ENER; Enerdata, Trinomics), Inventory of energy subsidies in the EU27, 2024 edition, sheet 'FFS End-dates' (FFS by country pivot)",https://circabc.europa.eu/ui/group/8f5f9424-a7ef-4dbf-b914-1af1d12ff5d2/library/4e6f2b2c-702b-429b-bb19-7aeb48f28f58/details,2026-10-06
ES,2021,5720.857000000001,"European Commission (DG ENER; Enerdata, Trinomics), Inventory of energy subsidies in the EU27, 2024 edition, sheet 'FFS End-dates' (FFS by country pivot)",https://circabc.europa.eu/ui/group/8f5f9424-a7ef-4dbf-b914-1af1d12ff5d2/library/4e6f2b2c-702b-429b-bb19-7aeb48f28f58/details,2026-10-06
ES,2022,12016.989,"European Commission (DG ENER; Enerdata, Trinomics), Inventory of energy subsidies in the EU27, 2024 edition, sheet 'FFS End-dates' (FFS by country pivot)",https://circabc.europa.eu/ui/group/8f5f9424-a7ef-4dbf-b914-1af1d12ff5d2/library/4e6f2b2c-702b-429b-bb19-7aeb48f28f58/details,2026-10-06
ES,2023,6041.530999999999,"European Commission (DG ENER; Enerdata, Trinomics), Inventory of energy subsidies in the EU27, 2024 edition, sheet 'FFS End-dates' (FFS by country pivot)",https://circabc.europa.eu/ui/group/8f5f9424-a7ef-4dbf-b914-1af1d12ff5d2/library/4e6f2b2c-702b-429b-bb19-7aeb48f28f58/details,2026-10-06
ES,2023 incl. TBC,6416.523999999999,"European Commission (DG ENER; Enerdata, Trinomics), Inventory of energy subsidies in the EU27, 2024 edition, sheet 'FFS End-dates' (FFS by country pivot)",https://circabc.europa.eu/ui/group/8f5f9424-a7ef-4dbf-b914-1af1d12ff5d2/library/4e6f2b2c-702b-429b-bb19-7aeb48f28f58/details,2026-10-06
FI,2018,989.6330000000002,"European Commission (DG ENER; Enerdata, Trinomics), Inventory of energy subsidies in the EU27, 2024 edition, sheet 'FFS End-dates' (FFS by country pivot)",https://circabc.europa.eu/ui/group/8f5f9424-a7ef-4dbf-b914-1af1d12ff5d2/library/4e6f2b2c-702b-429b-bb19-7aeb48f28f58/details,2026-10-06
FI,2019,1291.019,"European Commission (DG ENER; Enerdata, Trinomics), Inventory of energy subsidies in the EU27, 2024 edition, sheet 'FFS End-dates' (FFS by country pivot)",https://circabc.europa.eu/ui/group/8f5f9424-a7ef-4dbf-b914-1af1d12ff5d2/library/4e6f2b2c-702b-429b-bb19-7aeb48f28f58/details,2026-10-06
FI,2020,1203.959,"European Commission (DG ENER; Enerdata, Trinomics), Inventory of energy subsidies in the EU27, 2024 edition, sheet 'FFS End-dates' (FFS by country pivot)",https://circabc.europa.eu/ui/group/8f5f9424-a7ef-4dbf-b914-1af1d12ff5d2/library/4e6f2b2c-702b-429b-bb19-7aeb48f28f58/details,2026-10-06
FI,2021,1155.2820000000002,"European Commission (DG ENER; Enerdata, Trinomics), Inventory of energy subsidies in the EU27, 2024 edition, sheet 'FFS End-dates' (FFS by country pivot)",https://circabc.europa.eu/ui/group/8f5f9424-a7ef-4dbf-b914-1af1d12ff5d2/library/4e6f2b2c-702b-429b-bb19-7aeb48f28f58/details,2026-10-06
FI,2022,1129.757,"European Commission (DG ENER; Enerdata, Trinomics), Inventory of energy subsidies in the EU27, 2024 edition, sheet 'FFS End-dates' (FFS by country pivot)",https://circabc.europa.eu/ui/group/8f5f9424-a7ef-4dbf-b914-1af1d12ff5d2/library/4e6f2b2c-702b-429b-bb19-7aeb48f28f58/details,2026-10-06
FI,2023,984.05,"European Commission (DG ENER; Enerdata, Trinomics), Inventory of energy subsidies in the EU27, 2024 edition, sheet 'FFS End-dates' (FFS by country pivot)",https://circabc.europa.eu/ui/group/8f5f9424-a7ef-4dbf-b914-1af1d12ff5d2/library/4e6f2b2c-702b-429b-bb19-7aeb48f28f58/details,2026-10-06
FI,2023 incl. TBC,1100.4299999999998,"European Commission (DG ENER; Enerdata, Trinomics), Inventory of energy subsidies in the EU27, 2024 edition, sheet 'FFS End-dates' (FFS by country pivot)",https://circabc.europa.eu/ui/group/8f5f9424-a7ef-4dbf-b914-1af1d12ff5d2/library/4e6f2b2c-702b-429b-bb19-7aeb48f28f58/details,2026-10-06
FR,2018,13098.176000000003,"European Commission (DG ENER; Enerdata, Trinomics), Inventory of energy subsidies in the EU27, 2024 edition, sheet 'FFS End-dates' (FFS by country pivot)",https://circabc.europa.eu/ui/group/8f5f9424-a7ef-4dbf-b914-1af1d12ff5d2/library/4e6f2b2c-702b-429b-bb19-7aeb48f28f58/details,2026-10-06
FR,2019,13435.719000000005,"European Commission (DG ENER; Enerdata, Trinomics), Inventory of energy subsidies in the EU27, 2024 edition, sheet 'FFS End-dates' (FFS by country pivot)",https://circabc.europa.eu/ui/group/8f5f9424-a7ef-4dbf-b914-1af1d12ff5d2/library/4e6f2b2c-702b-429b-bb19-7aeb48f28f58/details,2026-10-06
FR,2020,11855.035000000003,"European Commission (DG ENER; Enerdata, Trinomics), Inventory of energy subsidies in the EU27, 2024 edition, sheet 'FFS End-dates' (FFS by country pivot)",https://circabc.europa.eu/ui/group/8f5f9424-a7ef-4dbf-b914-1af1d12ff5d2/library/4e6f2b2c-702b-429b-bb19-7aeb48f28f58/details,2026-10-06
FR,2021,12469.497,"European Commission (DG ENER; Enerdata, Trinomics), Inventory of energy subsidies in the EU27, 2024 edition, sheet 'FFS End-dates' (FFS by country pivot)",https://circabc.europa.eu/ui/group/8f5f9424-a7ef-4dbf-b914-1af1d12ff5d2/library/4e6f2b2c-702b-429b-bb19-7aeb48f28f58/details,2026-10-06
FR,2022,30523.735,"European Commission (DG ENER; Enerdata, Trinomics), Inventory of energy subsidies in the EU27, 2024 edition, sheet 'FFS End-dates' (FFS by country pivot)",https://circabc.europa.eu/ui/group/8f5f9424-a7ef-4dbf-b914-1af1d12ff5d2/library/4e6f2b2c-702b-429b-bb19-7aeb48f28f58/details,2026-10-06
FR,2023,15189.396999999999,"European Commission (DG ENER; Enerdata, Trinomics), Inventory of energy subsidies in the EU27, 2024 edition, sheet 'FFS End-dates' (FFS by country pivot)",https://circabc.europa.eu/ui/group/8f5f9424-a7ef-4dbf-b914-1af1d12ff5d2/library/4e6f2b2c-702b-429b-bb19-7aeb48f28f58/details,2026-10-06
FR,2023 incl. TBC,15190.449999999999,"European Commission (DG ENER; Enerdata, Trinomics), Inventory of energy subsidies in the EU27, 2024 edition, sheet 'FFS End-dates' (FFS by country pivot)",https://circabc.europa.eu/ui/group/8f5f9424-a7ef-4dbf-b914-1af1d12ff5d2/library/4e6f2b2c-702b-429b-bb19-7aeb48f28f58/details,2026-10-06
EL,2018,3217.771,"European Commission (DG ENER; Enerdata, Trinomics), Inventory of energy subsidies in the EU27, 2024 edition, sheet 'FFS End-dates' (FFS by country pivot)",https://circabc.europa.eu/ui/group/8f5f9424-a7ef-4dbf-b914-1af1d12ff5d2/library/4e6f2b2c-702b-429b-bb19-7aeb48f28f58/details,2026-10-06
EL,2019,2109.6000000000004,"European Commission (DG ENER; Enerdata, Trinomics), Inventory of energy subsidies in the EU27, 2024 edition, sheet 'FFS End-dates' (FFS by country pivot)",https://circabc.europa.eu/ui/group/8f5f9424-a7ef-4dbf-b914-1af1d12ff5d2/library/4e6f2b2c-702b-429b-bb19-7aeb48f28f58/details,2026-10-06
EL,2020,1979.9240000000004,"European Commission (DG ENER; Enerdata, Trinomics), Inventory of energy subsidies in the EU27, 2024 edition, sheet 'FFS End-dates' (FFS by country pivot)",https://circabc.europa.eu/ui/group/8f5f9424-a7ef-4dbf-b914-1af1d12ff5d2/library/4e6f2b2c-702b-429b-bb19-7aeb48f28f58/details,2026-10-06
EL,2021,1943.9750000000006,"European Commission (DG ENER; Enerdata, Trinomics), Inventory of energy subsidies in the EU27, 2024 edition, sheet 'FFS End-dates' (FFS by country pivot)",https://circabc.europa.eu/ui/group/8f5f9424-a7ef-4dbf-b914-1af1d12ff5d2/library/4e6f2b2c-702b-429b-bb19-7aeb48f28f58/details,2026-10-06
EL,2022,3056.3369999999986,"European Commission (DG ENER; Enerdata, Trinomics), Inventory of energy subsidies in the EU27, 2024 edition, sheet 'FFS End-dates' (FFS by country pivot)",https://circabc.europa.eu/ui/group/8f5f9424-a7ef-4dbf-b914-1af1d12ff5d2/library/4e6f2b2c-702b-429b-bb19-7aeb48f28f58/details,2026-10-06
EL,2023,1632.2179999999998,"European Commission (DG ENER; Enerdata, Trinomics), Inventory of energy subsidies in the EU27, 2024 edition, sheet 'FFS End-dates' (FFS by country pivot)",https://circabc.europa.eu/ui/group/8f5f9424-a7ef-4dbf-b914-1af1d12ff5d2/library/4e6f2b2c-702b-429b-bb19-7aeb48f28f58/details,2026-10-06
EL,2023 incl. TBC,1901.618,"European Commission (DG ENER; Enerdata, Trinomics), Inventory of energy subsidies in the EU27, 2024 edition, sheet 'FFS End-dates' (FFS by country pivot)",https://circabc.europa.eu/ui/group/8f5f9424-a7ef-4dbf-b914-1af1d12ff5d2/library/4e6f2b2c-702b-429b-bb19-7aeb48f28f58/details,2026-10-06
HR,2018,205.78199999999998,"European Commission (DG ENER; Enerdata, Trinomics), Inventory of energy subsidies in the EU27, 2024 edition, sheet 'FFS End-dates' (FFS by country pivot)",https://circabc.europa.eu/ui/group/8f5f9424-a7ef-4dbf-b914-1af1d12ff5d2/library/4e6f2b2c-702b-429b-bb19-7aeb48f28f58/details,2026-10-06
HR,2019,352.703,"European Commission (DG ENER; Enerdata, Trinomics), Inventory of energy subsidies in the EU27, 2024 edition, sheet 'FFS End-dates' (FFS by country pivot)",https://circabc.europa.eu/ui/group/8f5f9424-a7ef-4dbf-b914-1af1d12ff5d2/library/4e6f2b2c-702b-429b-bb19-7aeb48f28f58/details,2026-10-06
HR,2020,450.11300000000006,"European Commission (DG ENER; Enerdata, Trinomics), Inventory of energy subsidies in the EU27, 2024 edition, sheet 'FFS End-dates' (FFS by country pivot)",https://circabc.europa.eu/ui/group/8f5f9424-a7ef-4dbf-b914-1af1d12ff5d2/library/4e6f2b2c-702b-429b-bb19-7aeb48f28f58/details,2026-10-06
HR,2021,417.29999999999995,"European Commission (DG ENER; Enerdata, Trinomics), Inventory of energy subsidies in the EU27, 2024 edition, sheet 'FFS End-dates' (FFS by country pivot)",https://circabc.europa.eu/ui/group/8f5f9424-a7ef-4dbf-b914-1af1d12ff5d2/library/4e6f2b2c-702b-429b-bb19-7aeb48f28f58/details,2026-10-06
HR,2022,1235.29,"European Commission (DG ENER; Enerdata, Trinomics), Inventory of energy subsidies in the EU27, 2024 edition, sheet 'FFS End-dates' (FFS by country pivot)",https://circabc.europa.eu/ui/group/8f5f9424-a7ef-4dbf-b914-1af1d12ff5d2/library/4e6f2b2c-702b-429b-bb19-7aeb48f28f58/details,2026-10-06
HR,2023,259.877,"European Commission (DG ENER; Enerdata, Trinomics), Inventory of energy subsidies in the EU27, 2024 edition, sheet 'FFS End-dates' (FFS by country pivot)",https://circabc.europa.eu/ui/group/8f5f9424-a7ef-4dbf-b914-1af1d12ff5d2/library/4e6f2b2c-702b-429b-bb19-7aeb48f28f58/details,2026-10-06
HR,2023 incl. TBC,842.0809999999999,"European Commission (DG ENER; Enerdata, Trinomics), Inventory of energy subsidies in the EU27, 2024 edition, sheet 'FFS End-dates' (FFS by country pivot)",https://circabc.europa.eu/ui/group/8f5f9424-a7ef-4dbf-b914-1af1d12ff5d2/library/4e6f2b2c-702b-429b-bb19-7aeb48f28f58/details,2026-10-06
HU,2018,777.7470000000002,"European Commission (DG ENER; Enerdata, Trinomics), Inventory of energy subsidies in the EU27, 2024 edition, sheet 'FFS End-dates' (FFS by country pivot)",https://circabc.europa.eu/ui/group/8f5f9424-a7ef-4dbf-b914-1af1d12ff5d2/library/4e6f2b2c-702b-429b-bb19-7aeb48f28f58/details,2026-10-06
HU,2019,692.3070000000001,"European Commission (DG ENER; Enerdata, Trinomics), Inventory of energy subsidies in the EU27, 2024 edition, sheet 'FFS End-dates' (FFS by country pivot)",https://circabc.europa.eu/ui/group/8f5f9424-a7ef-4dbf-b914-1af1d12ff5d2/library/4e6f2b2c-702b-429b-bb19-7aeb48f28f58/details,2026-10-06
HU,2020,700.222,"European Commission (DG ENER; Enerdata, Trinomics), Inventory of energy subsidies in the EU27, 2024 edition, sheet 'FFS End-dates' (FFS by country pivot)",https://circabc.europa.eu/ui/group/8f5f9424-a7ef-4dbf-b914-1af1d12ff5d2/library/4e6f2b2c-702b-429b-bb19-7aeb48f28f58/details,2026-10-06
HU,2021,824.6909999999999,"European Commission (DG ENER; Enerdata, Trinomics), Inventory of energy subsidies in the EU27, 2024 edition, sheet 'FFS End-dates' (FFS by country pivot)",https://circabc.europa.eu/ui/group/8f5f9424-a7ef-4dbf-b914-1af1d12ff5d2/library/4e6f2b2c-702b-429b-bb19-7aeb48f28f58/details,2026-10-06
HU,2022,2608.253,"European Commission (DG ENER; Enerdata, Trinomics), Inventory of energy subsidies in the EU27, 2024 edition, sheet 'FFS End-dates' (FFS by country pivot)",https://circabc.europa.eu/ui/group/8f5f9424-a7ef-4dbf-b914-1af1d12ff5d2/library/4e6f2b2c-702b-429b-bb19-7aeb48f28f58/details,2026-10-06
HU,2023,1865.1790000000003,"European Commission (DG ENER; Enerdata, Trinomics), Inventory of energy subsidies in the EU27, 2024 edition, sheet 'FFS End-dates' (FFS by country pivot)",https://circabc.europa.eu/ui/group/8f5f9424-a7ef-4dbf-b914-1af1d12ff5d2/library/4e6f2b2c-702b-429b-bb19-7aeb48f28f58/details,2026-10-06
HU,2023 incl. TBC,2010.9030000000002,"European Commission (DG ENER; Enerdata, Trinomics), Inventory of energy subsidies in the EU27, 2024 edition, sheet 'FFS End-dates' (FFS by country pivot)",https://circabc.europa.eu/ui/group/8f5f9424-a7ef-4dbf-b914-1af1d12ff5d2/library/4e6f2b2c-702b-429b-bb19-7aeb48f28f58/details,2026-10-06
IE,2018,2048.585,"European Commission (DG ENER; Enerdata, Trinomics), Inventory of energy subsidies in the EU27, 2024 edition, sheet 'FFS End-dates' (FFS by country pivot)",https://circabc.europa.eu/ui/group/8f5f9424-a7ef-4dbf-b914-1af1d12ff5d2/library/4e6f2b2c-702b-429b-bb19-7aeb48f28f58/details,2026-10-06
IE,2019,1777.6950000000002,"European Commission (DG ENER; Enerdata, Trinomics), Inventory of energy subsidies in the EU27, 2024 edition, sheet 'FFS End-dates' (FFS by country pivot)",https://circabc.europa.eu/ui/group/8f5f9424-a7ef-4dbf-b914-1af1d12ff5d2/library/4e6f2b2c-702b-429b-bb19-7aeb48f28f58/details,2026-10-06
IE,2020,1672.061,"European Commission (DG ENER; Enerdata, Trinomics), Inventory of energy subsidies in the EU27, 2024 edition, sheet 'FFS End-dates' (FFS by country pivot)",https://circabc.europa.eu/ui/group/8f5f9424-a7ef-4dbf-b914-1af1d12ff5d2/library/4e6f2b2c-702b-429b-bb19-7aeb48f28f58/details,2026-10-06
IE,2021,1704.5699999999997,"European Commission (DG ENER; Enerdata, Trinomics), Inventory of energy subsidies in the EU27, 2024 edition, sheet 'FFS End-dates' (FFS by country pivot)",https://circabc.europa.eu/ui/group/8f5f9424-a7ef-4dbf-b914-1af1d12ff5d2/library/4e6f2b2c-702b-429b-bb19-7aeb48f28f58/details,2026-10-06
IE,2022,1979.2320000000002,"European Commission (DG ENER; Enerdata, Trinomics), Inventory of energy subsidies in the EU27, 2024 edition, sheet 'FFS End-dates' (FFS by country pivot)",https://circabc.europa.eu/ui/group/8f5f9424-a7ef-4dbf-b914-1af1d12ff5d2/library/4e6f2b2c-702b-429b-bb19-7aeb48f28f58/details,2026-10-06
IE,2023,935.4850000000001,"European Commission (DG ENER; Enerdata, Trinomics), Inventory of energy subsidies in the EU27, 2024 edition, sheet 'FFS End-dates' (FFS by country pivot)",https://circabc.europa.eu/ui/group/8f5f9424-a7ef-4dbf-b914-1af1d12ff5d2/library/4e6f2b2c-702b-429b-bb19-7aeb48f28f58/details,2026-10-06
IE,2023 incl. TBC,1797.4070000000002,"European Commission (DG ENER; Enerdata, Trinomics), Inventory of energy subsidies in the EU27, 2024 edition, sheet 'FFS End-dates' (FFS by country pivot)",https://circabc.europa.eu/ui/group/8f5f9424-a7ef-4dbf-b914-1af1d12ff5d2/library/4e6f2b2c-702b-429b-bb19-7aeb48f28f58/details,2026-10-06
IT,2018,6042.987000000002,"European Commission (DG ENER; Enerdata, Trinomics), Inventory of energy subsidies in the EU27, 2024 edition, sheet 'FFS End-dates' (FFS by country pivot)",https://circabc.europa.eu/ui/group/8f5f9424-a7ef-4dbf-b914-1af1d12ff5d2/library/4e6f2b2c-702b-429b-bb19-7aeb48f28f58/details,2026-10-06
IT,2019,6132.96,"European Commission (DG ENER; Enerdata, Trinomics), Inventory of energy subsidies in the EU27, 2024 edition, sheet 'FFS End-dates' (FFS by country pivot)",https://circabc.europa.eu/ui/group/8f5f9424-a7ef-4dbf-b914-1af1d12ff5d2/library/4e6f2b2c-702b-429b-bb19-7aeb48f28f58/details,2026-10-06
IT,2020,5428.954000000001,"European Commission (DG ENER; Enerdata, Trinomics), Inventory of energy subsidies in the EU27, 2024 edition, sheet 'FFS End-dates' (FFS by country pivot)",https://circabc.europa.eu/ui/group/8f5f9424-a7ef-4dbf-b914-1af1d12ff5d2/library/4e6f2b2c-702b-429b-bb19-7aeb48f28f58/details,2026-10-06
IT,2021,4870.783999999999,"European Commission (DG ENER; Enerdata, Trinomics), Inventory of energy subsidies in the EU27, 2024 edition, sheet 'FFS End-dates' (FFS by country pivot)",https://circabc.europa.eu/ui/group/8f5f9424-a7ef-4dbf-b914-1af1d12ff5d2/library/4e6f2b2c-702b-429b-bb19-7aeb48f28f58/details,2026-10-06
IT,2022,26496.783000000003,"European Commission (DG ENER; Enerdata, Trinomics), Inventory of energy subsidies in the EU27, 2024 edition, sheet 'FFS End-dates' (FFS by country pivot)",https://circabc.europa.eu/ui/group/8f5f9424-a7ef-4dbf-b914-1af1d12ff5d2/library/4e6f2b2c-702b-429b-bb19-7aeb48f28f58/details,2026-10-06
IT,2023,5150.303,"European Commission (DG ENER; Enerdata, Trinomics), Inventory of energy subsidies in the EU27, 2024 edition, sheet 'FFS End-dates' (FFS by country pivot)",https://circabc.europa.eu/ui/group/8f5f9424-a7ef-4dbf-b914-1af1d12ff5d2/library/4e6f2b2c-702b-429b-bb19-7aeb48f28f58/details,2026-10-06
IT,2023 incl. TBC,6118.776,"European Commission (DG ENER; Enerdata, Trinomics), Inventory of energy subsidies in the EU27, 2024 edition, sheet 'FFS End-dates' (FFS by country pivot)",https://circabc.europa.eu/ui/group/8f5f9424-a7ef-4dbf-b914-1af1d12ff5d2/library/4e6f2b2c-702b-429b-bb19-7aeb48f28f58/details,2026-10-06
LT,2018,335.198,"European Commission (DG ENER; Enerdata, Trinomics), Inventory of energy subsidies in the EU27, 2024 edition, sheet 'FFS End-dates' (FFS by country pivot)",https://circabc.europa.eu/ui/group/8f5f9424-a7ef-4dbf-b914-1af1d12ff5d2/library/4e6f2b2c-702b-429b-bb19-7aeb48f28f58/details,2026-10-06
LT,2019,319.072,"European Commission (DG ENER; Enerdata, Trinomics), Inventory of energy subsidies in the EU27, 2024 edition, sheet 'FFS End-dates' (FFS by country pivot)",https://circabc.europa.eu/ui/group/8f5f9424-a7ef-4dbf-b914-1af1d12ff5d2/library/4e6f2b2c-702b-429b-bb19-7aeb48f28f58/details,2026-10-06
LT,2020,271.892,"European Commission (DG ENER; Enerdata, Trinomics), Inventory of energy subsidies in the EU27, 2024 edition, sheet 'FFS End-dates' (FFS by country pivot)",https://circabc.europa.eu/ui/group/8f5f9424-a7ef-4dbf-b914-1af1d12ff5d2/library/4e6f2b2c-702b-429b-bb19-7aeb48f28f58/details,2026-10-06
LT,2021,310.071,"European Commission (DG ENER; Enerdata, Trinomics), Inventory of energy subsidies in the EU27, 2024 edition, sheet 'FFS End-dates' (FFS by country pivot)",https://circabc.europa.eu/ui/group/8f5f9424-a7ef-4dbf-b914-1af1d12ff5d2/library/4e6f2b2c-702b-429b-bb19-7aeb48f28f58/details,2026-10-06
LT,2022,815.9680000000001,"European Commission (DG ENER; Enerdata, Trinomics), Inventory of energy subsidies in the EU27, 2024 edition, sheet 'FFS End-dates' (FFS by country pivot)",https://circabc.europa.eu/ui/group/8f5f9424-a7ef-4dbf-b914-1af1d12ff5d2/library/4e6f2b2c-702b-429b-bb19-7aeb48f28f58/details,2026-10-06
LT,2023,635.449,"European Commission (DG ENER; Enerdata, Trinomics), Inventory of energy subsidies in the EU27, 2024 edition, sheet 'FFS End-dates' (FFS by country pivot)",https://circabc.europa.eu/ui/group/8f5f9424-a7ef-4dbf-b914-1af1d12ff5d2/library/4e6f2b2c-702b-429b-bb19-7aeb48f28f58/details,2026-10-06
LT,2023 incl. TBC,635.449,"European Commission (DG ENER; Enerdata, Trinomics), Inventory of energy subsidies in the EU27, 2024 edition, sheet 'FFS End-dates' (FFS by country pivot)",https://circabc.europa.eu/ui/group/8f5f9424-a7ef-4dbf-b914-1af1d12ff5d2/library/4e6f2b2c-702b-429b-bb19-7aeb48f28f58/details,2026-10-06
LU,2018,152.934,"European Commission (DG ENER; Enerdata, Trinomics), Inventory of energy subsidies in the EU27, 2024 edition, sheet 'FFS End-dates' (FFS by country pivot)",https://circabc.europa.eu/ui/group/8f5f9424-a7ef-4dbf-b914-1af1d12ff5d2/library/4e6f2b2c-702b-429b-bb19-7aeb48f28f58/details,2026-10-06
LU,2019,154.002,"European Commission (DG ENER; Enerdata, Trinomics), Inventory of energy subsidies in the EU27, 2024 edition, sheet 'FFS End-dates' (FFS by country pivot)",https://circabc.europa.eu/ui/group/8f5f9424-a7ef-4dbf-b914-1af1d12ff5d2/library/4e6f2b2c-702b-429b-bb19-7aeb48f28f58/details,2026-10-06
LU,2020,136.685,"European Commission (DG ENER; Enerdata, Trinomics), Inventory of energy subsidies in the EU27, 2024 edition, sheet 'FFS End-dates' (FFS by country pivot)",https://circabc.europa.eu/ui/group/8f5f9424-a7ef-4dbf-b914-1af1d12ff5d2/library/4e6f2b2c-702b-429b-bb19-7aeb48f28f58/details,2026-10-06
LU,2021,123.54299999999999,"European Commission (DG ENER; Enerdata, Trinomics), Inventory of energy subsidies in the EU27, 2024 edition, sheet 'FFS End-dates' (FFS by country pivot)",https://circabc.europa.eu/ui/group/8f5f9424-a7ef-4dbf-b914-1af1d12ff5d2/library/4e6f2b2c-702b-429b-bb19-7aeb48f28f58/details,2026-10-06
LU,2022,289.646,"European Commission (DG ENER; Enerdata, Trinomics), Inventory of energy subsidies in the EU27, 2024 edition, sheet 'FFS End-dates' (FFS by country pivot)",https://circabc.europa.eu/ui/group/8f5f9424-a7ef-4dbf-b914-1af1d12ff5d2/library/4e6f2b2c-702b-429b-bb19-7aeb48f28f58/details,2026-10-06
LU,2023,421.746,"European Commission (DG ENER; Enerdata, Trinomics), Inventory of energy subsidies in the EU27, 2024 edition, sheet 'FFS End-dates' (FFS by country pivot)",https://circabc.europa.eu/ui/group/8f5f9424-a7ef-4dbf-b914-1af1d12ff5d2/library/4e6f2b2c-702b-429b-bb19-7aeb48f28f58/details,2026-10-06
LU,2023 incl. TBC,542.177,"European Commission (DG ENER; Enerdata, Trinomics), Inventory of energy subsidies in the EU27, 2024 edition, sheet 'FFS End-dates' (FFS by country pivot)",https://circabc.europa.eu/ui/group/8f5f9424-a7ef-4dbf-b914-1af1d12ff5d2/library/4e6f2b2c-702b-429b-bb19-7aeb48f28f58/details,2026-10-06
LV,2018,179.17000000000002,"European Commission (DG ENER; Enerdata, Trinomics), Inventory of energy subsidies in the EU27, 2024 edition, sheet 'FFS End-dates' (FFS by country pivot)",https://circabc.europa.eu/ui/group/8f5f9424-a7ef-4dbf-b914-1af1d12ff5d2/library/4e6f2b2c-702b-429b-bb19-7aeb48f28f58/details,2026-10-06
LV,2019,172.151,"European Commission (DG ENER; Enerdata, Trinomics), Inventory of energy subsidies in the EU27, 2024 edition, sheet 'FFS End-dates' (FFS by country pivot)",https://circabc.europa.eu/ui/group/8f5f9424-a7ef-4dbf-b914-1af1d12ff5d2/library/4e6f2b2c-702b-429b-bb19-7aeb48f28f58/details,2026-10-06
LV,2020,168.325,"European Commission (DG ENER; Enerdata, Trinomics), Inventory of energy subsidies in the EU27, 2024 edition, sheet 'FFS End-dates' (FFS by country pivot)",https://circabc.europa.eu/ui/group/8f5f9424-a7ef-4dbf-b914-1af1d12ff5d2/library/4e6f2b2c-702b-429b-bb19-7aeb48f28f58/details,2026-10-06
LV,2021,142.687,"European Commission (DG ENER; Enerdata, Trinomics), Inventory of energy subsidies in the EU27, 2024 edition, sheet 'FFS End-dates' (FFS by country pivot)",https://circabc.europa.eu/ui/group/8f5f9424-a7ef-4dbf-b914-1af1d12ff5d2/library/4e6f2b2c-702b-429b-bb19-7aeb48f28f58/details,2026-10-06
LV,2022,186.99,"European Commission (DG ENER; Enerdata, Trinomics), Inventory of energy subsidies in the EU27, 2024 edition, sheet 'FFS End-dates' (FFS by country pivot)",https://circabc.europa.eu/ui/group/8f5f9424-a7ef-4dbf-b914-1af1d12ff5d2/library/4e6f2b2c-702b-429b-bb19-7aeb48f28f58/details,2026-10-06
LV,2023,83.932,"European Commission (DG ENER; Enerdata, Trinomics), Inventory of energy subsidies in the EU27, 2024 edition, sheet 'FFS End-dates' (FFS by country pivot)",https://circabc.europa.eu/ui/group/8f5f9424-a7ef-4dbf-b914-1af1d12ff5d2/library/4e6f2b2c-702b-429b-bb19-7aeb48f28f58/details,2026-10-06
LV,2023 incl. TBC,181.154,"European Commission (DG ENER; Enerdata, Trinomics), Inventory of energy subsidies in the EU27, 2024 edition, sheet 'FFS End-dates' (FFS by country pivot)",https://circabc.europa.eu/ui/group/8f5f9424-a7ef-4dbf-b914-1af1d12ff5d2/library/4e6f2b2c-702b-429b-bb19-7aeb48f28f58/details,2026-10-06
MT,2018,11.701,"European Commission (DG ENER; Enerdata, Trinomics), Inventory of energy subsidies in the EU27, 2024 edition, sheet 'FFS End-dates' (FFS by country pivot)",https://circabc.europa.eu/ui/group/8f5f9424-a7ef-4dbf-b914-1af1d12ff5d2/library/4e6f2b2c-702b-429b-bb19-7aeb48f28f58/details,2026-10-06
MT,2019,13.978000000000002,"European Commission (DG ENER; Enerdata, Trinomics), Inventory of energy subsidies in the EU27, 2024 edition, sheet 'FFS End-dates' (FFS by country pivot)",https://circabc.europa.eu/ui/group/8f5f9424-a7ef-4dbf-b914-1af1d12ff5d2/library/4e6f2b2c-702b-429b-bb19-7aeb48f28f58/details,2026-10-06
MT,2020,14.764,"European Commission (DG ENER; Enerdata, Trinomics), Inventory of energy subsidies in the EU27, 2024 edition, sheet 'FFS End-dates' (FFS by country pivot)",https://circabc.europa.eu/ui/group/8f5f9424-a7ef-4dbf-b914-1af1d12ff5d2/library/4e6f2b2c-702b-429b-bb19-7aeb48f28f58/details,2026-10-06
MT,2021,220.824,"European Commission (DG ENER; Enerdata, Trinomics), Inventory of energy subsidies in the EU27, 2024 edition, sheet 'FFS End-dates' (FFS by country pivot)",https://circabc.europa.eu/ui/group/8f5f9424-a7ef-4dbf-b914-1af1d12ff5d2/library/4e6f2b2c-702b-429b-bb19-7aeb48f28f58/details,2026-10-06
MT,2022,302.79699999999997,"European Commission (DG ENER; Enerdata, Trinomics), Inventory of energy subsidies in the EU27, 2024 edition, sheet 'FFS End-dates' (FFS by country pivot)",https://circabc.europa.eu/ui/group/8f5f9424-a7ef-4dbf-b914-1af1d12ff5d2/library/4e6f2b2c-702b-429b-bb19-7aeb48f28f58/details,2026-10-06
MT,2023,604.7030000000001,"European Commission (DG ENER; Enerdata, Trinomics), Inventory of energy subsidies in the EU27, 2024 edition, sheet 'FFS End-dates' (FFS by country pivot)",https://circabc.europa.eu/ui/group/8f5f9424-a7ef-4dbf-b914-1af1d12ff5d2/library/4e6f2b2c-702b-429b-bb19-7aeb48f28f58/details,2026-10-06
MT,2023 incl. TBC,632.9170000000001,"European Commission (DG ENER; Enerdata, Trinomics), Inventory of energy subsidies in the EU27, 2024 edition, sheet 'FFS End-dates' (FFS by country pivot)",https://circabc.europa.eu/ui/group/8f5f9424-a7ef-4dbf-b914-1af1d12ff5d2/library/4e6f2b2c-702b-429b-bb19-7aeb48f28f58/details,2026-10-06
NL,2018,941.2439999999999,"European Commission (DG ENER; Enerdata, Trinomics), Inventory of energy subsidies in the EU27, 2024 edition, sheet 'FFS End-dates' (FFS by country pivot)",https://circabc.europa.eu/ui/group/8f5f9424-a7ef-4dbf-b914-1af1d12ff5d2/library/4e6f2b2c-702b-429b-bb19-7aeb48f28f58/details,2026-10-06
NL,2019,981.2650000000001,"European Commission (DG ENER; Enerdata, Trinomics), Inventory of energy subsidies in the EU27, 2024 edition, sheet 'FFS End-dates' (FFS by country pivot)",https://circabc.europa.eu/ui/group/8f5f9424-a7ef-4dbf-b914-1af1d12ff5d2/library/4e6f2b2c-702b-429b-bb19-7aeb48f28f58/details,2026-10-06
NL,2020,897.4449999999999,"European Commission (DG ENER; Enerdata, Trinomics), Inventory of energy subsidies in the EU27, 2024 edition, sheet 'FFS End-dates' (FFS by country pivot)",https://circabc.europa.eu/ui/group/8f5f9424-a7ef-4dbf-b914-1af1d12ff5d2/library/4e6f2b2c-702b-429b-bb19-7aeb48f28f58/details,2026-10-06
NL,2021,1020.4429999999999,"European Commission (DG ENER; Enerdata, Trinomics), Inventory of energy subsidies in the EU27, 2024 edition, sheet 'FFS End-dates' (FFS by country pivot)",https://circabc.europa.eu/ui/group/8f5f9424-a7ef-4dbf-b914-1af1d12ff5d2/library/4e6f2b2c-702b-429b-bb19-7aeb48f28f58/details,2026-10-06
NL,2022,2479.1659999999997,"European Commission (DG ENER; Enerdata, Trinomics), Inventory of energy subsidies in the EU27, 2024 edition, sheet 'FFS End-dates' (FFS by country pivot)",https://circabc.europa.eu/ui/group/8f5f9424-a7ef-4dbf-b914-1af1d12ff5d2/library/4e6f2b2c-702b-429b-bb19-7aeb48f28f58/details,2026-10-06
NL,2023,2869.091,"European Commission (DG ENER; Enerdata, Trinomics), Inventory of energy subsidies in the EU27, 2024 edition, sheet 'FFS End-dates' (FFS by country pivot)",https://circabc.europa.eu/ui/group/8f5f9424-a7ef-4dbf-b914-1af1d12ff5d2/library/4e6f2b2c-702b-429b-bb19-7aeb48f28f58/details,2026-10-06
NL,2023 incl. TBC,2869.091,"European Commission (DG ENER; Enerdata, Trinomics), Inventory of energy subsidies in the EU27, 2024 edition, sheet 'FFS End-dates' (FFS by country pivot)",https://circabc.europa.eu/ui/group/8f5f9424-a7ef-4dbf-b914-1af1d12ff5d2/library/4e6f2b2c-702b-429b-bb19-7aeb48f28f58/details,2026-10-06
PL,2018,2605.3950000000004,"European Commission (DG ENER; Enerdata, Trinomics), Inventory of energy subsidies in the EU27, 2024 edition, sheet 'FFS End-dates' (FFS by country pivot)",https://circabc.europa.eu/ui/group/8f5f9424-a7ef-4dbf-b914-1af1d12ff5d2/library/4e6f2b2c-702b-429b-bb19-7aeb48f28f58/details,2026-10-06
PL,2019,1518.0040000000001,"European Commission (DG ENER; Enerdata, Trinomics), Inventory of energy subsidies in the EU27, 2024 edition, sheet 'FFS End-dates' (FFS by country pivot)",https://circabc.europa.eu/ui/group/8f5f9424-a7ef-4dbf-b914-1af1d12ff5d2/library/4e6f2b2c-702b-429b-bb19-7aeb48f28f58/details,2026-10-06
PL,2020,1918.101,"European Commission (DG ENER; Enerdata, Trinomics), Inventory of energy subsidies in the EU27, 2024 edition, sheet 'FFS End-dates' (FFS by country pivot)",https://circabc.europa.eu/ui/group/8f5f9424-a7ef-4dbf-b914-1af1d12ff5d2/library/4e6f2b2c-702b-429b-bb19-7aeb48f28f58/details,2026-10-06
PL,2021,2666.1380000000004,"European Commission (DG ENER; Enerdata, Trinomics), Inventory of energy subsidies in the EU27, 2024 edition, sheet 'FFS End-dates' (FFS by country pivot)",https://circabc.europa.eu/ui/group/8f5f9424-a7ef-4dbf-b914-1af1d12ff5d2/library/4e6f2b2c-702b-429b-bb19-7aeb48f28f58/details,2026-10-06
PL,2022,4967.56,"European Commission (DG ENER; Enerdata, Trinomics), Inventory of energy subsidies in the EU27, 2024 edition, sheet 'FFS End-dates' (FFS by country pivot)",https://circabc.europa.eu/ui/group/8f5f9424-a7ef-4dbf-b914-1af1d12ff5d2/library/4e6f2b2c-702b-429b-bb19-7aeb48f28f58/details,2026-10-06
PL,2023,14131.808999999997,"European Commission (DG ENER; Enerdata, Trinomics), Inventory of energy subsidies in the EU27, 2024 edition, sheet 'FFS End-dates' (FFS by country pivot)",https://circabc.europa.eu/ui/group/8f5f9424-a7ef-4dbf-b914-1af1d12ff5d2/library/4e6f2b2c-702b-429b-bb19-7aeb48f28f58/details,2026-10-06
PL,2023 incl. TBC,15662.785999999998,"European Commission (DG ENER; Enerdata, Trinomics), Inventory of energy subsidies in the EU27, 2024 edition, sheet 'FFS End-dates' (FFS by country pivot)",https://circabc.europa.eu/ui/group/8f5f9424-a7ef-4dbf-b914-1af1d12ff5d2/library/4e6f2b2c-702b-429b-bb19-7aeb48f28f58/details,2026-10-06
PT,2018,859.6669999999998,"European Commission (DG ENER; Enerdata, Trinomics), Inventory of energy subsidies in the EU27, 2024 edition, sheet 'FFS End-dates' (FFS by country pivot)",https://circabc.europa.eu/ui/group/8f5f9424-a7ef-4dbf-b914-1af1d12ff5d2/library/4e6f2b2c-702b-429b-bb19-7aeb48f28f58/details,2026-10-06
PT,2019,995.9900000000001,"European Commission (DG ENER; Enerdata, Trinomics), Inventory of energy subsidies in the EU27, 2024 edition, sheet 'FFS End-dates' (FFS by country pivot)",https://circabc.europa.eu/ui/group/8f5f9424-a7ef-4dbf-b914-1af1d12ff5d2/library/4e6f2b2c-702b-429b-bb19-7aeb48f28f58/details,2026-10-06
PT,2020,966.6789999999999,"European Commission (DG ENER; Enerdata, Trinomics), Inventory of energy subsidies in the EU27, 2024 edition, sheet 'FFS End-dates' (FFS by country pivot)",https://circabc.europa.eu/ui/group/8f5f9424-a7ef-4dbf-b914-1af1d12ff5d2/library/4e6f2b2c-702b-429b-bb19-7aeb48f28f58/details,2026-10-06
PT,2021,768.579,"European Commission (DG ENER; Enerdata, Trinomics), Inventory of energy subsidies in the EU27, 2024 edition, sheet 'FFS End-dates' (FFS by country pivot)",https://circabc.europa.eu/ui/group/8f5f9424-a7ef-4dbf-b914-1af1d12ff5d2/library/4e6f2b2c-702b-429b-bb19-7aeb48f28f58/details,2026-10-06
PT,2022,3906.615,"European Commission (DG ENER; Enerdata, Trinomics), Inventory of energy subsidies in the EU27, 2024 edition, sheet 'FFS End-dates' (FFS by country pivot)",https://circabc.europa.eu/ui/group/8f5f9424-a7ef-4dbf-b914-1af1d12ff5d2/library/4e6f2b2c-702b-429b-bb19-7aeb48f28f58/details,2026-10-06
PT,2023,2152.8280000000004,"European Commission (DG ENER; Enerdata, Trinomics), Inventory of energy subsidies in the EU27, 2024 edition, sheet 'FFS End-dates' (FFS by country pivot)",https://circabc.europa.eu/ui/group/8f5f9424-a7ef-4dbf-b914-1af1d12ff5d2/library/4e6f2b2c-702b-429b-bb19-7aeb48f28f58/details,2026-10-06
PT,2023 incl. TBC,2154.5430000000006,"European Commission (DG ENER; Enerdata, Trinomics), Inventory of energy subsidies in the EU27, 2024 edition, sheet 'FFS End-dates' (FFS by country pivot)",https://circabc.europa.eu/ui/group/8f5f9424-a7ef-4dbf-b914-1af1d12ff5d2/library/4e6f2b2c-702b-429b-bb19-7aeb48f28f58/details,2026-10-06
RO,2018,1202.22,"European Commission (DG ENER; Enerdata, Trinomics), Inventory of energy subsidies in the EU27, 2024 edition, sheet 'FFS End-dates' (FFS by country pivot)",https://circabc.europa.eu/ui/group/8f5f9424-a7ef-4dbf-b914-1af1d12ff5d2/library/4e6f2b2c-702b-429b-bb19-7aeb48f28f58/details,2026-10-06
RO,2019,781.353,"European Commission (DG ENER; Enerdata, Trinomics), Inventory of energy subsidies in the EU27, 2024 edition, sheet 'FFS End-dates' (FFS by country pivot)",https://circabc.europa.eu/ui/group/8f5f9424-a7ef-4dbf-b914-1af1d12ff5d2/library/4e6f2b2c-702b-429b-bb19-7aeb48f28f58/details,2026-10-06
RO,2020,1004.81,"European Commission (DG ENER; Enerdata, Trinomics), Inventory of energy subsidies in the EU27, 2024 edition, sheet 'FFS End-dates' (FFS by country pivot)",https://circabc.europa.eu/ui/group/8f5f9424-a7ef-4dbf-b914-1af1d12ff5d2/library/4e6f2b2c-702b-429b-bb19-7aeb48f28f58/details,2026-10-06
RO,2021,1552.0069999999998,"European Commission (DG ENER; Enerdata, Trinomics), Inventory of energy subsidies in the EU27, 2024 edition, sheet 'FFS End-dates' (FFS by country pivot)",https://circabc.europa.eu/ui/group/8f5f9424-a7ef-4dbf-b914-1af1d12ff5d2/library/4e6f2b2c-702b-429b-bb19-7aeb48f28f58/details,2026-10-06
RO,2022,2275.9349999999995,"European Commission (DG ENER; Enerdata, Trinomics), Inventory of energy subsidies in the EU27, 2024 edition, sheet 'FFS End-dates' (FFS by country pivot)",https://circabc.europa.eu/ui/group/8f5f9424-a7ef-4dbf-b914-1af1d12ff5d2/library/4e6f2b2c-702b-429b-bb19-7aeb48f28f58/details,2026-10-06
RO,2023,1997.7559999999999,"European Commission (DG ENER; Enerdata, Trinomics), Inventory of energy subsidies in the EU27, 2024 edition, sheet 'FFS End-dates' (FFS by country pivot)",https://circabc.europa.eu/ui/group/8f5f9424-a7ef-4dbf-b914-1af1d12ff5d2/library/4e6f2b2c-702b-429b-bb19-7aeb48f28f58/details,2026-10-06
RO,2023 incl. TBC,2152.595,"European Commission (DG ENER; Enerdata, Trinomics), Inventory of energy subsidies in the EU27, 2024 edition, sheet 'FFS End-dates' (FFS by country pivot)",https://circabc.europa.eu/ui/group/8f5f9424-a7ef-4dbf-b914-1af1d12ff5d2/library/4e6f2b2c-702b-429b-bb19-7aeb48f28f58/details,2026-10-06
SE,2018,779.6720000000001,"European Commission (DG ENER; Enerdata, Trinomics), Inventory of energy subsidies in the EU27, 2024 edition, sheet 'FFS End-dates' (FFS by country pivot)",https://circabc.europa.eu/ui/group/8f5f9424-a7ef-4dbf-b914-1af1d12ff5d2/library/4e6f2b2c-702b-429b-bb19-7aeb48f28f58/details,2026-10-06
SE,2019,637.8439999999999,"European Commission (DG ENER; Enerdata, Trinomics), Inventory of energy subsidies in the EU27, 2024 edition, sheet 'FFS End-dates' (FFS by country pivot)",https://circabc.europa.eu/ui/group/8f5f9424-a7ef-4dbf-b914-1af1d12ff5d2/library/4e6f2b2c-702b-429b-bb19-7aeb48f28f58/details,2026-10-06
SE,2020,446.8570000000001,"European Commission (DG ENER; Enerdata, Trinomics), Inventory of energy subsidies in the EU27, 2024 edition, sheet 'FFS End-dates' (FFS by country pivot)",https://circabc.europa.eu/ui/group/8f5f9424-a7ef-4dbf-b914-1af1d12ff5d2/library/4e6f2b2c-702b-429b-bb19-7aeb48f28f58/details,2026-10-06
SE,2021,322.554,"European Commission (DG ENER; Enerdata, Trinomics), Inventory of energy subsidies in the EU27, 2024 edition, sheet 'FFS End-dates' (FFS by country pivot)",https://circabc.europa.eu/ui/group/8f5f9424-a7ef-4dbf-b914-1af1d12ff5d2/library/4e6f2b2c-702b-429b-bb19-7aeb48f28f58/details,2026-10-06
SE,2022,781.3999999999999,"European Commission (DG ENER; Enerdata, Trinomics), Inventory of energy subsidies in the EU27, 2024 edition, sheet 'FFS End-dates' (FFS by country pivot)",https://circabc.europa.eu/ui/group/8f5f9424-a7ef-4dbf-b914-1af1d12ff5d2/library/4e6f2b2c-702b-429b-bb19-7aeb48f28f58/details,2026-10-06
SE,2023,884.325,"European Commission (DG ENER; Enerdata, Trinomics), Inventory of energy subsidies in the EU27, 2024 edition, sheet 'FFS End-dates' (FFS by country pivot)",https://circabc.europa.eu/ui/group/8f5f9424-a7ef-4dbf-b914-1af1d12ff5d2/library/4e6f2b2c-702b-429b-bb19-7aeb48f28f58/details,2026-10-06
SE,2023 incl. TBC,884.325,"European Commission (DG ENER; Enerdata, Trinomics), Inventory of energy subsidies in the EU27, 2024 edition, sheet 'FFS End-dates' (FFS by country pivot)",https://circabc.europa.eu/ui/group/8f5f9424-a7ef-4dbf-b914-1af1d12ff5d2/library/4e6f2b2c-702b-429b-bb19-7aeb48f28f58/details,2026-10-06
SI,2018,128.752,"European Commission (DG ENER; Enerdata, Trinomics), Inventory of energy subsidies in the EU27, 2024 edition, sheet 'FFS End-dates' (FFS by country pivot)",https://circabc.europa.eu/ui/group/8f5f9424-a7ef-4dbf-b914-1af1d12ff5d2/library/4e6f2b2c-702b-429b-bb19-7aeb48f28f58/details,2026-10-06
SI,2019,104.66000000000001,"European Commission (DG ENER; Enerdata, Trinomics), Inventory of energy subsidies in the EU27, 2024 edition, sheet 'FFS End-dates' (FFS by country pivot)",https://circabc.europa.eu/ui/group/8f5f9424-a7ef-4dbf-b914-1af1d12ff5d2/library/4e6f2b2c-702b-429b-bb19-7aeb48f28f58/details,2026-10-06
SI,2020,97.935,"European Commission (DG ENER; Enerdata, Trinomics), Inventory of energy subsidies in the EU27, 2024 edition, sheet 'FFS End-dates' (FFS by country pivot)",https://circabc.europa.eu/ui/group/8f5f9424-a7ef-4dbf-b914-1af1d12ff5d2/library/4e6f2b2c-702b-429b-bb19-7aeb48f28f58/details,2026-10-06
SI,2021,95.27199999999999,"European Commission (DG ENER; Enerdata, Trinomics), Inventory of energy subsidies in the EU27, 2024 edition, sheet 'FFS End-dates' (FFS by country pivot)",https://circabc.europa.eu/ui/group/8f5f9424-a7ef-4dbf-b914-1af1d12ff5d2/library/4e6f2b2c-702b-429b-bb19-7aeb48f28f58/details,2026-10-06
SI,2022,232.308,"European Commission (DG ENER; Enerdata, Trinomics), Inventory of energy subsidies in the EU27, 2024 edition, sheet 'FFS End-dates' (FFS by country pivot)",https://circabc.europa.eu/ui/group/8f5f9424-a7ef-4dbf-b914-1af1d12ff5d2/library/4e6f2b2c-702b-429b-bb19-7aeb48f28f58/details,2026-10-06
SI,2023,109.798,"European Commission (DG ENER; Enerdata, Trinomics), Inventory of energy subsidies in the EU27, 2024 edition, sheet 'FFS End-dates' (FFS by country pivot)",https://circabc.europa.eu/ui/group/8f5f9424-a7ef-4dbf-b914-1af1d12ff5d2/library/4e6f2b2c-702b-429b-bb19-7aeb48f28f58/details,2026-10-06
SI,2023 incl. TBC,109.798,"European Commission (DG ENER; Enerdata, Trinomics), Inventory of energy subsidies in the EU27, 2024 edition, sheet 'FFS End-dates' (FFS by country pivot)",https://circabc.europa.eu/ui/group/8f5f9424-a7ef-4dbf-b914-1af1d12ff5d2/library/4e6f2b2c-702b-429b-bb19-7aeb48f28f58/details,2026-10-06
SK,2018,317.559,"European Commission (DG ENER; Enerdata, Trinomics), Inventory of energy subsidies in the EU27, 2024 edition, sheet 'FFS End-dates' (FFS by country pivot)",https://circabc.europa.eu/ui/group/8f5f9424-a7ef-4dbf-b914-1af1d12ff5d2/library/4e6f2b2c-702b-429b-bb19-7aeb48f28f58/details,2026-10-06
SK,2019,443.30999999999995,"European Commission (DG ENER; Enerdata, Trinomics), Inventory of energy subsidies in the EU27, 2024 edition, sheet 'FFS End-dates' (FFS by country pivot)",https://circabc.europa.eu/ui/group/8f5f9424-a7ef-4dbf-b914-1af1d12ff5d2/library/4e6f2b2c-702b-429b-bb19-7aeb48f28f58/details,2026-10-06
SK,2020,468.63300000000004,"European Commission (DG ENER; Enerdata, Trinomics), Inventory of energy subsidies in the EU27, 2024 edition, sheet 'FFS End-dates' (FFS by country pivot)",https://circabc.europa.eu/ui/group/8f5f9424-a7ef-4dbf-b914-1af1d12ff5d2/library/4e6f2b2c-702b-429b-bb19-7aeb48f28f58/details,2026-10-06
SK,2021,293.47700000000003,"European Commission (DG ENER; Enerdata, Trinomics), Inventory of energy subsidies in the EU27, 2024 edition, sheet 'FFS End-dates' (FFS by country pivot)",https://circabc.europa.eu/ui/group/8f5f9424-a7ef-4dbf-b914-1af1d12ff5d2/library/4e6f2b2c-702b-429b-bb19-7aeb48f28f58/details,2026-10-06
SK,2022,176.341,"European Commission (DG ENER; Enerdata, Trinomics), Inventory of energy subsidies in the EU27, 2024 edition, sheet 'FFS End-dates' (FFS by country pivot)",https://circabc.europa.eu/ui/group/8f5f9424-a7ef-4dbf-b914-1af1d12ff5d2/library/4e6f2b2c-702b-429b-bb19-7aeb48f28f58/details,2026-10-06
SK,2023,1698.9769999999999,"European Commission (DG ENER; Enerdata, Trinomics), Inventory of energy subsidies in the EU27, 2024 edition, sheet 'FFS End-dates' (FFS by country pivot)",https://circabc.europa.eu/ui/group/8f5f9424-a7ef-4dbf-b914-1af1d12ff5d2/library/4e6f2b2c-702b-429b-bb19-7aeb48f28f58/details,2026-10-06
SK,2023 incl. TBC,1845.341,"European Commission (DG ENER; Enerdata, Trinomics), Inventory of energy subsidies in the EU27, 2024 edition, sheet 'FFS End-dates' (FFS by country pivot)",https://circabc.europa.eu/ui/group/8f5f9424-a7ef-4dbf-b914-1af1d12ff5d2/library/4e6f2b2c-702b-429b-bb19-7aeb48f28f58/details,2026-10-06
