measure,year,value,unit,definition,source,page,url,retrieved,note
Energy support measures (Government of Malta),2022,2.5,% of GDP,"Cost of measures against higher energy prices: cuts to indirect taxes on energy and subsidies to compensate for the higher cost of imported fuels, electricity and other basic commodities","Government of Malta, Draft Budgetary Plan 2024 (Oct 2023), section 3.1","PDF p.34 (printed p.30)",https://economy-finance.ec.europa.eu/document/download/4edb4e16-f5c7-4443-ba70-dc3c0dc4099b_en?filename=2024_dbp_mt_en.pdf,2026-10-06,"Derived from the text: 2023 is '1.7 per cent of GDP ..., 0.8 percentage points lower than in 2022' (1.7 + 0.8 = 2.5)"
Energy support measures (Government of Malta),2023,1.7,% of GDP,"As above; includes other basic commodities","Government of Malta, Draft Budgetary Plan 2024 (Oct 2023), section 3.1","PDF p.34 (printed p.30)",https://economy-finance.ec.europa.eu/document/download/4edb4e16-f5c7-4443-ba70-dc3c0dc4099b_en?filename=2024_dbp_mt_en.pdf,2026-10-06,"Expected cost, written in October 2023 (not an outturn)"
Energy support measures (Government of Malta),2024,0.87,% of GDP,"Expenditure on keeping the cost of energy and basic commodities unchanged","Government of Malta, Draft Budgetary Plan 2025 (Oct 2024)","PDF p.40 (printed p.36)",https://economy-finance.ec.europa.eu/document/download/8d77183d-aad8-464a-9c97-8baded7f13a8_en?filename=2025_dbp_mt_en.pdf,2026-10-06,"Derived from the text: 2025 '0.72 per cent of GDP ..., a decline of 0.15 percentage points compared to 2024' (0.72 + 0.15 = 0.87); expected, not outturn"
Energy support measures (Government of Malta),2025,0.72,% of GDP,"As above","Government of Malta, Draft Budgetary Plan 2025 (Oct 2024)","PDF p.40 (printed p.36)",https://economy-finance.ec.europa.eu/document/download/8d77183d-aad8-464a-9c97-8baded7f13a8_en?filename=2025_dbp_mt_en.pdf,2026-10-06,"Planned"
Energy subsidies (IMF Article IV),2022,1.8,% of GDP,"Fiscal cost of untargeted electricity and fuel subsidies (retail prices frozen after the 2022 shock)","IMF Country Report 26/29, Malta: 2025 Article IV Consultation, Table 2","PDF p.33 (printed p.28)",https://www.imf.org/-/media/files/publications/cr/2026/english/1mltea2026001-source-pdf.pdf,2026-10-05,"Read for CC-022 (data/cc-022/imf_energy_subsidies.csv, literature/CC-022/notes.md); imf.org refused scripts on 6 Oct 2026, so not re-opened for CC-113"
Energy subsidies (IMF Article IV),2023,1.4,% of GDP,"As above","IMF Country Report 26/29, Table 2","PDF p.33 (printed p.28)",https://www.imf.org/-/media/files/publications/cr/2026/english/1mltea2026001-source-pdf.pdf,2026-10-05,"As above"
Energy subsidies (IMF Article IV),2024,0.9,% of GDP,"As above","IMF Country Report 26/29, Table 2","PDF p.33 (printed p.28)",https://www.imf.org/-/media/files/publications/cr/2026/english/1mltea2026001-source-pdf.pdf,2026-10-05,"As above"
Energy subsidies (IMF Article IV),2025,0.8,% of GDP,"As above","IMF Country Report 26/29, Table 2","PDF p.33 (printed p.28)",https://www.imf.org/-/media/files/publications/cr/2026/english/1mltea2026001-source-pdf.pdf,2026-10-05,"As above; projection"
Fossil fuel subsidies per unit of GDP (European Commission 2026 report),2024,0.018,EUR FFS per EUR GDP,"EU inventory method (as the EEA indicator), 2025 edition of the DG ENER study","European Commission, Report on energy subsidies in the EU, COM(2026) 472 final, 17 Sep 2026, Figure 15 (via Council document ST 13343/26)","Council PDF p.14",https://data.consilium.europa.eu/doc/document/ST-13343-2026-INIT/en/pdf,2026-10-06,"Read from the bar chart (no table published): Malta's bar is the tallest of 27, about 0.018 (1.8% of GDP); Slovakia next at about 0.012. Approximate."
Fossil fuel subsidies share of total energy subsidies (European Commission 2026 report),2024,80,% of Malta's energy subsidies,"As above","COM(2026) 472 final, Figure 15 (via ST 13343/26)","Council PDF p.14",https://data.consilium.europa.eu/doc/document/ST-13343-2026-INIT/en/pdf,2026-10-06,"Label printed on the chart"
EU-27 fossil fuel subsidies (European Commission 2026 report),2023,121,EUR billion (2024 prices),"EU inventory method, 2025 edition","COM(2026) 472 final (via ST 13343/26)","Council PDF p.4",https://data.consilium.europa.eu/doc/document/ST-13343-2026-INIT/en/pdf,2026-10-06,"Revised from EUR 111 billion (2023 prices) in the 2024 edition used by the EEA; elsewhere in the same report 'EUR 120 billion'"
EU-27 fossil fuel subsidies (European Commission 2026 report),2024,97,EUR billion (2024 prices),"EU inventory method, 2025 edition","COM(2026) 472 final (via ST 13343/26)","Council PDF p.4",https://data.consilium.europa.eu/doc/document/ST-13343-2026-INIT/en/pdf,2026-10-06,"0.5% of EU GDP (report's own figure)"
