geo,wst_oper,unit,year,value,flag,eurostat_updated,query_url,retrieved
AT,DSP_L_OTH,KG_HAB,2023,14,,2026-03-30T23:00:00+0200,https://ec.europa.eu/eurostat/api/dissemination/statistics/1.0/data/env_wasmun?geo=AT&geo=BE&geo=BG&geo=CY&geo=CZ&geo=DE&geo=DK&geo=EE&geo=EL&geo=ES&geo=FI&geo=FR&geo=HR&geo=HU&geo=IE&geo=IT&geo=LT&geo=LU&geo=LV&geo=MT&geo=NL&geo=PL&geo=PT&geo=RO&geo=SE&geo=SI&geo=SK&unit=KG_HAB&wst_oper=GEN&wst_oper=DSP_L_OTH&sinceTimePeriod=2023,2026-10-05
AT,GEN,KG_HAB,2023,782,,2026-03-30T23:00:00+0200,https://ec.europa.eu/eurostat/api/dissemination/statistics/1.0/data/env_wasmun?geo=AT&geo=BE&geo=BG&geo=CY&geo=CZ&geo=DE&geo=DK&geo=EE&geo=EL&geo=ES&geo=FI&geo=FR&geo=HR&geo=HU&geo=IE&geo=IT&geo=LT&geo=LU&geo=LV&geo=MT&geo=NL&geo=PL&geo=PT&geo=RO&geo=SE&geo=SI&geo=SK&unit=KG_HAB&wst_oper=GEN&wst_oper=DSP_L_OTH&sinceTimePeriod=2023,2026-10-05
BE,DSP_L_OTH,KG_HAB,2023,1,,2026-03-30T23:00:00+0200,https://ec.europa.eu/eurostat/api/dissemination/statistics/1.0/data/env_wasmun?geo=AT&geo=BE&geo=BG&geo=CY&geo=CZ&geo=DE&geo=DK&geo=EE&geo=EL&geo=ES&geo=FI&geo=FR&geo=HR&geo=HU&geo=IE&geo=IT&geo=LT&geo=LU&geo=LV&geo=MT&geo=NL&geo=PL&geo=PT&geo=RO&geo=SE&geo=SI&geo=SK&unit=KG_HAB&wst_oper=GEN&wst_oper=DSP_L_OTH&sinceTimePeriod=2023,2026-10-05
BE,DSP_L_OTH,KG_HAB,2024,1,p,2026-03-30T23:00:00+0200,https://ec.europa.eu/eurostat/api/dissemination/statistics/1.0/data/env_wasmun?geo=AT&geo=BE&geo=BG&geo=CY&geo=CZ&geo=DE&geo=DK&geo=EE&geo=EL&geo=ES&geo=FI&geo=FR&geo=HR&geo=HU&geo=IE&geo=IT&geo=LT&geo=LU&geo=LV&geo=MT&geo=NL&geo=PL&geo=PT&geo=RO&geo=SE&geo=SI&geo=SK&unit=KG_HAB&wst_oper=GEN&wst_oper=DSP_L_OTH&sinceTimePeriod=2023,2026-10-05
BE,GEN,KG_HAB,2023,688,,2026-03-30T23:00:00+0200,https://ec.europa.eu/eurostat/api/dissemination/statistics/1.0/data/env_wasmun?geo=AT&geo=BE&geo=BG&geo=CY&geo=CZ&geo=DE&geo=DK&geo=EE&geo=EL&geo=ES&geo=FI&geo=FR&geo=HR&geo=HU&geo=IE&geo=IT&geo=LT&geo=LU&geo=LV&geo=MT&geo=NL&geo=PL&geo=PT&geo=RO&geo=SE&geo=SI&geo=SK&unit=KG_HAB&wst_oper=GEN&wst_oper=DSP_L_OTH&sinceTimePeriod=2023,2026-10-05
BE,GEN,KG_HAB,2024,699,p,2026-03-30T23:00:00+0200,https://ec.europa.eu/eurostat/api/dissemination/statistics/1.0/data/env_wasmun?geo=AT&geo=BE&geo=BG&geo=CY&geo=CZ&geo=DE&geo=DK&geo=EE&geo=EL&geo=ES&geo=FI&geo=FR&geo=HR&geo=HU&geo=IE&geo=IT&geo=LT&geo=LU&geo=LV&geo=MT&geo=NL&geo=PL&geo=PT&geo=RO&geo=SE&geo=SI&geo=SK&unit=KG_HAB&wst_oper=GEN&wst_oper=DSP_L_OTH&sinceTimePeriod=2023,2026-10-05
BG,DSP_L_OTH,KG_HAB,2023,217,,2026-03-30T23:00:00+0200,https://ec.europa.eu/eurostat/api/dissemination/statistics/1.0/data/env_wasmun?geo=AT&geo=BE&geo=BG&geo=CY&geo=CZ&geo=DE&geo=DK&geo=EE&geo=EL&geo=ES&geo=FI&geo=FR&geo=HR&geo=HU&geo=IE&geo=IT&geo=LT&geo=LU&geo=LV&geo=MT&geo=NL&geo=PL&geo=PT&geo=RO&geo=SE&geo=SI&geo=SK&unit=KG_HAB&wst_oper=GEN&wst_oper=DSP_L_OTH&sinceTimePeriod=2023,2026-10-05
BG,GEN,KG_HAB,2023,490,,2026-03-30T23:00:00+0200,https://ec.europa.eu/eurostat/api/dissemination/statistics/1.0/data/env_wasmun?geo=AT&geo=BE&geo=BG&geo=CY&geo=CZ&geo=DE&geo=DK&geo=EE&geo=EL&geo=ES&geo=FI&geo=FR&geo=HR&geo=HU&geo=IE&geo=IT&geo=LT&geo=LU&geo=LV&geo=MT&geo=NL&geo=PL&geo=PT&geo=RO&geo=SE&geo=SI&geo=SK&unit=KG_HAB&wst_oper=GEN&wst_oper=DSP_L_OTH&sinceTimePeriod=2023,2026-10-05
CY,DSP_L_OTH,KG_HAB,2023,406,,2026-03-30T23:00:00+0200,https://ec.europa.eu/eurostat/api/dissemination/statistics/1.0/data/env_wasmun?geo=AT&geo=BE&geo=BG&geo=CY&geo=CZ&geo=DE&geo=DK&geo=EE&geo=EL&geo=ES&geo=FI&geo=FR&geo=HR&geo=HU&geo=IE&geo=IT&geo=LT&geo=LU&geo=LV&geo=MT&geo=NL&geo=PL&geo=PT&geo=RO&geo=SE&geo=SI&geo=SK&unit=KG_HAB&wst_oper=GEN&wst_oper=DSP_L_OTH&sinceTimePeriod=2023,2026-10-05
CY,DSP_L_OTH,KG_HAB,2024,457,,2026-03-30T23:00:00+0200,https://ec.europa.eu/eurostat/api/dissemination/statistics/1.0/data/env_wasmun?geo=AT&geo=BE&geo=BG&geo=CY&geo=CZ&geo=DE&geo=DK&geo=EE&geo=EL&geo=ES&geo=FI&geo=FR&geo=HR&geo=HU&geo=IE&geo=IT&geo=LT&geo=LU&geo=LV&geo=MT&geo=NL&geo=PL&geo=PT&geo=RO&geo=SE&geo=SI&geo=SK&unit=KG_HAB&wst_oper=GEN&wst_oper=DSP_L_OTH&sinceTimePeriod=2023,2026-10-05
CY,GEN,KG_HAB,2023,661,,2026-03-30T23:00:00+0200,https://ec.europa.eu/eurostat/api/dissemination/statistics/1.0/data/env_wasmun?geo=AT&geo=BE&geo=BG&geo=CY&geo=CZ&geo=DE&geo=DK&geo=EE&geo=EL&geo=ES&geo=FI&geo=FR&geo=HR&geo=HU&geo=IE&geo=IT&geo=LT&geo=LU&geo=LV&geo=MT&geo=NL&geo=PL&geo=PT&geo=RO&geo=SE&geo=SI&geo=SK&unit=KG_HAB&wst_oper=GEN&wst_oper=DSP_L_OTH&sinceTimePeriod=2023,2026-10-05
CY,GEN,KG_HAB,2024,688,p,2026-03-30T23:00:00+0200,https://ec.europa.eu/eurostat/api/dissemination/statistics/1.0/data/env_wasmun?geo=AT&geo=BE&geo=BG&geo=CY&geo=CZ&geo=DE&geo=DK&geo=EE&geo=EL&geo=ES&geo=FI&geo=FR&geo=HR&geo=HU&geo=IE&geo=IT&geo=LT&geo=LU&geo=LV&geo=MT&geo=NL&geo=PL&geo=PT&geo=RO&geo=SE&geo=SI&geo=SK&unit=KG_HAB&wst_oper=GEN&wst_oper=DSP_L_OTH&sinceTimePeriod=2023,2026-10-05
CZ,DSP_L_OTH,KG_HAB,2023,228,,2026-03-30T23:00:00+0200,https://ec.europa.eu/eurostat/api/dissemination/statistics/1.0/data/env_wasmun?geo=AT&geo=BE&geo=BG&geo=CY&geo=CZ&geo=DE&geo=DK&geo=EE&geo=EL&geo=ES&geo=FI&geo=FR&geo=HR&geo=HU&geo=IE&geo=IT&geo=LT&geo=LU&geo=LV&geo=MT&geo=NL&geo=PL&geo=PT&geo=RO&geo=SE&geo=SI&geo=SK&unit=KG_HAB&wst_oper=GEN&wst_oper=DSP_L_OTH&sinceTimePeriod=2023,2026-10-05
CZ,GEN,KG_HAB,2023,538,,2026-03-30T23:00:00+0200,https://ec.europa.eu/eurostat/api/dissemination/statistics/1.0/data/env_wasmun?geo=AT&geo=BE&geo=BG&geo=CY&geo=CZ&geo=DE&geo=DK&geo=EE&geo=EL&geo=ES&geo=FI&geo=FR&geo=HR&geo=HU&geo=IE&geo=IT&geo=LT&geo=LU&geo=LV&geo=MT&geo=NL&geo=PL&geo=PT&geo=RO&geo=SE&geo=SI&geo=SK&unit=KG_HAB&wst_oper=GEN&wst_oper=DSP_L_OTH&sinceTimePeriod=2023,2026-10-05
DE,DSP_L_OTH,KG_HAB,2023,6,i,2026-03-30T23:00:00+0200,https://ec.europa.eu/eurostat/api/dissemination/statistics/1.0/data/env_wasmun?geo=AT&geo=BE&geo=BG&geo=CY&geo=CZ&geo=DE&geo=DK&geo=EE&geo=EL&geo=ES&geo=FI&geo=FR&geo=HR&geo=HU&geo=IE&geo=IT&geo=LT&geo=LU&geo=LV&geo=MT&geo=NL&geo=PL&geo=PT&geo=RO&geo=SE&geo=SI&geo=SK&unit=KG_HAB&wst_oper=GEN&wst_oper=DSP_L_OTH&sinceTimePeriod=2023,2026-10-05
DE,DSP_L_OTH,KG_HAB,2024,10,i,2026-03-30T23:00:00+0200,https://ec.europa.eu/eurostat/api/dissemination/statistics/1.0/data/env_wasmun?geo=AT&geo=BE&geo=BG&geo=CY&geo=CZ&geo=DE&geo=DK&geo=EE&geo=EL&geo=ES&geo=FI&geo=FR&geo=HR&geo=HU&geo=IE&geo=IT&geo=LT&geo=LU&geo=LV&geo=MT&geo=NL&geo=PL&geo=PT&geo=RO&geo=SE&geo=SI&geo=SK&unit=KG_HAB&wst_oper=GEN&wst_oper=DSP_L_OTH&sinceTimePeriod=2023,2026-10-05
DE,GEN,KG_HAB,2023,613,,2026-03-30T23:00:00+0200,https://ec.europa.eu/eurostat/api/dissemination/statistics/1.0/data/env_wasmun?geo=AT&geo=BE&geo=BG&geo=CY&geo=CZ&geo=DE&geo=DK&geo=EE&geo=EL&geo=ES&geo=FI&geo=FR&geo=HR&geo=HU&geo=IE&geo=IT&geo=LT&geo=LU&geo=LV&geo=MT&geo=NL&geo=PL&geo=PT&geo=RO&geo=SE&geo=SI&geo=SK&unit=KG_HAB&wst_oper=GEN&wst_oper=DSP_L_OTH&sinceTimePeriod=2023,2026-10-05
DE,GEN,KG_HAB,2024,628,e,2026-03-30T23:00:00+0200,https://ec.europa.eu/eurostat/api/dissemination/statistics/1.0/data/env_wasmun?geo=AT&geo=BE&geo=BG&geo=CY&geo=CZ&geo=DE&geo=DK&geo=EE&geo=EL&geo=ES&geo=FI&geo=FR&geo=HR&geo=HU&geo=IE&geo=IT&geo=LT&geo=LU&geo=LV&geo=MT&geo=NL&geo=PL&geo=PT&geo=RO&geo=SE&geo=SI&geo=SK&unit=KG_HAB&wst_oper=GEN&wst_oper=DSP_L_OTH&sinceTimePeriod=2023,2026-10-05
DK,DSP_L_OTH,KG_HAB,2023,14,,2026-03-30T23:00:00+0200,https://ec.europa.eu/eurostat/api/dissemination/statistics/1.0/data/env_wasmun?geo=AT&geo=BE&geo=BG&geo=CY&geo=CZ&geo=DE&geo=DK&geo=EE&geo=EL&geo=ES&geo=FI&geo=FR&geo=HR&geo=HU&geo=IE&geo=IT&geo=LT&geo=LU&geo=LV&geo=MT&geo=NL&geo=PL&geo=PT&geo=RO&geo=SE&geo=SI&geo=SK&unit=KG_HAB&wst_oper=GEN&wst_oper=DSP_L_OTH&sinceTimePeriod=2023,2026-10-05
DK,DSP_L_OTH,KG_HAB,2024,15,p,2026-03-30T23:00:00+0200,https://ec.europa.eu/eurostat/api/dissemination/statistics/1.0/data/env_wasmun?geo=AT&geo=BE&geo=BG&geo=CY&geo=CZ&geo=DE&geo=DK&geo=EE&geo=EL&geo=ES&geo=FI&geo=FR&geo=HR&geo=HU&geo=IE&geo=IT&geo=LT&geo=LU&geo=LV&geo=MT&geo=NL&geo=PL&geo=PT&geo=RO&geo=SE&geo=SI&geo=SK&unit=KG_HAB&wst_oper=GEN&wst_oper=DSP_L_OTH&sinceTimePeriod=2023,2026-10-05
DK,GEN,KG_HAB,2023,759,,2026-03-30T23:00:00+0200,https://ec.europa.eu/eurostat/api/dissemination/statistics/1.0/data/env_wasmun?geo=AT&geo=BE&geo=BG&geo=CY&geo=CZ&geo=DE&geo=DK&geo=EE&geo=EL&geo=ES&geo=FI&geo=FR&geo=HR&geo=HU&geo=IE&geo=IT&geo=LT&geo=LU&geo=LV&geo=MT&geo=NL&geo=PL&geo=PT&geo=RO&geo=SE&geo=SI&geo=SK&unit=KG_HAB&wst_oper=GEN&wst_oper=DSP_L_OTH&sinceTimePeriod=2023,2026-10-05
DK,GEN,KG_HAB,2024,755,p,2026-03-30T23:00:00+0200,https://ec.europa.eu/eurostat/api/dissemination/statistics/1.0/data/env_wasmun?geo=AT&geo=BE&geo=BG&geo=CY&geo=CZ&geo=DE&geo=DK&geo=EE&geo=EL&geo=ES&geo=FI&geo=FR&geo=HR&geo=HU&geo=IE&geo=IT&geo=LT&geo=LU&geo=LV&geo=MT&geo=NL&geo=PL&geo=PT&geo=RO&geo=SE&geo=SI&geo=SK&unit=KG_HAB&wst_oper=GEN&wst_oper=DSP_L_OTH&sinceTimePeriod=2023,2026-10-05
EE,DSP_L_OTH,KG_HAB,2023,2,,2026-03-30T23:00:00+0200,https://ec.europa.eu/eurostat/api/dissemination/statistics/1.0/data/env_wasmun?geo=AT&geo=BE&geo=BG&geo=CY&geo=CZ&geo=DE&geo=DK&geo=EE&geo=EL&geo=ES&geo=FI&geo=FR&geo=HR&geo=HU&geo=IE&geo=IT&geo=LT&geo=LU&geo=LV&geo=MT&geo=NL&geo=PL&geo=PT&geo=RO&geo=SE&geo=SI&geo=SK&unit=KG_HAB&wst_oper=GEN&wst_oper=DSP_L_OTH&sinceTimePeriod=2023,2026-10-05
EE,DSP_L_OTH,KG_HAB,2024,48,,2026-03-30T23:00:00+0200,https://ec.europa.eu/eurostat/api/dissemination/statistics/1.0/data/env_wasmun?geo=AT&geo=BE&geo=BG&geo=CY&geo=CZ&geo=DE&geo=DK&geo=EE&geo=EL&geo=ES&geo=FI&geo=FR&geo=HR&geo=HU&geo=IE&geo=IT&geo=LT&geo=LU&geo=LV&geo=MT&geo=NL&geo=PL&geo=PT&geo=RO&geo=SE&geo=SI&geo=SK&unit=KG_HAB&wst_oper=GEN&wst_oper=DSP_L_OTH&sinceTimePeriod=2023,2026-10-05
EE,GEN,KG_HAB,2023,373,,2026-03-30T23:00:00+0200,https://ec.europa.eu/eurostat/api/dissemination/statistics/1.0/data/env_wasmun?geo=AT&geo=BE&geo=BG&geo=CY&geo=CZ&geo=DE&geo=DK&geo=EE&geo=EL&geo=ES&geo=FI&geo=FR&geo=HR&geo=HU&geo=IE&geo=IT&geo=LT&geo=LU&geo=LV&geo=MT&geo=NL&geo=PL&geo=PT&geo=RO&geo=SE&geo=SI&geo=SK&unit=KG_HAB&wst_oper=GEN&wst_oper=DSP_L_OTH&sinceTimePeriod=2023,2026-10-05
EE,GEN,KG_HAB,2024,375,,2026-03-30T23:00:00+0200,https://ec.europa.eu/eurostat/api/dissemination/statistics/1.0/data/env_wasmun?geo=AT&geo=BE&geo=BG&geo=CY&geo=CZ&geo=DE&geo=DK&geo=EE&geo=EL&geo=ES&geo=FI&geo=FR&geo=HR&geo=HU&geo=IE&geo=IT&geo=LT&geo=LU&geo=LV&geo=MT&geo=NL&geo=PL&geo=PT&geo=RO&geo=SE&geo=SI&geo=SK&unit=KG_HAB&wst_oper=GEN&wst_oper=DSP_L_OTH&sinceTimePeriod=2023,2026-10-05
EL,DSP_L_OTH,KG_HAB,2023,422,,2026-03-30T23:00:00+0200,https://ec.europa.eu/eurostat/api/dissemination/statistics/1.0/data/env_wasmun?geo=AT&geo=BE&geo=BG&geo=CY&geo=CZ&geo=DE&geo=DK&geo=EE&geo=EL&geo=ES&geo=FI&geo=FR&geo=HR&geo=HU&geo=IE&geo=IT&geo=LT&geo=LU&geo=LV&geo=MT&geo=NL&geo=PL&geo=PT&geo=RO&geo=SE&geo=SI&geo=SK&unit=KG_HAB&wst_oper=GEN&wst_oper=DSP_L_OTH&sinceTimePeriod=2023,2026-10-05
EL,GEN,KG_HAB,2023,523,,2026-03-30T23:00:00+0200,https://ec.europa.eu/eurostat/api/dissemination/statistics/1.0/data/env_wasmun?geo=AT&geo=BE&geo=BG&geo=CY&geo=CZ&geo=DE&geo=DK&geo=EE&geo=EL&geo=ES&geo=FI&geo=FR&geo=HR&geo=HU&geo=IE&geo=IT&geo=LT&geo=LU&geo=LV&geo=MT&geo=NL&geo=PL&geo=PT&geo=RO&geo=SE&geo=SI&geo=SK&unit=KG_HAB&wst_oper=GEN&wst_oper=DSP_L_OTH&sinceTimePeriod=2023,2026-10-05
ES,DSP_L_OTH,KG_HAB,2023,217,p,2026-03-30T23:00:00+0200,https://ec.europa.eu/eurostat/api/dissemination/statistics/1.0/data/env_wasmun?geo=AT&geo=BE&geo=BG&geo=CY&geo=CZ&geo=DE&geo=DK&geo=EE&geo=EL&geo=ES&geo=FI&geo=FR&geo=HR&geo=HU&geo=IE&geo=IT&geo=LT&geo=LU&geo=LV&geo=MT&geo=NL&geo=PL&geo=PT&geo=RO&geo=SE&geo=SI&geo=SK&unit=KG_HAB&wst_oper=GEN&wst_oper=DSP_L_OTH&sinceTimePeriod=2023,2026-10-05
ES,DSP_L_OTH,KG_HAB,2024,216,e,2026-03-30T23:00:00+0200,https://ec.europa.eu/eurostat/api/dissemination/statistics/1.0/data/env_wasmun?geo=AT&geo=BE&geo=BG&geo=CY&geo=CZ&geo=DE&geo=DK&geo=EE&geo=EL&geo=ES&geo=FI&geo=FR&geo=HR&geo=HU&geo=IE&geo=IT&geo=LT&geo=LU&geo=LV&geo=MT&geo=NL&geo=PL&geo=PT&geo=RO&geo=SE&geo=SI&geo=SK&unit=KG_HAB&wst_oper=GEN&wst_oper=DSP_L_OTH&sinceTimePeriod=2023,2026-10-05
ES,GEN,KG_HAB,2023,464,p,2026-03-30T23:00:00+0200,https://ec.europa.eu/eurostat/api/dissemination/statistics/1.0/data/env_wasmun?geo=AT&geo=BE&geo=BG&geo=CY&geo=CZ&geo=DE&geo=DK&geo=EE&geo=EL&geo=ES&geo=FI&geo=FR&geo=HR&geo=HU&geo=IE&geo=IT&geo=LT&geo=LU&geo=LV&geo=MT&geo=NL&geo=PL&geo=PT&geo=RO&geo=SE&geo=SI&geo=SK&unit=KG_HAB&wst_oper=GEN&wst_oper=DSP_L_OTH&sinceTimePeriod=2023,2026-10-05
ES,GEN,KG_HAB,2024,456,e,2026-03-30T23:00:00+0200,https://ec.europa.eu/eurostat/api/dissemination/statistics/1.0/data/env_wasmun?geo=AT&geo=BE&geo=BG&geo=CY&geo=CZ&geo=DE&geo=DK&geo=EE&geo=EL&geo=ES&geo=FI&geo=FR&geo=HR&geo=HU&geo=IE&geo=IT&geo=LT&geo=LU&geo=LV&geo=MT&geo=NL&geo=PL&geo=PT&geo=RO&geo=SE&geo=SI&geo=SK&unit=KG_HAB&wst_oper=GEN&wst_oper=DSP_L_OTH&sinceTimePeriod=2023,2026-10-05
FI,DSP_L_OTH,KG_HAB,2023,2,,2026-03-30T23:00:00+0200,https://ec.europa.eu/eurostat/api/dissemination/statistics/1.0/data/env_wasmun?geo=AT&geo=BE&geo=BG&geo=CY&geo=CZ&geo=DE&geo=DK&geo=EE&geo=EL&geo=ES&geo=FI&geo=FR&geo=HR&geo=HU&geo=IE&geo=IT&geo=LT&geo=LU&geo=LV&geo=MT&geo=NL&geo=PL&geo=PT&geo=RO&geo=SE&geo=SI&geo=SK&unit=KG_HAB&wst_oper=GEN&wst_oper=DSP_L_OTH&sinceTimePeriod=2023,2026-10-05
FI,DSP_L_OTH,KG_HAB,2024,2,,2026-03-30T23:00:00+0200,https://ec.europa.eu/eurostat/api/dissemination/statistics/1.0/data/env_wasmun?geo=AT&geo=BE&geo=BG&geo=CY&geo=CZ&geo=DE&geo=DK&geo=EE&geo=EL&geo=ES&geo=FI&geo=FR&geo=HR&geo=HU&geo=IE&geo=IT&geo=LT&geo=LU&geo=LV&geo=MT&geo=NL&geo=PL&geo=PT&geo=RO&geo=SE&geo=SI&geo=SK&unit=KG_HAB&wst_oper=GEN&wst_oper=DSP_L_OTH&sinceTimePeriod=2023,2026-10-05
FI,GEN,KG_HAB,2023,468,,2026-03-30T23:00:00+0200,https://ec.europa.eu/eurostat/api/dissemination/statistics/1.0/data/env_wasmun?geo=AT&geo=BE&geo=BG&geo=CY&geo=CZ&geo=DE&geo=DK&geo=EE&geo=EL&geo=ES&geo=FI&geo=FR&geo=HR&geo=HU&geo=IE&geo=IT&geo=LT&geo=LU&geo=LV&geo=MT&geo=NL&geo=PL&geo=PT&geo=RO&geo=SE&geo=SI&geo=SK&unit=KG_HAB&wst_oper=GEN&wst_oper=DSP_L_OTH&sinceTimePeriod=2023,2026-10-05
FI,GEN,KG_HAB,2024,457,,2026-03-30T23:00:00+0200,https://ec.europa.eu/eurostat/api/dissemination/statistics/1.0/data/env_wasmun?geo=AT&geo=BE&geo=BG&geo=CY&geo=CZ&geo=DE&geo=DK&geo=EE&geo=EL&geo=ES&geo=FI&geo=FR&geo=HR&geo=HU&geo=IE&geo=IT&geo=LT&geo=LU&geo=LV&geo=MT&geo=NL&geo=PL&geo=PT&geo=RO&geo=SE&geo=SI&geo=SK&unit=KG_HAB&wst_oper=GEN&wst_oper=DSP_L_OTH&sinceTimePeriod=2023,2026-10-05
FR,DSP_L_OTH,KG_HAB,2023,112,e,2026-03-30T23:00:00+0200,https://ec.europa.eu/eurostat/api/dissemination/statistics/1.0/data/env_wasmun?geo=AT&geo=BE&geo=BG&geo=CY&geo=CZ&geo=DE&geo=DK&geo=EE&geo=EL&geo=ES&geo=FI&geo=FR&geo=HR&geo=HU&geo=IE&geo=IT&geo=LT&geo=LU&geo=LV&geo=MT&geo=NL&geo=PL&geo=PT&geo=RO&geo=SE&geo=SI&geo=SK&unit=KG_HAB&wst_oper=GEN&wst_oper=DSP_L_OTH&sinceTimePeriod=2023,2026-10-05
FR,DSP_L_OTH,KG_HAB,2024,110,ep,2026-03-30T23:00:00+0200,https://ec.europa.eu/eurostat/api/dissemination/statistics/1.0/data/env_wasmun?geo=AT&geo=BE&geo=BG&geo=CY&geo=CZ&geo=DE&geo=DK&geo=EE&geo=EL&geo=ES&geo=FI&geo=FR&geo=HR&geo=HU&geo=IE&geo=IT&geo=LT&geo=LU&geo=LV&geo=MT&geo=NL&geo=PL&geo=PT&geo=RO&geo=SE&geo=SI&geo=SK&unit=KG_HAB&wst_oper=GEN&wst_oper=DSP_L_OTH&sinceTimePeriod=2023,2026-10-05
FR,GEN,KG_HAB,2023,527,e,2026-03-30T23:00:00+0200,https://ec.europa.eu/eurostat/api/dissemination/statistics/1.0/data/env_wasmun?geo=AT&geo=BE&geo=BG&geo=CY&geo=CZ&geo=DE&geo=DK&geo=EE&geo=EL&geo=ES&geo=FI&geo=FR&geo=HR&geo=HU&geo=IE&geo=IT&geo=LT&geo=LU&geo=LV&geo=MT&geo=NL&geo=PL&geo=PT&geo=RO&geo=SE&geo=SI&geo=SK&unit=KG_HAB&wst_oper=GEN&wst_oper=DSP_L_OTH&sinceTimePeriod=2023,2026-10-05
FR,GEN,KG_HAB,2024,530,ep,2026-03-30T23:00:00+0200,https://ec.europa.eu/eurostat/api/dissemination/statistics/1.0/data/env_wasmun?geo=AT&geo=BE&geo=BG&geo=CY&geo=CZ&geo=DE&geo=DK&geo=EE&geo=EL&geo=ES&geo=FI&geo=FR&geo=HR&geo=HU&geo=IE&geo=IT&geo=LT&geo=LU&geo=LV&geo=MT&geo=NL&geo=PL&geo=PT&geo=RO&geo=SE&geo=SI&geo=SK&unit=KG_HAB&wst_oper=GEN&wst_oper=DSP_L_OTH&sinceTimePeriod=2023,2026-10-05
HR,DSP_L_OTH,KG_HAB,2023,246,,2026-03-30T23:00:00+0200,https://ec.europa.eu/eurostat/api/dissemination/statistics/1.0/data/env_wasmun?geo=AT&geo=BE&geo=BG&geo=CY&geo=CZ&geo=DE&geo=DK&geo=EE&geo=EL&geo=ES&geo=FI&geo=FR&geo=HR&geo=HU&geo=IE&geo=IT&geo=LT&geo=LU&geo=LV&geo=MT&geo=NL&geo=PL&geo=PT&geo=RO&geo=SE&geo=SI&geo=SK&unit=KG_HAB&wst_oper=GEN&wst_oper=DSP_L_OTH&sinceTimePeriod=2023,2026-10-05
HR,DSP_L_OTH,KG_HAB,2024,247,,2026-03-30T23:00:00+0200,https://ec.europa.eu/eurostat/api/dissemination/statistics/1.0/data/env_wasmun?geo=AT&geo=BE&geo=BG&geo=CY&geo=CZ&geo=DE&geo=DK&geo=EE&geo=EL&geo=ES&geo=FI&geo=FR&geo=HR&geo=HU&geo=IE&geo=IT&geo=LT&geo=LU&geo=LV&geo=MT&geo=NL&geo=PL&geo=PT&geo=RO&geo=SE&geo=SI&geo=SK&unit=KG_HAB&wst_oper=GEN&wst_oper=DSP_L_OTH&sinceTimePeriod=2023,2026-10-05
HR,GEN,KG_HAB,2023,475,,2026-03-30T23:00:00+0200,https://ec.europa.eu/eurostat/api/dissemination/statistics/1.0/data/env_wasmun?geo=AT&geo=BE&geo=BG&geo=CY&geo=CZ&geo=DE&geo=DK&geo=EE&geo=EL&geo=ES&geo=FI&geo=FR&geo=HR&geo=HU&geo=IE&geo=IT&geo=LT&geo=LU&geo=LV&geo=MT&geo=NL&geo=PL&geo=PT&geo=RO&geo=SE&geo=SI&geo=SK&unit=KG_HAB&wst_oper=GEN&wst_oper=DSP_L_OTH&sinceTimePeriod=2023,2026-10-05
HR,GEN,KG_HAB,2024,486,,2026-03-30T23:00:00+0200,https://ec.europa.eu/eurostat/api/dissemination/statistics/1.0/data/env_wasmun?geo=AT&geo=BE&geo=BG&geo=CY&geo=CZ&geo=DE&geo=DK&geo=EE&geo=EL&geo=ES&geo=FI&geo=FR&geo=HR&geo=HU&geo=IE&geo=IT&geo=LT&geo=LU&geo=LV&geo=MT&geo=NL&geo=PL&geo=PT&geo=RO&geo=SE&geo=SI&geo=SK&unit=KG_HAB&wst_oper=GEN&wst_oper=DSP_L_OTH&sinceTimePeriod=2023,2026-10-05
HU,DSP_L_OTH,KG_HAB,2023,233,,2026-03-30T23:00:00+0200,https://ec.europa.eu/eurostat/api/dissemination/statistics/1.0/data/env_wasmun?geo=AT&geo=BE&geo=BG&geo=CY&geo=CZ&geo=DE&geo=DK&geo=EE&geo=EL&geo=ES&geo=FI&geo=FR&geo=HR&geo=HU&geo=IE&geo=IT&geo=LT&geo=LU&geo=LV&geo=MT&geo=NL&geo=PL&geo=PT&geo=RO&geo=SE&geo=SI&geo=SK&unit=KG_HAB&wst_oper=GEN&wst_oper=DSP_L_OTH&sinceTimePeriod=2023,2026-10-05
HU,DSP_L_OTH,KG_HAB,2024,220,,2026-03-30T23:00:00+0200,https://ec.europa.eu/eurostat/api/dissemination/statistics/1.0/data/env_wasmun?geo=AT&geo=BE&geo=BG&geo=CY&geo=CZ&geo=DE&geo=DK&geo=EE&geo=EL&geo=ES&geo=FI&geo=FR&geo=HR&geo=HU&geo=IE&geo=IT&geo=LT&geo=LU&geo=LV&geo=MT&geo=NL&geo=PL&geo=PT&geo=RO&geo=SE&geo=SI&geo=SK&unit=KG_HAB&wst_oper=GEN&wst_oper=DSP_L_OTH&sinceTimePeriod=2023,2026-10-05
HU,GEN,KG_HAB,2023,429,,2026-03-30T23:00:00+0200,https://ec.europa.eu/eurostat/api/dissemination/statistics/1.0/data/env_wasmun?geo=AT&geo=BE&geo=BG&geo=CY&geo=CZ&geo=DE&geo=DK&geo=EE&geo=EL&geo=ES&geo=FI&geo=FR&geo=HR&geo=HU&geo=IE&geo=IT&geo=LT&geo=LU&geo=LV&geo=MT&geo=NL&geo=PL&geo=PT&geo=RO&geo=SE&geo=SI&geo=SK&unit=KG_HAB&wst_oper=GEN&wst_oper=DSP_L_OTH&sinceTimePeriod=2023,2026-10-05
HU,GEN,KG_HAB,2024,414,,2026-03-30T23:00:00+0200,https://ec.europa.eu/eurostat/api/dissemination/statistics/1.0/data/env_wasmun?geo=AT&geo=BE&geo=BG&geo=CY&geo=CZ&geo=DE&geo=DK&geo=EE&geo=EL&geo=ES&geo=FI&geo=FR&geo=HR&geo=HU&geo=IE&geo=IT&geo=LT&geo=LU&geo=LV&geo=MT&geo=NL&geo=PL&geo=PT&geo=RO&geo=SE&geo=SI&geo=SK&unit=KG_HAB&wst_oper=GEN&wst_oper=DSP_L_OTH&sinceTimePeriod=2023,2026-10-05
IE,DSP_L_OTH,KG_HAB,2023,85,,2026-03-30T23:00:00+0200,https://ec.europa.eu/eurostat/api/dissemination/statistics/1.0/data/env_wasmun?geo=AT&geo=BE&geo=BG&geo=CY&geo=CZ&geo=DE&geo=DK&geo=EE&geo=EL&geo=ES&geo=FI&geo=FR&geo=HR&geo=HU&geo=IE&geo=IT&geo=LT&geo=LU&geo=LV&geo=MT&geo=NL&geo=PL&geo=PT&geo=RO&geo=SE&geo=SI&geo=SK&unit=KG_HAB&wst_oper=GEN&wst_oper=DSP_L_OTH&sinceTimePeriod=2023,2026-10-05
IE,GEN,KG_HAB,2023,590,,2026-03-30T23:00:00+0200,https://ec.europa.eu/eurostat/api/dissemination/statistics/1.0/data/env_wasmun?geo=AT&geo=BE&geo=BG&geo=CY&geo=CZ&geo=DE&geo=DK&geo=EE&geo=EL&geo=ES&geo=FI&geo=FR&geo=HR&geo=HU&geo=IE&geo=IT&geo=LT&geo=LU&geo=LV&geo=MT&geo=NL&geo=PL&geo=PT&geo=RO&geo=SE&geo=SI&geo=SK&unit=KG_HAB&wst_oper=GEN&wst_oper=DSP_L_OTH&sinceTimePeriod=2023,2026-10-05
IT,DSP_L_OTH,KG_HAB,2023,78,,2026-03-30T23:00:00+0200,https://ec.europa.eu/eurostat/api/dissemination/statistics/1.0/data/env_wasmun?geo=AT&geo=BE&geo=BG&geo=CY&geo=CZ&geo=DE&geo=DK&geo=EE&geo=EL&geo=ES&geo=FI&geo=FR&geo=HR&geo=HU&geo=IE&geo=IT&geo=LT&geo=LU&geo=LV&geo=MT&geo=NL&geo=PL&geo=PT&geo=RO&geo=SE&geo=SI&geo=SK&unit=KG_HAB&wst_oper=GEN&wst_oper=DSP_L_OTH&sinceTimePeriod=2023,2026-10-05
IT,GEN,KG_HAB,2023,489,,2026-03-30T23:00:00+0200,https://ec.europa.eu/eurostat/api/dissemination/statistics/1.0/data/env_wasmun?geo=AT&geo=BE&geo=BG&geo=CY&geo=CZ&geo=DE&geo=DK&geo=EE&geo=EL&geo=ES&geo=FI&geo=FR&geo=HR&geo=HU&geo=IE&geo=IT&geo=LT&geo=LU&geo=LV&geo=MT&geo=NL&geo=PL&geo=PT&geo=RO&geo=SE&geo=SI&geo=SK&unit=KG_HAB&wst_oper=GEN&wst_oper=DSP_L_OTH&sinceTimePeriod=2023,2026-10-05
LT,DSP_L_OTH,KG_HAB,2023,35,,2026-03-30T23:00:00+0200,https://ec.europa.eu/eurostat/api/dissemination/statistics/1.0/data/env_wasmun?geo=AT&geo=BE&geo=BG&geo=CY&geo=CZ&geo=DE&geo=DK&geo=EE&geo=EL&geo=ES&geo=FI&geo=FR&geo=HR&geo=HU&geo=IE&geo=IT&geo=LT&geo=LU&geo=LV&geo=MT&geo=NL&geo=PL&geo=PT&geo=RO&geo=SE&geo=SI&geo=SK&unit=KG_HAB&wst_oper=GEN&wst_oper=DSP_L_OTH&sinceTimePeriod=2023,2026-10-05
LT,DSP_L_OTH,KG_HAB,2024,26,,2026-03-30T23:00:00+0200,https://ec.europa.eu/eurostat/api/dissemination/statistics/1.0/data/env_wasmun?geo=AT&geo=BE&geo=BG&geo=CY&geo=CZ&geo=DE&geo=DK&geo=EE&geo=EL&geo=ES&geo=FI&geo=FR&geo=HR&geo=HU&geo=IE&geo=IT&geo=LT&geo=LU&geo=LV&geo=MT&geo=NL&geo=PL&geo=PT&geo=RO&geo=SE&geo=SI&geo=SK&unit=KG_HAB&wst_oper=GEN&wst_oper=DSP_L_OTH&sinceTimePeriod=2023,2026-10-05
LT,GEN,KG_HAB,2023,446,,2026-03-30T23:00:00+0200,https://ec.europa.eu/eurostat/api/dissemination/statistics/1.0/data/env_wasmun?geo=AT&geo=BE&geo=BG&geo=CY&geo=CZ&geo=DE&geo=DK&geo=EE&geo=EL&geo=ES&geo=FI&geo=FR&geo=HR&geo=HU&geo=IE&geo=IT&geo=LT&geo=LU&geo=LV&geo=MT&geo=NL&geo=PL&geo=PT&geo=RO&geo=SE&geo=SI&geo=SK&unit=KG_HAB&wst_oper=GEN&wst_oper=DSP_L_OTH&sinceTimePeriod=2023,2026-10-05
LT,GEN,KG_HAB,2024,462,,2026-03-30T23:00:00+0200,https://ec.europa.eu/eurostat/api/dissemination/statistics/1.0/data/env_wasmun?geo=AT&geo=BE&geo=BG&geo=CY&geo=CZ&geo=DE&geo=DK&geo=EE&geo=EL&geo=ES&geo=FI&geo=FR&geo=HR&geo=HU&geo=IE&geo=IT&geo=LT&geo=LU&geo=LV&geo=MT&geo=NL&geo=PL&geo=PT&geo=RO&geo=SE&geo=SI&geo=SK&unit=KG_HAB&wst_oper=GEN&wst_oper=DSP_L_OTH&sinceTimePeriod=2023,2026-10-05
LU,DSP_L_OTH,KG_HAB,2023,21,,2026-03-30T23:00:00+0200,https://ec.europa.eu/eurostat/api/dissemination/statistics/1.0/data/env_wasmun?geo=AT&geo=BE&geo=BG&geo=CY&geo=CZ&geo=DE&geo=DK&geo=EE&geo=EL&geo=ES&geo=FI&geo=FR&geo=HR&geo=HU&geo=IE&geo=IT&geo=LT&geo=LU&geo=LV&geo=MT&geo=NL&geo=PL&geo=PT&geo=RO&geo=SE&geo=SI&geo=SK&unit=KG_HAB&wst_oper=GEN&wst_oper=DSP_L_OTH&sinceTimePeriod=2023,2026-10-05
LU,DSP_L_OTH,KG_HAB,2024,18,e,2026-03-30T23:00:00+0200,https://ec.europa.eu/eurostat/api/dissemination/statistics/1.0/data/env_wasmun?geo=AT&geo=BE&geo=BG&geo=CY&geo=CZ&geo=DE&geo=DK&geo=EE&geo=EL&geo=ES&geo=FI&geo=FR&geo=HR&geo=HU&geo=IE&geo=IT&geo=LT&geo=LU&geo=LV&geo=MT&geo=NL&geo=PL&geo=PT&geo=RO&geo=SE&geo=SI&geo=SK&unit=KG_HAB&wst_oper=GEN&wst_oper=DSP_L_OTH&sinceTimePeriod=2023,2026-10-05
LU,GEN,KG_HAB,2023,718,,2026-03-30T23:00:00+0200,https://ec.europa.eu/eurostat/api/dissemination/statistics/1.0/data/env_wasmun?geo=AT&geo=BE&geo=BG&geo=CY&geo=CZ&geo=DE&geo=DK&geo=EE&geo=EL&geo=ES&geo=FI&geo=FR&geo=HR&geo=HU&geo=IE&geo=IT&geo=LT&geo=LU&geo=LV&geo=MT&geo=NL&geo=PL&geo=PT&geo=RO&geo=SE&geo=SI&geo=SK&unit=KG_HAB&wst_oper=GEN&wst_oper=DSP_L_OTH&sinceTimePeriod=2023,2026-10-05
LU,GEN,KG_HAB,2024,681,e,2026-03-30T23:00:00+0200,https://ec.europa.eu/eurostat/api/dissemination/statistics/1.0/data/env_wasmun?geo=AT&geo=BE&geo=BG&geo=CY&geo=CZ&geo=DE&geo=DK&geo=EE&geo=EL&geo=ES&geo=FI&geo=FR&geo=HR&geo=HU&geo=IE&geo=IT&geo=LT&geo=LU&geo=LV&geo=MT&geo=NL&geo=PL&geo=PT&geo=RO&geo=SE&geo=SI&geo=SK&unit=KG_HAB&wst_oper=GEN&wst_oper=DSP_L_OTH&sinceTimePeriod=2023,2026-10-05
LV,DSP_L_OTH,KG_HAB,2024,142,,2026-03-30T23:00:00+0200,https://ec.europa.eu/eurostat/api/dissemination/statistics/1.0/data/env_wasmun?geo=AT&geo=BE&geo=BG&geo=CY&geo=CZ&geo=DE&geo=DK&geo=EE&geo=EL&geo=ES&geo=FI&geo=FR&geo=HR&geo=HU&geo=IE&geo=IT&geo=LT&geo=LU&geo=LV&geo=MT&geo=NL&geo=PL&geo=PT&geo=RO&geo=SE&geo=SI&geo=SK&unit=KG_HAB&wst_oper=GEN&wst_oper=DSP_L_OTH&sinceTimePeriod=2023,2026-10-05
LV,GEN,KG_HAB,2023,437,,2026-03-30T23:00:00+0200,https://ec.europa.eu/eurostat/api/dissemination/statistics/1.0/data/env_wasmun?geo=AT&geo=BE&geo=BG&geo=CY&geo=CZ&geo=DE&geo=DK&geo=EE&geo=EL&geo=ES&geo=FI&geo=FR&geo=HR&geo=HU&geo=IE&geo=IT&geo=LT&geo=LU&geo=LV&geo=MT&geo=NL&geo=PL&geo=PT&geo=RO&geo=SE&geo=SI&geo=SK&unit=KG_HAB&wst_oper=GEN&wst_oper=DSP_L_OTH&sinceTimePeriod=2023,2026-10-05
LV,GEN,KG_HAB,2024,462,,2026-03-30T23:00:00+0200,https://ec.europa.eu/eurostat/api/dissemination/statistics/1.0/data/env_wasmun?geo=AT&geo=BE&geo=BG&geo=CY&geo=CZ&geo=DE&geo=DK&geo=EE&geo=EL&geo=ES&geo=FI&geo=FR&geo=HR&geo=HU&geo=IE&geo=IT&geo=LT&geo=LU&geo=LV&geo=MT&geo=NL&geo=PL&geo=PT&geo=RO&geo=SE&geo=SI&geo=SK&unit=KG_HAB&wst_oper=GEN&wst_oper=DSP_L_OTH&sinceTimePeriod=2023,2026-10-05
MT,DSP_L_OTH,KG_HAB,2023,444,,2026-03-30T23:00:00+0200,https://ec.europa.eu/eurostat/api/dissemination/statistics/1.0/data/env_wasmun?geo=AT&geo=BE&geo=BG&geo=CY&geo=CZ&geo=DE&geo=DK&geo=EE&geo=EL&geo=ES&geo=FI&geo=FR&geo=HR&geo=HU&geo=IE&geo=IT&geo=LT&geo=LU&geo=LV&geo=MT&geo=NL&geo=PL&geo=PT&geo=RO&geo=SE&geo=SI&geo=SK&unit=KG_HAB&wst_oper=GEN&wst_oper=DSP_L_OTH&sinceTimePeriod=2023,2026-10-05
MT,DSP_L_OTH,KG_HAB,2024,448,,2026-03-30T23:00:00+0200,https://ec.europa.eu/eurostat/api/dissemination/statistics/1.0/data/env_wasmun?geo=AT&geo=BE&geo=BG&geo=CY&geo=CZ&geo=DE&geo=DK&geo=EE&geo=EL&geo=ES&geo=FI&geo=FR&geo=HR&geo=HU&geo=IE&geo=IT&geo=LT&geo=LU&geo=LV&geo=MT&geo=NL&geo=PL&geo=PT&geo=RO&geo=SE&geo=SI&geo=SK&unit=KG_HAB&wst_oper=GEN&wst_oper=DSP_L_OTH&sinceTimePeriod=2023,2026-10-05
MT,GEN,KG_HAB,2023,603,,2026-03-30T23:00:00+0200,https://ec.europa.eu/eurostat/api/dissemination/statistics/1.0/data/env_wasmun?geo=AT&geo=BE&geo=BG&geo=CY&geo=CZ&geo=DE&geo=DK&geo=EE&geo=EL&geo=ES&geo=FI&geo=FR&geo=HR&geo=HU&geo=IE&geo=IT&geo=LT&geo=LU&geo=LV&geo=MT&geo=NL&geo=PL&geo=PT&geo=RO&geo=SE&geo=SI&geo=SK&unit=KG_HAB&wst_oper=GEN&wst_oper=DSP_L_OTH&sinceTimePeriod=2023,2026-10-05
MT,GEN,KG_HAB,2024,621,,2026-03-30T23:00:00+0200,https://ec.europa.eu/eurostat/api/dissemination/statistics/1.0/data/env_wasmun?geo=AT&geo=BE&geo=BG&geo=CY&geo=CZ&geo=DE&geo=DK&geo=EE&geo=EL&geo=ES&geo=FI&geo=FR&geo=HR&geo=HU&geo=IE&geo=IT&geo=LT&geo=LU&geo=LV&geo=MT&geo=NL&geo=PL&geo=PT&geo=RO&geo=SE&geo=SI&geo=SK&unit=KG_HAB&wst_oper=GEN&wst_oper=DSP_L_OTH&sinceTimePeriod=2023,2026-10-05
NL,DSP_L_OTH,KG_HAB,2023,7,,2026-03-30T23:00:00+0200,https://ec.europa.eu/eurostat/api/dissemination/statistics/1.0/data/env_wasmun?geo=AT&geo=BE&geo=BG&geo=CY&geo=CZ&geo=DE&geo=DK&geo=EE&geo=EL&geo=ES&geo=FI&geo=FR&geo=HR&geo=HU&geo=IE&geo=IT&geo=LT&geo=LU&geo=LV&geo=MT&geo=NL&geo=PL&geo=PT&geo=RO&geo=SE&geo=SI&geo=SK&unit=KG_HAB&wst_oper=GEN&wst_oper=DSP_L_OTH&sinceTimePeriod=2023,2026-10-05
NL,DSP_L_OTH,KG_HAB,2024,7,,2026-03-30T23:00:00+0200,https://ec.europa.eu/eurostat/api/dissemination/statistics/1.0/data/env_wasmun?geo=AT&geo=BE&geo=BG&geo=CY&geo=CZ&geo=DE&geo=DK&geo=EE&geo=EL&geo=ES&geo=FI&geo=FR&geo=HR&geo=HU&geo=IE&geo=IT&geo=LT&geo=LU&geo=LV&geo=MT&geo=NL&geo=PL&geo=PT&geo=RO&geo=SE&geo=SI&geo=SK&unit=KG_HAB&wst_oper=GEN&wst_oper=DSP_L_OTH&sinceTimePeriod=2023,2026-10-05
NL,GEN,KG_HAB,2023,465,,2026-03-30T23:00:00+0200,https://ec.europa.eu/eurostat/api/dissemination/statistics/1.0/data/env_wasmun?geo=AT&geo=BE&geo=BG&geo=CY&geo=CZ&geo=DE&geo=DK&geo=EE&geo=EL&geo=ES&geo=FI&geo=FR&geo=HR&geo=HU&geo=IE&geo=IT&geo=LT&geo=LU&geo=LV&geo=MT&geo=NL&geo=PL&geo=PT&geo=RO&geo=SE&geo=SI&geo=SK&unit=KG_HAB&wst_oper=GEN&wst_oper=DSP_L_OTH&sinceTimePeriod=2023,2026-10-05
NL,GEN,KG_HAB,2024,473,,2026-03-30T23:00:00+0200,https://ec.europa.eu/eurostat/api/dissemination/statistics/1.0/data/env_wasmun?geo=AT&geo=BE&geo=BG&geo=CY&geo=CZ&geo=DE&geo=DK&geo=EE&geo=EL&geo=ES&geo=FI&geo=FR&geo=HR&geo=HU&geo=IE&geo=IT&geo=LT&geo=LU&geo=LV&geo=MT&geo=NL&geo=PL&geo=PT&geo=RO&geo=SE&geo=SI&geo=SK&unit=KG_HAB&wst_oper=GEN&wst_oper=DSP_L_OTH&sinceTimePeriod=2023,2026-10-05
PL,DSP_L_OTH,KG_HAB,2023,111,b,2026-03-30T23:00:00+0200,https://ec.europa.eu/eurostat/api/dissemination/statistics/1.0/data/env_wasmun?geo=AT&geo=BE&geo=BG&geo=CY&geo=CZ&geo=DE&geo=DK&geo=EE&geo=EL&geo=ES&geo=FI&geo=FR&geo=HR&geo=HU&geo=IE&geo=IT&geo=LT&geo=LU&geo=LV&geo=MT&geo=NL&geo=PL&geo=PT&geo=RO&geo=SE&geo=SI&geo=SK&unit=KG_HAB&wst_oper=GEN&wst_oper=DSP_L_OTH&sinceTimePeriod=2023,2026-10-05
PL,DSP_L_OTH,KG_HAB,2024,116,,2026-03-30T23:00:00+0200,https://ec.europa.eu/eurostat/api/dissemination/statistics/1.0/data/env_wasmun?geo=AT&geo=BE&geo=BG&geo=CY&geo=CZ&geo=DE&geo=DK&geo=EE&geo=EL&geo=ES&geo=FI&geo=FR&geo=HR&geo=HU&geo=IE&geo=IT&geo=LT&geo=LU&geo=LV&geo=MT&geo=NL&geo=PL&geo=PT&geo=RO&geo=SE&geo=SI&geo=SK&unit=KG_HAB&wst_oper=GEN&wst_oper=DSP_L_OTH&sinceTimePeriod=2023,2026-10-05
PL,GEN,KG_HAB,2023,367,,2026-03-30T23:00:00+0200,https://ec.europa.eu/eurostat/api/dissemination/statistics/1.0/data/env_wasmun?geo=AT&geo=BE&geo=BG&geo=CY&geo=CZ&geo=DE&geo=DK&geo=EE&geo=EL&geo=ES&geo=FI&geo=FR&geo=HR&geo=HU&geo=IE&geo=IT&geo=LT&geo=LU&geo=LV&geo=MT&geo=NL&geo=PL&geo=PT&geo=RO&geo=SE&geo=SI&geo=SK&unit=KG_HAB&wst_oper=GEN&wst_oper=DSP_L_OTH&sinceTimePeriod=2023,2026-10-05
PL,GEN,KG_HAB,2024,387,,2026-03-30T23:00:00+0200,https://ec.europa.eu/eurostat/api/dissemination/statistics/1.0/data/env_wasmun?geo=AT&geo=BE&geo=BG&geo=CY&geo=CZ&geo=DE&geo=DK&geo=EE&geo=EL&geo=ES&geo=FI&geo=FR&geo=HR&geo=HU&geo=IE&geo=IT&geo=LT&geo=LU&geo=LV&geo=MT&geo=NL&geo=PL&geo=PT&geo=RO&geo=SE&geo=SI&geo=SK&unit=KG_HAB&wst_oper=GEN&wst_oper=DSP_L_OTH&sinceTimePeriod=2023,2026-10-05
PT,DSP_L_OTH,KG_HAB,2023,285,,2026-03-30T23:00:00+0200,https://ec.europa.eu/eurostat/api/dissemination/statistics/1.0/data/env_wasmun?geo=AT&geo=BE&geo=BG&geo=CY&geo=CZ&geo=DE&geo=DK&geo=EE&geo=EL&geo=ES&geo=FI&geo=FR&geo=HR&geo=HU&geo=IE&geo=IT&geo=LT&geo=LU&geo=LV&geo=MT&geo=NL&geo=PL&geo=PT&geo=RO&geo=SE&geo=SI&geo=SK&unit=KG_HAB&wst_oper=GEN&wst_oper=DSP_L_OTH&sinceTimePeriod=2023,2026-10-05
PT,DSP_L_OTH,KG_HAB,2024,270,,2026-03-30T23:00:00+0200,https://ec.europa.eu/eurostat/api/dissemination/statistics/1.0/data/env_wasmun?geo=AT&geo=BE&geo=BG&geo=CY&geo=CZ&geo=DE&geo=DK&geo=EE&geo=EL&geo=ES&geo=FI&geo=FR&geo=HR&geo=HU&geo=IE&geo=IT&geo=LT&geo=LU&geo=LV&geo=MT&geo=NL&geo=PL&geo=PT&geo=RO&geo=SE&geo=SI&geo=SK&unit=KG_HAB&wst_oper=GEN&wst_oper=DSP_L_OTH&sinceTimePeriod=2023,2026-10-05
PT,GEN,KG_HAB,2023,505,,2026-03-30T23:00:00+0200,https://ec.europa.eu/eurostat/api/dissemination/statistics/1.0/data/env_wasmun?geo=AT&geo=BE&geo=BG&geo=CY&geo=CZ&geo=DE&geo=DK&geo=EE&geo=EL&geo=ES&geo=FI&geo=FR&geo=HR&geo=HU&geo=IE&geo=IT&geo=LT&geo=LU&geo=LV&geo=MT&geo=NL&geo=PL&geo=PT&geo=RO&geo=SE&geo=SI&geo=SK&unit=KG_HAB&wst_oper=GEN&wst_oper=DSP_L_OTH&sinceTimePeriod=2023,2026-10-05
PT,GEN,KG_HAB,2024,519,,2026-03-30T23:00:00+0200,https://ec.europa.eu/eurostat/api/dissemination/statistics/1.0/data/env_wasmun?geo=AT&geo=BE&geo=BG&geo=CY&geo=CZ&geo=DE&geo=DK&geo=EE&geo=EL&geo=ES&geo=FI&geo=FR&geo=HR&geo=HU&geo=IE&geo=IT&geo=LT&geo=LU&geo=LV&geo=MT&geo=NL&geo=PL&geo=PT&geo=RO&geo=SE&geo=SI&geo=SK&unit=KG_HAB&wst_oper=GEN&wst_oper=DSP_L_OTH&sinceTimePeriod=2023,2026-10-05
RO,DSP_L_OTH,KG_HAB,2023,231,,2026-03-30T23:00:00+0200,https://ec.europa.eu/eurostat/api/dissemination/statistics/1.0/data/env_wasmun?geo=AT&geo=BE&geo=BG&geo=CY&geo=CZ&geo=DE&geo=DK&geo=EE&geo=EL&geo=ES&geo=FI&geo=FR&geo=HR&geo=HU&geo=IE&geo=IT&geo=LT&geo=LU&geo=LV&geo=MT&geo=NL&geo=PL&geo=PT&geo=RO&geo=SE&geo=SI&geo=SK&unit=KG_HAB&wst_oper=GEN&wst_oper=DSP_L_OTH&sinceTimePeriod=2023,2026-10-05
RO,GEN,KG_HAB,2023,305,,2026-03-30T23:00:00+0200,https://ec.europa.eu/eurostat/api/dissemination/statistics/1.0/data/env_wasmun?geo=AT&geo=BE&geo=BG&geo=CY&geo=CZ&geo=DE&geo=DK&geo=EE&geo=EL&geo=ES&geo=FI&geo=FR&geo=HR&geo=HU&geo=IE&geo=IT&geo=LT&geo=LU&geo=LV&geo=MT&geo=NL&geo=PL&geo=PT&geo=RO&geo=SE&geo=SI&geo=SK&unit=KG_HAB&wst_oper=GEN&wst_oper=DSP_L_OTH&sinceTimePeriod=2023,2026-10-05
SE,DSP_L_OTH,KG_HAB,2023,4,e,2026-03-30T23:00:00+0200,https://ec.europa.eu/eurostat/api/dissemination/statistics/1.0/data/env_wasmun?geo=AT&geo=BE&geo=BG&geo=CY&geo=CZ&geo=DE&geo=DK&geo=EE&geo=EL&geo=ES&geo=FI&geo=FR&geo=HR&geo=HU&geo=IE&geo=IT&geo=LT&geo=LU&geo=LV&geo=MT&geo=NL&geo=PL&geo=PT&geo=RO&geo=SE&geo=SI&geo=SK&unit=KG_HAB&wst_oper=GEN&wst_oper=DSP_L_OTH&sinceTimePeriod=2023,2026-10-05
SE,DSP_L_OTH,KG_HAB,2024,3,be,2026-03-30T23:00:00+0200,https://ec.europa.eu/eurostat/api/dissemination/statistics/1.0/data/env_wasmun?geo=AT&geo=BE&geo=BG&geo=CY&geo=CZ&geo=DE&geo=DK&geo=EE&geo=EL&geo=ES&geo=FI&geo=FR&geo=HR&geo=HU&geo=IE&geo=IT&geo=LT&geo=LU&geo=LV&geo=MT&geo=NL&geo=PL&geo=PT&geo=RO&geo=SE&geo=SI&geo=SK&unit=KG_HAB&wst_oper=GEN&wst_oper=DSP_L_OTH&sinceTimePeriod=2023,2026-10-05
SE,GEN,KG_HAB,2023,392,,2026-03-30T23:00:00+0200,https://ec.europa.eu/eurostat/api/dissemination/statistics/1.0/data/env_wasmun?geo=AT&geo=BE&geo=BG&geo=CY&geo=CZ&geo=DE&geo=DK&geo=EE&geo=EL&geo=ES&geo=FI&geo=FR&geo=HR&geo=HU&geo=IE&geo=IT&geo=LT&geo=LU&geo=LV&geo=MT&geo=NL&geo=PL&geo=PT&geo=RO&geo=SE&geo=SI&geo=SK&unit=KG_HAB&wst_oper=GEN&wst_oper=DSP_L_OTH&sinceTimePeriod=2023,2026-10-05
SE,GEN,KG_HAB,2024,427,b,2026-03-30T23:00:00+0200,https://ec.europa.eu/eurostat/api/dissemination/statistics/1.0/data/env_wasmun?geo=AT&geo=BE&geo=BG&geo=CY&geo=CZ&geo=DE&geo=DK&geo=EE&geo=EL&geo=ES&geo=FI&geo=FR&geo=HR&geo=HU&geo=IE&geo=IT&geo=LT&geo=LU&geo=LV&geo=MT&geo=NL&geo=PL&geo=PT&geo=RO&geo=SE&geo=SI&geo=SK&unit=KG_HAB&wst_oper=GEN&wst_oper=DSP_L_OTH&sinceTimePeriod=2023,2026-10-05
SI,DSP_L_OTH,KG_HAB,2023,49,,2026-03-30T23:00:00+0200,https://ec.europa.eu/eurostat/api/dissemination/statistics/1.0/data/env_wasmun?geo=AT&geo=BE&geo=BG&geo=CY&geo=CZ&geo=DE&geo=DK&geo=EE&geo=EL&geo=ES&geo=FI&geo=FR&geo=HR&geo=HU&geo=IE&geo=IT&geo=LT&geo=LU&geo=LV&geo=MT&geo=NL&geo=PL&geo=PT&geo=RO&geo=SE&geo=SI&geo=SK&unit=KG_HAB&wst_oper=GEN&wst_oper=DSP_L_OTH&sinceTimePeriod=2023,2026-10-05
SI,DSP_L_OTH,KG_HAB,2024,54,,2026-03-30T23:00:00+0200,https://ec.europa.eu/eurostat/api/dissemination/statistics/1.0/data/env_wasmun?geo=AT&geo=BE&geo=BG&geo=CY&geo=CZ&geo=DE&geo=DK&geo=EE&geo=EL&geo=ES&geo=FI&geo=FR&geo=HR&geo=HU&geo=IE&geo=IT&geo=LT&geo=LU&geo=LV&geo=MT&geo=NL&geo=PL&geo=PT&geo=RO&geo=SE&geo=SI&geo=SK&unit=KG_HAB&wst_oper=GEN&wst_oper=DSP_L_OTH&sinceTimePeriod=2023,2026-10-05
SI,GEN,KG_HAB,2023,517,,2026-03-30T23:00:00+0200,https://ec.europa.eu/eurostat/api/dissemination/statistics/1.0/data/env_wasmun?geo=AT&geo=BE&geo=BG&geo=CY&geo=CZ&geo=DE&geo=DK&geo=EE&geo=EL&geo=ES&geo=FI&geo=FR&geo=HR&geo=HU&geo=IE&geo=IT&geo=LT&geo=LU&geo=LV&geo=MT&geo=NL&geo=PL&geo=PT&geo=RO&geo=SE&geo=SI&geo=SK&unit=KG_HAB&wst_oper=GEN&wst_oper=DSP_L_OTH&sinceTimePeriod=2023,2026-10-05
SI,GEN,KG_HAB,2024,526,,2026-03-30T23:00:00+0200,https://ec.europa.eu/eurostat/api/dissemination/statistics/1.0/data/env_wasmun?geo=AT&geo=BE&geo=BG&geo=CY&geo=CZ&geo=DE&geo=DK&geo=EE&geo=EL&geo=ES&geo=FI&geo=FR&geo=HR&geo=HU&geo=IE&geo=IT&geo=LT&geo=LU&geo=LV&geo=MT&geo=NL&geo=PL&geo=PT&geo=RO&geo=SE&geo=SI&geo=SK&unit=KG_HAB&wst_oper=GEN&wst_oper=DSP_L_OTH&sinceTimePeriod=2023,2026-10-05
SK,DSP_L_OTH,KG_HAB,2023,183,,2026-03-30T23:00:00+0200,https://ec.europa.eu/eurostat/api/dissemination/statistics/1.0/data/env_wasmun?geo=AT&geo=BE&geo=BG&geo=CY&geo=CZ&geo=DE&geo=DK&geo=EE&geo=EL&geo=ES&geo=FI&geo=FR&geo=HR&geo=HU&geo=IE&geo=IT&geo=LT&geo=LU&geo=LV&geo=MT&geo=NL&geo=PL&geo=PT&geo=RO&geo=SE&geo=SI&geo=SK&unit=KG_HAB&wst_oper=GEN&wst_oper=DSP_L_OTH&sinceTimePeriod=2023,2026-10-05
SK,DSP_L_OTH,KG_HAB,2024,186,,2026-03-30T23:00:00+0200,https://ec.europa.eu/eurostat/api/dissemination/statistics/1.0/data/env_wasmun?geo=AT&geo=BE&geo=BG&geo=CY&geo=CZ&geo=DE&geo=DK&geo=EE&geo=EL&geo=ES&geo=FI&geo=FR&geo=HR&geo=HU&geo=IE&geo=IT&geo=LT&geo=LU&geo=LV&geo=MT&geo=NL&geo=PL&geo=PT&geo=RO&geo=SE&geo=SI&geo=SK&unit=KG_HAB&wst_oper=GEN&wst_oper=DSP_L_OTH&sinceTimePeriod=2023,2026-10-05
SK,GEN,KG_HAB,2023,472,,2026-03-30T23:00:00+0200,https://ec.europa.eu/eurostat/api/dissemination/statistics/1.0/data/env_wasmun?geo=AT&geo=BE&geo=BG&geo=CY&geo=CZ&geo=DE&geo=DK&geo=EE&geo=EL&geo=ES&geo=FI&geo=FR&geo=HR&geo=HU&geo=IE&geo=IT&geo=LT&geo=LU&geo=LV&geo=MT&geo=NL&geo=PL&geo=PT&geo=RO&geo=SE&geo=SI&geo=SK&unit=KG_HAB&wst_oper=GEN&wst_oper=DSP_L_OTH&sinceTimePeriod=2023,2026-10-05
SK,GEN,KG_HAB,2024,489,,2026-03-30T23:00:00+0200,https://ec.europa.eu/eurostat/api/dissemination/statistics/1.0/data/env_wasmun?geo=AT&geo=BE&geo=BG&geo=CY&geo=CZ&geo=DE&geo=DK&geo=EE&geo=EL&geo=ES&geo=FI&geo=FR&geo=HR&geo=HU&geo=IE&geo=IT&geo=LT&geo=LU&geo=LV&geo=MT&geo=NL&geo=PL&geo=PT&geo=RO&geo=SE&geo=SI&geo=SK&unit=KG_HAB&wst_oper=GEN&wst_oper=DSP_L_OTH&sinceTimePeriod=2023,2026-10-05
