doc,page,table,item,scenario,value,unit,note,url,sha256,read
TCC2022,27,p27 supply of bed stock - scenario analysis,Collective: FY19 licenced bed stock,Base FY19,38000,beds,,https://mhra.org.mt/wp-content/uploads/2022/09/TCC-Final-Report.pdf,0375904977c4288cf05d0ed608d63b80ca08bf24d298a50f556fd0a560f9812f,2026-10-10
TCC2022,27,p27 supply of bed stock - scenario analysis,Collective: FY19 licenced bed stock,Sc1,38000,beds,,https://mhra.org.mt/wp-content/uploads/2022/09/TCC-Final-Report.pdf,0375904977c4288cf05d0ed608d63b80ca08bf24d298a50f556fd0a560f9812f,2026-10-10
TCC2022,27,p27 supply of bed stock - scenario analysis,Collective: FY19 licenced bed stock,Sc2,38000,beds,,https://mhra.org.mt/wp-content/uploads/2022/09/TCC-Final-Report.pdf,0375904977c4288cf05d0ed608d63b80ca08bf24d298a50f556fd0a560f9812f,2026-10-10
TCC2022,27,p27 supply of bed stock - scenario analysis,Collective: FY19 licenced bed stock,Sc3,38000,beds,,https://mhra.org.mt/wp-content/uploads/2022/09/TCC-Final-Report.pdf,0375904977c4288cf05d0ed608d63b80ca08bf24d298a50f556fd0a560f9812f,2026-10-10
TCC2022,27,p27 supply of bed stock - scenario analysis,Collective: assumed growth,Sc1,80,%,,https://mhra.org.mt/wp-content/uploads/2022/09/TCC-Final-Report.pdf,0375904977c4288cf05d0ed608d63b80ca08bf24d298a50f556fd0a560f9812f,2026-10-10
TCC2022,27,p27 supply of bed stock - scenario analysis,Collective: assumed growth,Sc2,90,%,,https://mhra.org.mt/wp-content/uploads/2022/09/TCC-Final-Report.pdf,0375904977c4288cf05d0ed608d63b80ca08bf24d298a50f556fd0a560f9812f,2026-10-10
TCC2022,27,p27 supply of bed stock - scenario analysis,Collective: assumed growth,Sc3,100,%,,https://mhra.org.mt/wp-content/uploads/2022/09/TCC-Final-Report.pdf,0375904977c4288cf05d0ed608d63b80ca08bf24d298a50f556fd0a560f9812f,2026-10-10
TCC2022,27,p27 supply of bed stock - scenario analysis,Collective: updated supply of bed stock,Base FY19,38000,beds,,https://mhra.org.mt/wp-content/uploads/2022/09/TCC-Final-Report.pdf,0375904977c4288cf05d0ed608d63b80ca08bf24d298a50f556fd0a560f9812f,2026-10-10
TCC2022,27,p27 supply of bed stock - scenario analysis,Collective: updated supply of bed stock,Sc1,68400,beds,,https://mhra.org.mt/wp-content/uploads/2022/09/TCC-Final-Report.pdf,0375904977c4288cf05d0ed608d63b80ca08bf24d298a50f556fd0a560f9812f,2026-10-10
TCC2022,27,p27 supply of bed stock - scenario analysis,Collective: updated supply of bed stock,Sc2,72200,beds,,https://mhra.org.mt/wp-content/uploads/2022/09/TCC-Final-Report.pdf,0375904977c4288cf05d0ed608d63b80ca08bf24d298a50f556fd0a560f9812f,2026-10-10
TCC2022,27,p27 supply of bed stock - scenario analysis,Collective: updated supply of bed stock,Sc3,76000,beds,,https://mhra.org.mt/wp-content/uploads/2022/09/TCC-Final-Report.pdf,0375904977c4288cf05d0ed608d63b80ca08bf24d298a50f556fd0a560f9812f,2026-10-10
TCC2022,27,p27 supply of bed stock - scenario analysis,Collective: implied number of available guest nights,Base FY19,13870000,nights,,https://mhra.org.mt/wp-content/uploads/2022/09/TCC-Final-Report.pdf,0375904977c4288cf05d0ed608d63b80ca08bf24d298a50f556fd0a560f9812f,2026-10-10
TCC2022,27,p27 supply of bed stock - scenario analysis,Collective: implied number of available guest nights,Sc1,24966000,nights,,https://mhra.org.mt/wp-content/uploads/2022/09/TCC-Final-Report.pdf,0375904977c4288cf05d0ed608d63b80ca08bf24d298a50f556fd0a560f9812f,2026-10-10
TCC2022,27,p27 supply of bed stock - scenario analysis,Collective: implied number of available guest nights,Sc2,26353000,nights,,https://mhra.org.mt/wp-content/uploads/2022/09/TCC-Final-Report.pdf,0375904977c4288cf05d0ed608d63b80ca08bf24d298a50f556fd0a560f9812f,2026-10-10
TCC2022,27,p27 supply of bed stock - scenario analysis,Collective: implied number of available guest nights,Sc3,27740000,nights,,https://mhra.org.mt/wp-content/uploads/2022/09/TCC-Final-Report.pdf,0375904977c4288cf05d0ed608d63b80ca08bf24d298a50f556fd0a560f9812f,2026-10-10
TCC2022,27,p27 supply of bed stock - scenario analysis,Collective: % occupancy required,Base FY19,76.7,%,printed to one decimal,https://mhra.org.mt/wp-content/uploads/2022/09/TCC-Final-Report.pdf,0375904977c4288cf05d0ed608d63b80ca08bf24d298a50f556fd0a560f9812f,2026-10-10
TCC2022,27,p27 supply of bed stock - scenario analysis,Collective: % occupancy required,Sc1,76.7,%,printed to one decimal,https://mhra.org.mt/wp-content/uploads/2022/09/TCC-Final-Report.pdf,0375904977c4288cf05d0ed608d63b80ca08bf24d298a50f556fd0a560f9812f,2026-10-10
TCC2022,27,p27 supply of bed stock - scenario analysis,Collective: % occupancy required,Sc2,76.7,%,printed to one decimal,https://mhra.org.mt/wp-content/uploads/2022/09/TCC-Final-Report.pdf,0375904977c4288cf05d0ed608d63b80ca08bf24d298a50f556fd0a560f9812f,2026-10-10
TCC2022,27,p27 supply of bed stock - scenario analysis,Collective: % occupancy required,Sc3,76.7,%,printed to one decimal,https://mhra.org.mt/wp-content/uploads/2022/09/TCC-Final-Report.pdf,0375904977c4288cf05d0ed608d63b80ca08bf24d298a50f556fd0a560f9812f,2026-10-10
TCC2022,27,p27 supply of bed stock - scenario analysis,Collective: implied demand required,Base FY19,10639085,nights,,https://mhra.org.mt/wp-content/uploads/2022/09/TCC-Final-Report.pdf,0375904977c4288cf05d0ed608d63b80ca08bf24d298a50f556fd0a560f9812f,2026-10-10
TCC2022,27,p27 supply of bed stock - scenario analysis,Collective: implied demand required,Sc1,19150354,nights,,https://mhra.org.mt/wp-content/uploads/2022/09/TCC-Final-Report.pdf,0375904977c4288cf05d0ed608d63b80ca08bf24d298a50f556fd0a560f9812f,2026-10-10
TCC2022,27,p27 supply of bed stock - scenario analysis,Collective: implied demand required,Sc2,20214262,nights,,https://mhra.org.mt/wp-content/uploads/2022/09/TCC-Final-Report.pdf,0375904977c4288cf05d0ed608d63b80ca08bf24d298a50f556fd0a560f9812f,2026-10-10
TCC2022,27,p27 supply of bed stock - scenario analysis,Collective: implied demand required,Sc3,21278171,nights,,https://mhra.org.mt/wp-content/uploads/2022/09/TCC-Final-Report.pdf,0375904977c4288cf05d0ed608d63b80ca08bf24d298a50f556fd0a560f9812f,2026-10-10
TCC2022,27,p27 supply of bed stock - scenario analysis,Private: estimated FY19 annualised bed stock,Base FY19,23502,beds,Note 1: excludes non-rented accommodation; based on average annual AirDNA occupancy for FY19,https://mhra.org.mt/wp-content/uploads/2022/09/TCC-Final-Report.pdf,0375904977c4288cf05d0ed608d63b80ca08bf24d298a50f556fd0a560f9812f,2026-10-10
TCC2022,27,p27 supply of bed stock - scenario analysis,Private: estimated FY19 annualised bed stock,Sc1,23502,beds,Note 1: excludes non-rented accommodation; based on average annual AirDNA occupancy for FY19,https://mhra.org.mt/wp-content/uploads/2022/09/TCC-Final-Report.pdf,0375904977c4288cf05d0ed608d63b80ca08bf24d298a50f556fd0a560f9812f,2026-10-10
TCC2022,27,p27 supply of bed stock - scenario analysis,Private: estimated FY19 annualised bed stock,Sc2,23502,beds,Note 1: excludes non-rented accommodation; based on average annual AirDNA occupancy for FY19,https://mhra.org.mt/wp-content/uploads/2022/09/TCC-Final-Report.pdf,0375904977c4288cf05d0ed608d63b80ca08bf24d298a50f556fd0a560f9812f,2026-10-10
TCC2022,27,p27 supply of bed stock - scenario analysis,Private: estimated FY19 annualised bed stock,Sc3,23502,beds,Note 1: excludes non-rented accommodation; based on average annual AirDNA occupancy for FY19,https://mhra.org.mt/wp-content/uploads/2022/09/TCC-Final-Report.pdf,0375904977c4288cf05d0ed608d63b80ca08bf24d298a50f556fd0a560f9812f,2026-10-10
TCC2022,27,p27 supply of bed stock - scenario analysis,Private: assumed growth,Sc1,25,%,,https://mhra.org.mt/wp-content/uploads/2022/09/TCC-Final-Report.pdf,0375904977c4288cf05d0ed608d63b80ca08bf24d298a50f556fd0a560f9812f,2026-10-10
TCC2022,27,p27 supply of bed stock - scenario analysis,Private: assumed growth,Sc2,30,%,,https://mhra.org.mt/wp-content/uploads/2022/09/TCC-Final-Report.pdf,0375904977c4288cf05d0ed608d63b80ca08bf24d298a50f556fd0a560f9812f,2026-10-10
TCC2022,27,p27 supply of bed stock - scenario analysis,Private: assumed growth,Sc3,35,%,,https://mhra.org.mt/wp-content/uploads/2022/09/TCC-Final-Report.pdf,0375904977c4288cf05d0ed608d63b80ca08bf24d298a50f556fd0a560f9812f,2026-10-10
TCC2022,27,p27 supply of bed stock - scenario analysis,Private: updated supply of bed stock,Base FY19,23502,beds,,https://mhra.org.mt/wp-content/uploads/2022/09/TCC-Final-Report.pdf,0375904977c4288cf05d0ed608d63b80ca08bf24d298a50f556fd0a560f9812f,2026-10-10
TCC2022,27,p27 supply of bed stock - scenario analysis,Private: updated supply of bed stock,Sc1,29378,beds,,https://mhra.org.mt/wp-content/uploads/2022/09/TCC-Final-Report.pdf,0375904977c4288cf05d0ed608d63b80ca08bf24d298a50f556fd0a560f9812f,2026-10-10
TCC2022,27,p27 supply of bed stock - scenario analysis,Private: updated supply of bed stock,Sc2,30553,beds,,https://mhra.org.mt/wp-content/uploads/2022/09/TCC-Final-Report.pdf,0375904977c4288cf05d0ed608d63b80ca08bf24d298a50f556fd0a560f9812f,2026-10-10
TCC2022,27,p27 supply of bed stock - scenario analysis,Private: updated supply of bed stock,Sc3,31728,beds,,https://mhra.org.mt/wp-content/uploads/2022/09/TCC-Final-Report.pdf,0375904977c4288cf05d0ed608d63b80ca08bf24d298a50f556fd0a560f9812f,2026-10-10
TCC2022,27,p27 supply of bed stock - scenario analysis,Private: implied number of available guest nights,Base FY19,8578261,nights,,https://mhra.org.mt/wp-content/uploads/2022/09/TCC-Final-Report.pdf,0375904977c4288cf05d0ed608d63b80ca08bf24d298a50f556fd0a560f9812f,2026-10-10
TCC2022,27,p27 supply of bed stock - scenario analysis,Private: implied number of available guest nights,Sc1,10722826,nights,,https://mhra.org.mt/wp-content/uploads/2022/09/TCC-Final-Report.pdf,0375904977c4288cf05d0ed608d63b80ca08bf24d298a50f556fd0a560f9812f,2026-10-10
TCC2022,27,p27 supply of bed stock - scenario analysis,Private: implied number of available guest nights,Sc2,11151739,nights,,https://mhra.org.mt/wp-content/uploads/2022/09/TCC-Final-Report.pdf,0375904977c4288cf05d0ed608d63b80ca08bf24d298a50f556fd0a560f9812f,2026-10-10
TCC2022,27,p27 supply of bed stock - scenario analysis,Private: implied number of available guest nights,Sc3,11580652,nights,,https://mhra.org.mt/wp-content/uploads/2022/09/TCC-Final-Report.pdf,0375904977c4288cf05d0ed608d63b80ca08bf24d298a50f556fd0a560f9812f,2026-10-10
TCC2022,27,p27 supply of bed stock - scenario analysis,Private: % occupancy required,Base FY19,59.3,%,printed to one decimal,https://mhra.org.mt/wp-content/uploads/2022/09/TCC-Final-Report.pdf,0375904977c4288cf05d0ed608d63b80ca08bf24d298a50f556fd0a560f9812f,2026-10-10
TCC2022,27,p27 supply of bed stock - scenario analysis,Private: % occupancy required,Sc1,59.3,%,printed to one decimal,https://mhra.org.mt/wp-content/uploads/2022/09/TCC-Final-Report.pdf,0375904977c4288cf05d0ed608d63b80ca08bf24d298a50f556fd0a560f9812f,2026-10-10
TCC2022,27,p27 supply of bed stock - scenario analysis,Private: % occupancy required,Sc2,59.3,%,printed to one decimal,https://mhra.org.mt/wp-content/uploads/2022/09/TCC-Final-Report.pdf,0375904977c4288cf05d0ed608d63b80ca08bf24d298a50f556fd0a560f9812f,2026-10-10
TCC2022,27,p27 supply of bed stock - scenario analysis,Private: % occupancy required,Sc3,59.3,%,printed to one decimal,https://mhra.org.mt/wp-content/uploads/2022/09/TCC-Final-Report.pdf,0375904977c4288cf05d0ed608d63b80ca08bf24d298a50f556fd0a560f9812f,2026-10-10
TCC2022,27,p27 supply of bed stock - scenario analysis,Private: implied demand required,Base FY19,5089972,nights,,https://mhra.org.mt/wp-content/uploads/2022/09/TCC-Final-Report.pdf,0375904977c4288cf05d0ed608d63b80ca08bf24d298a50f556fd0a560f9812f,2026-10-10
TCC2022,27,p27 supply of bed stock - scenario analysis,Private: implied demand required,Sc1,6362466,nights,,https://mhra.org.mt/wp-content/uploads/2022/09/TCC-Final-Report.pdf,0375904977c4288cf05d0ed608d63b80ca08bf24d298a50f556fd0a560f9812f,2026-10-10
TCC2022,27,p27 supply of bed stock - scenario analysis,Private: implied demand required,Sc2,6616964,nights,,https://mhra.org.mt/wp-content/uploads/2022/09/TCC-Final-Report.pdf,0375904977c4288cf05d0ed608d63b80ca08bf24d298a50f556fd0a560f9812f,2026-10-10
TCC2022,27,p27 supply of bed stock - scenario analysis,Private: implied demand required,Sc3,6871463,nights,,https://mhra.org.mt/wp-content/uploads/2022/09/TCC-Final-Report.pdf,0375904977c4288cf05d0ed608d63b80ca08bf24d298a50f556fd0a560f9812f,2026-10-10
TCC2022,27,p27 supply of bed stock - scenario analysis,Total implied demand required,Base FY19,15729058,nights,,https://mhra.org.mt/wp-content/uploads/2022/09/TCC-Final-Report.pdf,0375904977c4288cf05d0ed608d63b80ca08bf24d298a50f556fd0a560f9812f,2026-10-10
TCC2022,27,p27 supply of bed stock - scenario analysis,Total implied demand required,Sc1,25512819,nights,,https://mhra.org.mt/wp-content/uploads/2022/09/TCC-Final-Report.pdf,0375904977c4288cf05d0ed608d63b80ca08bf24d298a50f556fd0a560f9812f,2026-10-10
TCC2022,27,p27 supply of bed stock - scenario analysis,Total implied demand required,Sc2,26831227,nights,,https://mhra.org.mt/wp-content/uploads/2022/09/TCC-Final-Report.pdf,0375904977c4288cf05d0ed608d63b80ca08bf24d298a50f556fd0a560f9812f,2026-10-10
TCC2022,27,p27 supply of bed stock - scenario analysis,Total implied demand required,Sc3,28149634,nights,,https://mhra.org.mt/wp-content/uploads/2022/09/TCC-Final-Report.pdf,0375904977c4288cf05d0ed608d63b80ca08bf24d298a50f556fd0a560f9812f,2026-10-10
TCC2022,27,p27 supply of bed stock - scenario analysis,Average length of stay,Base FY19,7,nights,,https://mhra.org.mt/wp-content/uploads/2022/09/TCC-Final-Report.pdf,0375904977c4288cf05d0ed608d63b80ca08bf24d298a50f556fd0a560f9812f,2026-10-10
TCC2022,27,p27 supply of bed stock - scenario analysis,Average length of stay,Sc1,7,nights,,https://mhra.org.mt/wp-content/uploads/2022/09/TCC-Final-Report.pdf,0375904977c4288cf05d0ed608d63b80ca08bf24d298a50f556fd0a560f9812f,2026-10-10
TCC2022,27,p27 supply of bed stock - scenario analysis,Average length of stay,Sc2,7,nights,,https://mhra.org.mt/wp-content/uploads/2022/09/TCC-Final-Report.pdf,0375904977c4288cf05d0ed608d63b80ca08bf24d298a50f556fd0a560f9812f,2026-10-10
TCC2022,27,p27 supply of bed stock - scenario analysis,Average length of stay,Sc3,7,nights,,https://mhra.org.mt/wp-content/uploads/2022/09/TCC-Final-Report.pdf,0375904977c4288cf05d0ed608d63b80ca08bf24d298a50f556fd0a560f9812f,2026-10-10
TCC2022,27,p27 supply of bed stock - scenario analysis,Total implied demand required,Base FY19,2239319,arrivals,,https://mhra.org.mt/wp-content/uploads/2022/09/TCC-Final-Report.pdf,0375904977c4288cf05d0ed608d63b80ca08bf24d298a50f556fd0a560f9812f,2026-10-10
TCC2022,27,p27 supply of bed stock - scenario analysis,Total implied demand required,Sc1,3632216,arrivals,,https://mhra.org.mt/wp-content/uploads/2022/09/TCC-Final-Report.pdf,0375904977c4288cf05d0ed608d63b80ca08bf24d298a50f556fd0a560f9812f,2026-10-10
TCC2022,27,p27 supply of bed stock - scenario analysis,Total implied demand required,Sc2,3819916,arrivals,,https://mhra.org.mt/wp-content/uploads/2022/09/TCC-Final-Report.pdf,0375904977c4288cf05d0ed608d63b80ca08bf24d298a50f556fd0a560f9812f,2026-10-10
TCC2022,27,p27 supply of bed stock - scenario analysis,Total implied demand required,Sc3,4007615,arrivals,,https://mhra.org.mt/wp-content/uploads/2022/09/TCC-Final-Report.pdf,0375904977c4288cf05d0ed608d63b80ca08bf24d298a50f556fd0a560f9812f,2026-10-10
TCC2022,27,p27 supply of bed stock - scenario analysis,Implied increase from FY19,Sc1,62,%,,https://mhra.org.mt/wp-content/uploads/2022/09/TCC-Final-Report.pdf,0375904977c4288cf05d0ed608d63b80ca08bf24d298a50f556fd0a560f9812f,2026-10-10
TCC2022,27,p27 supply of bed stock - scenario analysis,Implied increase from FY19,Sc2,71,%,,https://mhra.org.mt/wp-content/uploads/2022/09/TCC-Final-Report.pdf,0375904977c4288cf05d0ed608d63b80ca08bf24d298a50f556fd0a560f9812f,2026-10-10
TCC2022,27,p27 supply of bed stock - scenario analysis,Implied increase from FY19,Sc3,79,%,,https://mhra.org.mt/wp-content/uploads/2022/09/TCC-Final-Report.pdf,0375904977c4288cf05d0ed608d63b80ca08bf24d298a50f556fd0a560f9812f,2026-10-10
TCC2022,25,p25 supply-side growth momentum,Open permits (approved and under review): potential increase in collective bed stock,all,35000,beds,'circa 35k over a 4 to 6 year construction window'; Stakeholders agreed on +80% to +100% vs 2019; a PA exercise on approved but not yet built permits 'was however not shared with us',https://mhra.org.mt/wp-content/uploads/2022/09/TCC-Final-Report.pdf,0375904977c4288cf05d0ed608d63b80ca08bf24d298a50f556fd0a560f9812f,2026-10-10
TCC2022,38,p38 short-term supply and demand considerations,"Collective: implied average occupancy with base 2027 guest-night forecast (13,489k)",Base FY19,97,%,,https://mhra.org.mt/wp-content/uploads/2022/09/TCC-Final-Report.pdf,0375904977c4288cf05d0ed608d63b80ca08bf24d298a50f556fd0a560f9812f,2026-10-10
TCC2022,38,p38 short-term supply and demand considerations,"Collective: implied average occupancy with base 2027 guest-night forecast (13,489k)",Sc1,54,%,,https://mhra.org.mt/wp-content/uploads/2022/09/TCC-Final-Report.pdf,0375904977c4288cf05d0ed608d63b80ca08bf24d298a50f556fd0a560f9812f,2026-10-10
TCC2022,38,p38 short-term supply and demand considerations,"Collective: implied average occupancy with base 2027 guest-night forecast (13,489k)",Sc2,51,%,,https://mhra.org.mt/wp-content/uploads/2022/09/TCC-Final-Report.pdf,0375904977c4288cf05d0ed608d63b80ca08bf24d298a50f556fd0a560f9812f,2026-10-10
TCC2022,38,p38 short-term supply and demand considerations,"Collective: implied average occupancy with base 2027 guest-night forecast (13,489k)",Sc3,49,%,,https://mhra.org.mt/wp-content/uploads/2022/09/TCC-Final-Report.pdf,0375904977c4288cf05d0ed608d63b80ca08bf24d298a50f556fd0a560f9812f,2026-10-10
TCC2022,38,p38 short-term supply and demand considerations,"Private: implied average occupancy with base 2027 guest-night forecast (4,222k)",Base FY19,49,%,,https://mhra.org.mt/wp-content/uploads/2022/09/TCC-Final-Report.pdf,0375904977c4288cf05d0ed608d63b80ca08bf24d298a50f556fd0a560f9812f,2026-10-10
TCC2022,38,p38 short-term supply and demand considerations,"Private: implied average occupancy with base 2027 guest-night forecast (4,222k)",Sc1,39,%,,https://mhra.org.mt/wp-content/uploads/2022/09/TCC-Final-Report.pdf,0375904977c4288cf05d0ed608d63b80ca08bf24d298a50f556fd0a560f9812f,2026-10-10
TCC2022,38,p38 short-term supply and demand considerations,"Private: implied average occupancy with base 2027 guest-night forecast (4,222k)",Sc2,38,%,,https://mhra.org.mt/wp-content/uploads/2022/09/TCC-Final-Report.pdf,0375904977c4288cf05d0ed608d63b80ca08bf24d298a50f556fd0a560f9812f,2026-10-10
TCC2022,38,p38 short-term supply and demand considerations,"Private: implied average occupancy with base 2027 guest-night forecast (4,222k)",Sc3,36,%,,https://mhra.org.mt/wp-content/uploads/2022/09/TCC-Final-Report.pdf,0375904977c4288cf05d0ed608d63b80ca08bf24d298a50f556fd0a560f9812f,2026-10-10
TCC2022,40,p40 historical estimate of expat workers induced by tourism expenditure,Arrivals,2017,2274,thousand,"source given: NSO, MTA, Deloitte estimates",https://mhra.org.mt/wp-content/uploads/2022/09/TCC-Final-Report.pdf,0375904977c4288cf05d0ed608d63b80ca08bf24d298a50f556fd0a560f9812f,2026-10-10
TCC2022,40,p40 historical estimate of expat workers induced by tourism expenditure,Average length of stay,2017,7.3,days,,https://mhra.org.mt/wp-content/uploads/2022/09/TCC-Final-Report.pdf,0375904977c4288cf05d0ed608d63b80ca08bf24d298a50f556fd0a560f9812f,2026-10-10
TCC2022,40,p40 historical estimate of expat workers induced by tourism expenditure,Arrivals,2018,2599,thousand,"source given: NSO, MTA, Deloitte estimates",https://mhra.org.mt/wp-content/uploads/2022/09/TCC-Final-Report.pdf,0375904977c4288cf05d0ed608d63b80ca08bf24d298a50f556fd0a560f9812f,2026-10-10
TCC2022,40,p40 historical estimate of expat workers induced by tourism expenditure,Average length of stay,2018,7.1,days,,https://mhra.org.mt/wp-content/uploads/2022/09/TCC-Final-Report.pdf,0375904977c4288cf05d0ed608d63b80ca08bf24d298a50f556fd0a560f9812f,2026-10-10
TCC2022,40,p40 historical estimate of expat workers induced by tourism expenditure,Arrivals,2019,2753,thousand,"source given: NSO, MTA, Deloitte estimates",https://mhra.org.mt/wp-content/uploads/2022/09/TCC-Final-Report.pdf,0375904977c4288cf05d0ed608d63b80ca08bf24d298a50f556fd0a560f9812f,2026-10-10
TCC2022,40,p40 historical estimate of expat workers induced by tourism expenditure,Average length of stay,2019,7.0,days,,https://mhra.org.mt/wp-content/uploads/2022/09/TCC-Final-Report.pdf,0375904977c4288cf05d0ed608d63b80ca08bf24d298a50f556fd0a560f9812f,2026-10-10
TCC2022,66,p66 connectivity requirements needed to cater for bedstock supply potential,FY19 guest nights,Base FY19,19338860,nights,,https://mhra.org.mt/wp-content/uploads/2022/09/TCC-Final-Report.pdf,0375904977c4288cf05d0ed608d63b80ca08bf24d298a50f556fd0a560f9812f,2026-10-10
TCC2022,66,p66 connectivity requirements needed to cater for bedstock supply potential,FY19 guest nights,Sc1,19338860,nights,,https://mhra.org.mt/wp-content/uploads/2022/09/TCC-Final-Report.pdf,0375904977c4288cf05d0ed608d63b80ca08bf24d298a50f556fd0a560f9812f,2026-10-10
TCC2022,66,p66 connectivity requirements needed to cater for bedstock supply potential,FY19 guest nights,Sc2,19338860,nights,,https://mhra.org.mt/wp-content/uploads/2022/09/TCC-Final-Report.pdf,0375904977c4288cf05d0ed608d63b80ca08bf24d298a50f556fd0a560f9812f,2026-10-10
TCC2022,66,p66 connectivity requirements needed to cater for bedstock supply potential,FY19 guest nights,Sc3,19338860,nights,,https://mhra.org.mt/wp-content/uploads/2022/09/TCC-Final-Report.pdf,0375904977c4288cf05d0ed608d63b80ca08bf24d298a50f556fd0a560f9812f,2026-10-10
TCC2022,66,p66 connectivity requirements needed to cater for bedstock supply potential,Assumed growth,Sc1,60,%,,https://mhra.org.mt/wp-content/uploads/2022/09/TCC-Final-Report.pdf,0375904977c4288cf05d0ed608d63b80ca08bf24d298a50f556fd0a560f9812f,2026-10-10
TCC2022,66,p66 connectivity requirements needed to cater for bedstock supply potential,Assumed growth,Sc2,70,%,,https://mhra.org.mt/wp-content/uploads/2022/09/TCC-Final-Report.pdf,0375904977c4288cf05d0ed608d63b80ca08bf24d298a50f556fd0a560f9812f,2026-10-10
TCC2022,66,p66 connectivity requirements needed to cater for bedstock supply potential,Assumed growth,Sc3,80,%,,https://mhra.org.mt/wp-content/uploads/2022/09/TCC-Final-Report.pdf,0375904977c4288cf05d0ed608d63b80ca08bf24d298a50f556fd0a560f9812f,2026-10-10
TCC2022,66,p66 connectivity requirements needed to cater for bedstock supply potential,Updated guest nights,Base FY19,19338860,nights,,https://mhra.org.mt/wp-content/uploads/2022/09/TCC-Final-Report.pdf,0375904977c4288cf05d0ed608d63b80ca08bf24d298a50f556fd0a560f9812f,2026-10-10
TCC2022,66,p66 connectivity requirements needed to cater for bedstock supply potential,Updated guest nights,Sc1,30942176,nights,,https://mhra.org.mt/wp-content/uploads/2022/09/TCC-Final-Report.pdf,0375904977c4288cf05d0ed608d63b80ca08bf24d298a50f556fd0a560f9812f,2026-10-10
TCC2022,66,p66 connectivity requirements needed to cater for bedstock supply potential,Updated guest nights,Sc2,32876062,nights,,https://mhra.org.mt/wp-content/uploads/2022/09/TCC-Final-Report.pdf,0375904977c4288cf05d0ed608d63b80ca08bf24d298a50f556fd0a560f9812f,2026-10-10
TCC2022,66,p66 connectivity requirements needed to cater for bedstock supply potential,Updated guest nights,Sc3,34809948,nights,,https://mhra.org.mt/wp-content/uploads/2022/09/TCC-Final-Report.pdf,0375904977c4288cf05d0ed608d63b80ca08bf24d298a50f556fd0a560f9812f,2026-10-10
TCC2022,66,p66 connectivity requirements needed to cater for bedstock supply potential,Average length of stay,Base FY19,7,nights,,https://mhra.org.mt/wp-content/uploads/2022/09/TCC-Final-Report.pdf,0375904977c4288cf05d0ed608d63b80ca08bf24d298a50f556fd0a560f9812f,2026-10-10
TCC2022,66,p66 connectivity requirements needed to cater for bedstock supply potential,Average length of stay,Sc1,7,nights,,https://mhra.org.mt/wp-content/uploads/2022/09/TCC-Final-Report.pdf,0375904977c4288cf05d0ed608d63b80ca08bf24d298a50f556fd0a560f9812f,2026-10-10
TCC2022,66,p66 connectivity requirements needed to cater for bedstock supply potential,Average length of stay,Sc2,7,nights,,https://mhra.org.mt/wp-content/uploads/2022/09/TCC-Final-Report.pdf,0375904977c4288cf05d0ed608d63b80ca08bf24d298a50f556fd0a560f9812f,2026-10-10
TCC2022,66,p66 connectivity requirements needed to cater for bedstock supply potential,Average length of stay,Sc3,7,nights,,https://mhra.org.mt/wp-content/uploads/2022/09/TCC-Final-Report.pdf,0375904977c4288cf05d0ed608d63b80ca08bf24d298a50f556fd0a560f9812f,2026-10-10
TCC2022,66,p66 connectivity requirements needed to cater for bedstock supply potential,Total number of arrivals,Base FY19,2753240,tourists,source given: Deloitte estimates based on MIA discussions,https://mhra.org.mt/wp-content/uploads/2022/09/TCC-Final-Report.pdf,0375904977c4288cf05d0ed608d63b80ca08bf24d298a50f556fd0a560f9812f,2026-10-10
TCC2022,66,p66 connectivity requirements needed to cater for bedstock supply potential,Total number of arrivals,Sc1,4405184,tourists,source given: Deloitte estimates based on MIA discussions,https://mhra.org.mt/wp-content/uploads/2022/09/TCC-Final-Report.pdf,0375904977c4288cf05d0ed608d63b80ca08bf24d298a50f556fd0a560f9812f,2026-10-10
TCC2022,66,p66 connectivity requirements needed to cater for bedstock supply potential,Total number of arrivals,Sc2,4680509,tourists,source given: Deloitte estimates based on MIA discussions,https://mhra.org.mt/wp-content/uploads/2022/09/TCC-Final-Report.pdf,0375904977c4288cf05d0ed608d63b80ca08bf24d298a50f556fd0a560f9812f,2026-10-10
TCC2022,66,p66 connectivity requirements needed to cater for bedstock supply potential,Total number of arrivals,Sc3,4955833,tourists,source given: Deloitte estimates based on MIA discussions,https://mhra.org.mt/wp-content/uploads/2022/09/TCC-Final-Report.pdf,0375904977c4288cf05d0ed608d63b80ca08bf24d298a50f556fd0a560f9812f,2026-10-10
SLIDES2022,11,slide 11 expected 2027 arrivals vs demand required for existing trend in bedstock capacity,Arrivals required for FY19 occupancy,Sc1,4.1,million,'c60% implied increased from FY19 private & collective bed stock'; bars stack private & collective and non-rented bed stock,https://maltabusinessweekly.com/wp-content/uploads/2022/09/TCC-executive-presentation-final-original.pdf,0a0b70f168550a6edea1535edc3e0e4d2903d75a1d527b0244e69262f22b5a75,2026-10-10
SLIDES2022,11,slide 11 expected 2027 arrivals vs demand required for existing trend in bedstock capacity,Arrivals required for FY19 occupancy,Sc2,4.3,million,'c70% implied increased from FY19 private & collective bed stock'; bars stack private & collective and non-rented bed stock,https://maltabusinessweekly.com/wp-content/uploads/2022/09/TCC-executive-presentation-final-original.pdf,0a0b70f168550a6edea1535edc3e0e4d2903d75a1d527b0244e69262f22b5a75,2026-10-10
SLIDES2022,11,slide 11 expected 2027 arrivals vs demand required for existing trend in bedstock capacity,Arrivals required for FY19 occupancy,Sc3,4.5,million,'c80% implied increased from FY19 private & collective bed stock'; bars stack private & collective and non-rented bed stock,https://maltabusinessweekly.com/wp-content/uploads/2022/09/TCC-executive-presentation-final-original.pdf,0a0b70f168550a6edea1535edc3e0e4d2903d75a1d527b0244e69262f22b5a75,2026-10-10
UPDATE2024,4,p4 context,Original study: arrivals required to retain 2019 occupancy if all pipeline commissioned,original,4.5,million,,https://mhra.org.mt/wp-content/uploads/2024/11/20240924_Future-Proofing-the-Tourism-Industry_Final-report-1.pdf,b6f3db43c5364ed19f040a4925a15dfbab2fc3f18dbce59a2297ee5c60b55a5c,2026-10-10
UPDATE2024,9,p9 summary,Total arrivals required if all pipeline developed and 15% of existing beds retired,Sc3,4.4,million,at 2023 occupancy and length of stay,https://mhra.org.mt/wp-content/uploads/2024/11/20240924_Future-Proofing-the-Tourism-Industry_Final-report-1.pdf,b6f3db43c5364ed19f040a4925a15dfbab2fc3f18dbce59a2297ee5c60b55a5c,2026-10-10
UPDATE2024,9,p9 summary,Further arrivals required if no bed stock retired,Sc3,338,thousand,'requiring total arrivals to reach 4.8m',https://mhra.org.mt/wp-content/uploads/2024/11/20240924_Future-Proofing-the-Tourism-Industry_Final-report-1.pdf,b6f3db43c5364ed19f040a4925a15dfbab2fc3f18dbce59a2297ee5c60b55a5c,2026-10-10
UPDATE2024,9,p9 summary,"Estimate in the original TCC report, as quoted",original,4.5,million,,https://mhra.org.mt/wp-content/uploads/2024/11/20240924_Future-Proofing-the-Tourism-Industry_Final-report-1.pdf,b6f3db43c5364ed19f040a4925a15dfbab2fc3f18dbce59a2297ee5c60b55a5c,2026-10-10
UPDATE2024,10,p10 summary,"Required increase in tourist arrivals to support the pipeline, 'reconfirmed'",original,4.5,million (c.),,https://mhra.org.mt/wp-content/uploads/2024/11/20240924_Future-Proofing-the-Tourism-Industry_Final-report-1.pdf,b6f3db43c5364ed19f040a4925a15dfbab2fc3f18dbce59a2297ee5c60b55a5c,2026-10-10
UPDATE2024,69,"p69 collective accommodation pipeline (MTA, end April 2024)","New rooms approved by MTA, not yet commissioned",pipeline,13543,rooms,,https://mhra.org.mt/wp-content/uploads/2024/11/20240924_Future-Proofing-the-Tourism-Industry_Final-report-1.pdf,b6f3db43c5364ed19f040a4925a15dfbab2fc3f18dbce59a2297ee5c60b55a5c,2026-10-10
UPDATE2024,69,"p69 collective accommodation pipeline (MTA, end April 2024)",Equivalent additional beds,pipeline,27672,beds,,https://mhra.org.mt/wp-content/uploads/2024/11/20240924_Future-Proofing-the-Tourism-Industry_Final-report-1.pdf,b6f3db43c5364ed19f040a4925a15dfbab2fc3f18dbce59a2297ee5c60b55a5c,2026-10-10
UPDATE2024,69,"p69 collective accommodation pipeline (MTA, end April 2024)",Establishments in the pipeline,pipeline,483,establishments,,https://mhra.org.mt/wp-content/uploads/2024/11/20240924_Future-Proofing-the-Tourism-Industry_Final-report-1.pdf,b6f3db43c5364ed19f040a4925a15dfbab2fc3f18dbce59a2297ee5c60b55a5c,2026-10-10
UPDATE2024,72,p72 tourists required to sustain pipeline - collective accommodation,2023 licenced bed stock,2023,43965,beds,,https://mhra.org.mt/wp-content/uploads/2024/11/20240924_Future-Proofing-the-Tourism-Industry_Final-report-1.pdf,b6f3db43c5364ed19f040a4925a15dfbab2fc3f18dbce59a2297ee5c60b55a5c,2026-10-10
UPDATE2024,72,p72 tourists required to sustain pipeline - collective accommodation,2023 licenced bed stock,Sc1,43965,beds,,https://mhra.org.mt/wp-content/uploads/2024/11/20240924_Future-Proofing-the-Tourism-Industry_Final-report-1.pdf,b6f3db43c5364ed19f040a4925a15dfbab2fc3f18dbce59a2297ee5c60b55a5c,2026-10-10
UPDATE2024,72,p72 tourists required to sustain pipeline - collective accommodation,2023 licenced bed stock,Sc2,43965,beds,,https://mhra.org.mt/wp-content/uploads/2024/11/20240924_Future-Proofing-the-Tourism-Industry_Final-report-1.pdf,b6f3db43c5364ed19f040a4925a15dfbab2fc3f18dbce59a2297ee5c60b55a5c,2026-10-10
UPDATE2024,72,p72 tourists required to sustain pipeline - collective accommodation,2023 licenced bed stock,Sc3,43965,beds,,https://mhra.org.mt/wp-content/uploads/2024/11/20240924_Future-Proofing-the-Tourism-Industry_Final-report-1.pdf,b6f3db43c5364ed19f040a4925a15dfbab2fc3f18dbce59a2297ee5c60b55a5c,2026-10-10
UPDATE2024,72,p72 tourists required to sustain pipeline - collective accommodation,Retirement of existing beds,Sc1,5,%,,https://mhra.org.mt/wp-content/uploads/2024/11/20240924_Future-Proofing-the-Tourism-Industry_Final-report-1.pdf,b6f3db43c5364ed19f040a4925a15dfbab2fc3f18dbce59a2297ee5c60b55a5c,2026-10-10
UPDATE2024,72,p72 tourists required to sustain pipeline - collective accommodation,Retirement of existing beds,Sc2,10,%,,https://mhra.org.mt/wp-content/uploads/2024/11/20240924_Future-Proofing-the-Tourism-Industry_Final-report-1.pdf,b6f3db43c5364ed19f040a4925a15dfbab2fc3f18dbce59a2297ee5c60b55a5c,2026-10-10
UPDATE2024,72,p72 tourists required to sustain pipeline - collective accommodation,Retirement of existing beds,Sc3,15,%,,https://mhra.org.mt/wp-content/uploads/2024/11/20240924_Future-Proofing-the-Tourism-Industry_Final-report-1.pdf,b6f3db43c5364ed19f040a4925a15dfbab2fc3f18dbce59a2297ee5c60b55a5c,2026-10-10
UPDATE2024,72,p72 tourists required to sustain pipeline - collective accommodation,Assumed pipeline realisation,Sc1,60,%,,https://mhra.org.mt/wp-content/uploads/2024/11/20240924_Future-Proofing-the-Tourism-Industry_Final-report-1.pdf,b6f3db43c5364ed19f040a4925a15dfbab2fc3f18dbce59a2297ee5c60b55a5c,2026-10-10
UPDATE2024,72,p72 tourists required to sustain pipeline - collective accommodation,Assumed pipeline realisation,Sc2,80,%,,https://mhra.org.mt/wp-content/uploads/2024/11/20240924_Future-Proofing-the-Tourism-Industry_Final-report-1.pdf,b6f3db43c5364ed19f040a4925a15dfbab2fc3f18dbce59a2297ee5c60b55a5c,2026-10-10
UPDATE2024,72,p72 tourists required to sustain pipeline - collective accommodation,Assumed pipeline realisation,Sc3,100,%,,https://mhra.org.mt/wp-content/uploads/2024/11/20240924_Future-Proofing-the-Tourism-Industry_Final-report-1.pdf,b6f3db43c5364ed19f040a4925a15dfbab2fc3f18dbce59a2297ee5c60b55a5c,2026-10-10
UPDATE2024,72,p72 tourists required to sustain pipeline - collective accommodation,Projected total beds,2023,43965,beds,,https://mhra.org.mt/wp-content/uploads/2024/11/20240924_Future-Proofing-the-Tourism-Industry_Final-report-1.pdf,b6f3db43c5364ed19f040a4925a15dfbab2fc3f18dbce59a2297ee5c60b55a5c,2026-10-10
UPDATE2024,72,p72 tourists required to sustain pipeline - collective accommodation,Projected total beds,Sc1,58370,beds,,https://mhra.org.mt/wp-content/uploads/2024/11/20240924_Future-Proofing-the-Tourism-Industry_Final-report-1.pdf,b6f3db43c5364ed19f040a4925a15dfbab2fc3f18dbce59a2297ee5c60b55a5c,2026-10-10
UPDATE2024,72,p72 tourists required to sustain pipeline - collective accommodation,Projected total beds,Sc2,61706,beds,,https://mhra.org.mt/wp-content/uploads/2024/11/20240924_Future-Proofing-the-Tourism-Industry_Final-report-1.pdf,b6f3db43c5364ed19f040a4925a15dfbab2fc3f18dbce59a2297ee5c60b55a5c,2026-10-10
UPDATE2024,72,p72 tourists required to sustain pipeline - collective accommodation,Projected total beds,Sc3,65043,beds,,https://mhra.org.mt/wp-content/uploads/2024/11/20240924_Future-Proofing-the-Tourism-Industry_Final-report-1.pdf,b6f3db43c5364ed19f040a4925a15dfbab2fc3f18dbce59a2297ee5c60b55a5c,2026-10-10
UPDATE2024,72,p72 tourists required to sustain pipeline - collective accommodation,Implied guest nights available,2023,16047,thousand nights,,https://mhra.org.mt/wp-content/uploads/2024/11/20240924_Future-Proofing-the-Tourism-Industry_Final-report-1.pdf,b6f3db43c5364ed19f040a4925a15dfbab2fc3f18dbce59a2297ee5c60b55a5c,2026-10-10
UPDATE2024,72,p72 tourists required to sustain pipeline - collective accommodation,Implied guest nights available,Sc1,21305,thousand nights,,https://mhra.org.mt/wp-content/uploads/2024/11/20240924_Future-Proofing-the-Tourism-Industry_Final-report-1.pdf,b6f3db43c5364ed19f040a4925a15dfbab2fc3f18dbce59a2297ee5c60b55a5c,2026-10-10
UPDATE2024,72,p72 tourists required to sustain pipeline - collective accommodation,Implied guest nights available,Sc2,22523,thousand nights,,https://mhra.org.mt/wp-content/uploads/2024/11/20240924_Future-Proofing-the-Tourism-Industry_Final-report-1.pdf,b6f3db43c5364ed19f040a4925a15dfbab2fc3f18dbce59a2297ee5c60b55a5c,2026-10-10
UPDATE2024,72,p72 tourists required to sustain pipeline - collective accommodation,Implied guest nights available,Sc3,23741,thousand nights,,https://mhra.org.mt/wp-content/uploads/2024/11/20240924_Future-Proofing-the-Tourism-Industry_Final-report-1.pdf,b6f3db43c5364ed19f040a4925a15dfbab2fc3f18dbce59a2297ee5c60b55a5c,2026-10-10
UPDATE2024,72,p72 tourists required to sustain pipeline - collective accommodation,% occupancy required,2023,65.8,%,,https://mhra.org.mt/wp-content/uploads/2024/11/20240924_Future-Proofing-the-Tourism-Industry_Final-report-1.pdf,b6f3db43c5364ed19f040a4925a15dfbab2fc3f18dbce59a2297ee5c60b55a5c,2026-10-10
UPDATE2024,72,p72 tourists required to sustain pipeline - collective accommodation,% occupancy required,Sc1,65.8,%,,https://mhra.org.mt/wp-content/uploads/2024/11/20240924_Future-Proofing-the-Tourism-Industry_Final-report-1.pdf,b6f3db43c5364ed19f040a4925a15dfbab2fc3f18dbce59a2297ee5c60b55a5c,2026-10-10
UPDATE2024,72,p72 tourists required to sustain pipeline - collective accommodation,% occupancy required,Sc2,65.8,%,,https://mhra.org.mt/wp-content/uploads/2024/11/20240924_Future-Proofing-the-Tourism-Industry_Final-report-1.pdf,b6f3db43c5364ed19f040a4925a15dfbab2fc3f18dbce59a2297ee5c60b55a5c,2026-10-10
UPDATE2024,72,p72 tourists required to sustain pipeline - collective accommodation,% occupancy required,Sc3,65.8,%,,https://mhra.org.mt/wp-content/uploads/2024/11/20240924_Future-Proofing-the-Tourism-Industry_Final-report-1.pdf,b6f3db43c5364ed19f040a4925a15dfbab2fc3f18dbce59a2297ee5c60b55a5c,2026-10-10
UPDATE2024,72,p72 tourists required to sustain pipeline - collective accommodation,Implied guest nights,2023,10566,thousand nights,,https://mhra.org.mt/wp-content/uploads/2024/11/20240924_Future-Proofing-the-Tourism-Industry_Final-report-1.pdf,b6f3db43c5364ed19f040a4925a15dfbab2fc3f18dbce59a2297ee5c60b55a5c,2026-10-10
UPDATE2024,72,p72 tourists required to sustain pipeline - collective accommodation,Implied guest nights,Sc1,14028,thousand nights,,https://mhra.org.mt/wp-content/uploads/2024/11/20240924_Future-Proofing-the-Tourism-Industry_Final-report-1.pdf,b6f3db43c5364ed19f040a4925a15dfbab2fc3f18dbce59a2297ee5c60b55a5c,2026-10-10
UPDATE2024,72,p72 tourists required to sustain pipeline - collective accommodation,Implied guest nights,Sc2,14830,thousand nights,,https://mhra.org.mt/wp-content/uploads/2024/11/20240924_Future-Proofing-the-Tourism-Industry_Final-report-1.pdf,b6f3db43c5364ed19f040a4925a15dfbab2fc3f18dbce59a2297ee5c60b55a5c,2026-10-10
UPDATE2024,72,p72 tourists required to sustain pipeline - collective accommodation,Implied guest nights,Sc3,15631,thousand nights,,https://mhra.org.mt/wp-content/uploads/2024/11/20240924_Future-Proofing-the-Tourism-Industry_Final-report-1.pdf,b6f3db43c5364ed19f040a4925a15dfbab2fc3f18dbce59a2297ee5c60b55a5c,2026-10-10
UPDATE2024,72,p72 tourists required to sustain pipeline - collective accommodation,Average length of stay,2023,4.7,nights,,https://mhra.org.mt/wp-content/uploads/2024/11/20240924_Future-Proofing-the-Tourism-Industry_Final-report-1.pdf,b6f3db43c5364ed19f040a4925a15dfbab2fc3f18dbce59a2297ee5c60b55a5c,2026-10-10
UPDATE2024,72,p72 tourists required to sustain pipeline - collective accommodation,Average length of stay,Sc1,4.7,nights,,https://mhra.org.mt/wp-content/uploads/2024/11/20240924_Future-Proofing-the-Tourism-Industry_Final-report-1.pdf,b6f3db43c5364ed19f040a4925a15dfbab2fc3f18dbce59a2297ee5c60b55a5c,2026-10-10
UPDATE2024,72,p72 tourists required to sustain pipeline - collective accommodation,Average length of stay,Sc2,4.7,nights,,https://mhra.org.mt/wp-content/uploads/2024/11/20240924_Future-Proofing-the-Tourism-Industry_Final-report-1.pdf,b6f3db43c5364ed19f040a4925a15dfbab2fc3f18dbce59a2297ee5c60b55a5c,2026-10-10
UPDATE2024,72,p72 tourists required to sustain pipeline - collective accommodation,Average length of stay,Sc3,4.7,nights,,https://mhra.org.mt/wp-content/uploads/2024/11/20240924_Future-Proofing-the-Tourism-Industry_Final-report-1.pdf,b6f3db43c5364ed19f040a4925a15dfbab2fc3f18dbce59a2297ee5c60b55a5c,2026-10-10
UPDATE2024,72,p72 tourists required to sustain pipeline - collective accommodation,Total guests required,2023,2253,thousand,,https://mhra.org.mt/wp-content/uploads/2024/11/20240924_Future-Proofing-the-Tourism-Industry_Final-report-1.pdf,b6f3db43c5364ed19f040a4925a15dfbab2fc3f18dbce59a2297ee5c60b55a5c,2026-10-10
UPDATE2024,72,p72 tourists required to sustain pipeline - collective accommodation,Total guests required,Sc1,2991,thousand,,https://mhra.org.mt/wp-content/uploads/2024/11/20240924_Future-Proofing-the-Tourism-Industry_Final-report-1.pdf,b6f3db43c5364ed19f040a4925a15dfbab2fc3f18dbce59a2297ee5c60b55a5c,2026-10-10
UPDATE2024,72,p72 tourists required to sustain pipeline - collective accommodation,Total guests required,Sc2,3162,thousand,,https://mhra.org.mt/wp-content/uploads/2024/11/20240924_Future-Proofing-the-Tourism-Industry_Final-report-1.pdf,b6f3db43c5364ed19f040a4925a15dfbab2fc3f18dbce59a2297ee5c60b55a5c,2026-10-10
UPDATE2024,72,p72 tourists required to sustain pipeline - collective accommodation,Total guests required,Sc3,3333,thousand,,https://mhra.org.mt/wp-content/uploads/2024/11/20240924_Future-Proofing-the-Tourism-Industry_Final-report-1.pdf,b6f3db43c5364ed19f040a4925a15dfbab2fc3f18dbce59a2297ee5c60b55a5c,2026-10-10
UPDATE2024,72,p72 tourists required to sustain pipeline - collective accommodation,Less local demand,2023,388,thousand,,https://mhra.org.mt/wp-content/uploads/2024/11/20240924_Future-Proofing-the-Tourism-Industry_Final-report-1.pdf,b6f3db43c5364ed19f040a4925a15dfbab2fc3f18dbce59a2297ee5c60b55a5c,2026-10-10
UPDATE2024,72,p72 tourists required to sustain pipeline - collective accommodation,Less local demand,Sc1,388,thousand,,https://mhra.org.mt/wp-content/uploads/2024/11/20240924_Future-Proofing-the-Tourism-Industry_Final-report-1.pdf,b6f3db43c5364ed19f040a4925a15dfbab2fc3f18dbce59a2297ee5c60b55a5c,2026-10-10
UPDATE2024,72,p72 tourists required to sustain pipeline - collective accommodation,Less local demand,Sc2,388,thousand,,https://mhra.org.mt/wp-content/uploads/2024/11/20240924_Future-Proofing-the-Tourism-Industry_Final-report-1.pdf,b6f3db43c5364ed19f040a4925a15dfbab2fc3f18dbce59a2297ee5c60b55a5c,2026-10-10
UPDATE2024,72,p72 tourists required to sustain pipeline - collective accommodation,Less local demand,Sc3,388,thousand,,https://mhra.org.mt/wp-content/uploads/2024/11/20240924_Future-Proofing-the-Tourism-Industry_Final-report-1.pdf,b6f3db43c5364ed19f040a4925a15dfbab2fc3f18dbce59a2297ee5c60b55a5c,2026-10-10
UPDATE2024,72,p72 tourists required to sustain pipeline - collective accommodation,Total arrivals required (collective),2023,1864,thousand,,https://mhra.org.mt/wp-content/uploads/2024/11/20240924_Future-Proofing-the-Tourism-Industry_Final-report-1.pdf,b6f3db43c5364ed19f040a4925a15dfbab2fc3f18dbce59a2297ee5c60b55a5c,2026-10-10
UPDATE2024,72,p72 tourists required to sustain pipeline - collective accommodation,Total arrivals required (collective),Sc1,2603,thousand,,https://mhra.org.mt/wp-content/uploads/2024/11/20240924_Future-Proofing-the-Tourism-Industry_Final-report-1.pdf,b6f3db43c5364ed19f040a4925a15dfbab2fc3f18dbce59a2297ee5c60b55a5c,2026-10-10
UPDATE2024,72,p72 tourists required to sustain pipeline - collective accommodation,Total arrivals required (collective),Sc2,2774,thousand,,https://mhra.org.mt/wp-content/uploads/2024/11/20240924_Future-Proofing-the-Tourism-Industry_Final-report-1.pdf,b6f3db43c5364ed19f040a4925a15dfbab2fc3f18dbce59a2297ee5c60b55a5c,2026-10-10
UPDATE2024,72,p72 tourists required to sustain pipeline - collective accommodation,Total arrivals required (collective),Sc3,2944,thousand,,https://mhra.org.mt/wp-content/uploads/2024/11/20240924_Future-Proofing-the-Tourism-Industry_Final-report-1.pdf,b6f3db43c5364ed19f040a4925a15dfbab2fc3f18dbce59a2297ee5c60b55a5c,2026-10-10
UPDATE2024,74,p74 total arrivals required - scenario analysis,Scenario B: total guest nights,2023,20242,thousand nights,,https://mhra.org.mt/wp-content/uploads/2024/11/20240924_Future-Proofing-the-Tourism-Industry_Final-report-1.pdf,b6f3db43c5364ed19f040a4925a15dfbab2fc3f18dbce59a2297ee5c60b55a5c,2026-10-10
UPDATE2024,74,p74 total arrivals required - scenario analysis,Scenario B: total guest nights,Sc1,25851,thousand nights,,https://mhra.org.mt/wp-content/uploads/2024/11/20240924_Future-Proofing-the-Tourism-Industry_Final-report-1.pdf,b6f3db43c5364ed19f040a4925a15dfbab2fc3f18dbce59a2297ee5c60b55a5c,2026-10-10
UPDATE2024,74,p74 total arrivals required - scenario analysis,Scenario B: total guest nights,Sc2,27150,thousand nights,,https://mhra.org.mt/wp-content/uploads/2024/11/20240924_Future-Proofing-the-Tourism-Industry_Final-report-1.pdf,b6f3db43c5364ed19f040a4925a15dfbab2fc3f18dbce59a2297ee5c60b55a5c,2026-10-10
UPDATE2024,74,p74 total arrivals required - scenario analysis,Scenario B: total guest nights,Sc3,28449,thousand nights,,https://mhra.org.mt/wp-content/uploads/2024/11/20240924_Future-Proofing-the-Tourism-Industry_Final-report-1.pdf,b6f3db43c5364ed19f040a4925a15dfbab2fc3f18dbce59a2297ee5c60b55a5c,2026-10-10
UPDATE2024,74,p74 total arrivals required - scenario analysis,Scenario B: tourist arrivals - collective,2023,1864,thousand,,https://mhra.org.mt/wp-content/uploads/2024/11/20240924_Future-Proofing-the-Tourism-Industry_Final-report-1.pdf,b6f3db43c5364ed19f040a4925a15dfbab2fc3f18dbce59a2297ee5c60b55a5c,2026-10-10
UPDATE2024,74,p74 total arrivals required - scenario analysis,Scenario B: tourist arrivals - collective,Sc1,2603,thousand,,https://mhra.org.mt/wp-content/uploads/2024/11/20240924_Future-Proofing-the-Tourism-Industry_Final-report-1.pdf,b6f3db43c5364ed19f040a4925a15dfbab2fc3f18dbce59a2297ee5c60b55a5c,2026-10-10
UPDATE2024,74,p74 total arrivals required - scenario analysis,Scenario B: tourist arrivals - collective,Sc2,2774,thousand,,https://mhra.org.mt/wp-content/uploads/2024/11/20240924_Future-Proofing-the-Tourism-Industry_Final-report-1.pdf,b6f3db43c5364ed19f040a4925a15dfbab2fc3f18dbce59a2297ee5c60b55a5c,2026-10-10
UPDATE2024,74,p74 total arrivals required - scenario analysis,Scenario B: tourist arrivals - collective,Sc3,2944,thousand,,https://mhra.org.mt/wp-content/uploads/2024/11/20240924_Future-Proofing-the-Tourism-Industry_Final-report-1.pdf,b6f3db43c5364ed19f040a4925a15dfbab2fc3f18dbce59a2297ee5c60b55a5c,2026-10-10
UPDATE2024,74,p74 total arrivals required - scenario analysis,Scenario B: tourist arrivals - rented accommodation,2023,798,thousand,,https://mhra.org.mt/wp-content/uploads/2024/11/20240924_Future-Proofing-the-Tourism-Industry_Final-report-1.pdf,b6f3db43c5364ed19f040a4925a15dfbab2fc3f18dbce59a2297ee5c60b55a5c,2026-10-10
UPDATE2024,74,p74 total arrivals required - scenario analysis,Scenario B: tourist arrivals - rented accommodation,Sc1,1060,thousand,,https://mhra.org.mt/wp-content/uploads/2024/11/20240924_Future-Proofing-the-Tourism-Industry_Final-report-1.pdf,b6f3db43c5364ed19f040a4925a15dfbab2fc3f18dbce59a2297ee5c60b55a5c,2026-10-10
UPDATE2024,74,p74 total arrivals required - scenario analysis,Scenario B: tourist arrivals - rented accommodation,Sc2,1121,thousand,,https://mhra.org.mt/wp-content/uploads/2024/11/20240924_Future-Proofing-the-Tourism-Industry_Final-report-1.pdf,b6f3db43c5364ed19f040a4925a15dfbab2fc3f18dbce59a2297ee5c60b55a5c,2026-10-10
UPDATE2024,74,p74 total arrivals required - scenario analysis,Scenario B: tourist arrivals - rented accommodation,Sc3,1181,thousand,,https://mhra.org.mt/wp-content/uploads/2024/11/20240924_Future-Proofing-the-Tourism-Industry_Final-report-1.pdf,b6f3db43c5364ed19f040a4925a15dfbab2fc3f18dbce59a2297ee5c60b55a5c,2026-10-10
UPDATE2024,74,p74 total arrivals required - scenario analysis,Scenario B: tourist arrivals - non-rented accommodation,2023,313,thousand,,https://mhra.org.mt/wp-content/uploads/2024/11/20240924_Future-Proofing-the-Tourism-Industry_Final-report-1.pdf,b6f3db43c5364ed19f040a4925a15dfbab2fc3f18dbce59a2297ee5c60b55a5c,2026-10-10
UPDATE2024,74,p74 total arrivals required - scenario analysis,Scenario B: tourist arrivals - non-rented accommodation,Sc1,313,thousand,,https://mhra.org.mt/wp-content/uploads/2024/11/20240924_Future-Proofing-the-Tourism-Industry_Final-report-1.pdf,b6f3db43c5364ed19f040a4925a15dfbab2fc3f18dbce59a2297ee5c60b55a5c,2026-10-10
UPDATE2024,74,p74 total arrivals required - scenario analysis,Scenario B: tourist arrivals - non-rented accommodation,Sc2,313,thousand,,https://mhra.org.mt/wp-content/uploads/2024/11/20240924_Future-Proofing-the-Tourism-Industry_Final-report-1.pdf,b6f3db43c5364ed19f040a4925a15dfbab2fc3f18dbce59a2297ee5c60b55a5c,2026-10-10
UPDATE2024,74,p74 total arrivals required - scenario analysis,Scenario B: tourist arrivals - non-rented accommodation,Sc3,313,thousand,,https://mhra.org.mt/wp-content/uploads/2024/11/20240924_Future-Proofing-the-Tourism-Industry_Final-report-1.pdf,b6f3db43c5364ed19f040a4925a15dfbab2fc3f18dbce59a2297ee5c60b55a5c,2026-10-10
UPDATE2024,74,p74 total arrivals required - scenario analysis,Scenario B: total tourist arrivals,2023,2976,thousand,,https://mhra.org.mt/wp-content/uploads/2024/11/20240924_Future-Proofing-the-Tourism-Industry_Final-report-1.pdf,b6f3db43c5364ed19f040a4925a15dfbab2fc3f18dbce59a2297ee5c60b55a5c,2026-10-10
UPDATE2024,74,p74 total arrivals required - scenario analysis,Scenario B: total tourist arrivals,Sc1,3975,thousand,,https://mhra.org.mt/wp-content/uploads/2024/11/20240924_Future-Proofing-the-Tourism-Industry_Final-report-1.pdf,b6f3db43c5364ed19f040a4925a15dfbab2fc3f18dbce59a2297ee5c60b55a5c,2026-10-10
UPDATE2024,74,p74 total arrivals required - scenario analysis,Scenario B: total tourist arrivals,Sc2,4207,thousand,,https://mhra.org.mt/wp-content/uploads/2024/11/20240924_Future-Proofing-the-Tourism-Industry_Final-report-1.pdf,b6f3db43c5364ed19f040a4925a15dfbab2fc3f18dbce59a2297ee5c60b55a5c,2026-10-10
UPDATE2024,74,p74 total arrivals required - scenario analysis,Scenario B: total tourist arrivals,Sc3,4438,thousand,,https://mhra.org.mt/wp-content/uploads/2024/11/20240924_Future-Proofing-the-Tourism-Industry_Final-report-1.pdf,b6f3db43c5364ed19f040a4925a15dfbab2fc3f18dbce59a2297ee5c60b55a5c,2026-10-10
UPDATE2024,74,p74 total arrivals required - scenario analysis,Scenario A (rented nights static): total tourist arrivals,2023,2976,thousand,,https://mhra.org.mt/wp-content/uploads/2024/11/20240924_Future-Proofing-the-Tourism-Industry_Final-report-1.pdf,b6f3db43c5364ed19f040a4925a15dfbab2fc3f18dbce59a2297ee5c60b55a5c,2026-10-10
UPDATE2024,74,p74 total arrivals required - scenario analysis,Scenario A (rented nights static): total tourist arrivals,Sc1,3714,thousand,,https://mhra.org.mt/wp-content/uploads/2024/11/20240924_Future-Proofing-the-Tourism-Industry_Final-report-1.pdf,b6f3db43c5364ed19f040a4925a15dfbab2fc3f18dbce59a2297ee5c60b55a5c,2026-10-10
UPDATE2024,74,p74 total arrivals required - scenario analysis,Scenario A (rented nights static): total tourist arrivals,Sc2,3885,thousand,,https://mhra.org.mt/wp-content/uploads/2024/11/20240924_Future-Proofing-the-Tourism-Industry_Final-report-1.pdf,b6f3db43c5364ed19f040a4925a15dfbab2fc3f18dbce59a2297ee5c60b55a5c,2026-10-10
UPDATE2024,74,p74 total arrivals required - scenario analysis,Scenario A (rented nights static): total tourist arrivals,Sc3,4056,thousand,,https://mhra.org.mt/wp-content/uploads/2024/11/20240924_Future-Proofing-the-Tourism-Industry_Final-report-1.pdf,b6f3db43c5364ed19f040a4925a15dfbab2fc3f18dbce59a2297ee5c60b55a5c,2026-10-10
UPDATE2024,27,p27 hotel occupancy FY19 vs FY23 (Deloitte hotel performance survey; chart labels),"Hotel occupancy, 5-star",2019,72.7,%,chart label; survey of hotel operators,https://mhra.org.mt/wp-content/uploads/2024/11/20240924_Future-Proofing-the-Tourism-Industry_Final-report-1.pdf,b6f3db43c5364ed19f040a4925a15dfbab2fc3f18dbce59a2297ee5c60b55a5c,2026-10-10
UPDATE2024,27,p27 hotel occupancy FY19 vs FY23 (Deloitte hotel performance survey; chart labels),"Hotel occupancy, 5-star",2023,67.2,%,chart label; survey of hotel operators,https://mhra.org.mt/wp-content/uploads/2024/11/20240924_Future-Proofing-the-Tourism-Industry_Final-report-1.pdf,b6f3db43c5364ed19f040a4925a15dfbab2fc3f18dbce59a2297ee5c60b55a5c,2026-10-10
UPDATE2024,27,p27 hotel occupancy FY19 vs FY23 (Deloitte hotel performance survey; chart labels),"Hotel occupancy, 4-star",2019,81.2,%,chart label; survey of hotel operators,https://mhra.org.mt/wp-content/uploads/2024/11/20240924_Future-Proofing-the-Tourism-Industry_Final-report-1.pdf,b6f3db43c5364ed19f040a4925a15dfbab2fc3f18dbce59a2297ee5c60b55a5c,2026-10-10
UPDATE2024,27,p27 hotel occupancy FY19 vs FY23 (Deloitte hotel performance survey; chart labels),"Hotel occupancy, 4-star",2023,82.3,%,chart label; survey of hotel operators,https://mhra.org.mt/wp-content/uploads/2024/11/20240924_Future-Proofing-the-Tourism-Industry_Final-report-1.pdf,b6f3db43c5364ed19f040a4925a15dfbab2fc3f18dbce59a2297ee5c60b55a5c,2026-10-10
