ID,Name,Kind,Type,Parent,Role,Aliases,Note
government-of-malta,Government of Malta,organisation,government,,,"Government of Malta|Government of Malta (Budget 2026)|Government of Malta (NECP 2021-2030, updated)|Government of Malta, applying Directive 2009/147/EC",
opm,Office of the Prime Minister,organisation,government,government-of-malta,,,
robert-abela,Robert Abela,person,government,opm,Prime Minister,"Robert Abela, Prime Minister|Prime Minister Robert Abela",
ministry-environment,Ministry for the Environment,organisation,government,government-of-malta,,"Ministry for the Environment|Ministry for the Environment, Energy and Public Cleanliness|Ministry for the Environment, Energy and Public Cleanliness (Minister Dalli)|Minister for the Environment|Energy Ministry (Minister Miriam Dalli)",Named in claims under its 2022–2024 and later titles.
miriam-dalli,Miriam Dalli,person,government,ministry-environment,Minister for the Environment and Energy,"Miriam Dalli, Energy Minister|Miriam Dalli, Environment Minister|Ministry for the Environment, Energy and Public Cleanliness (Minister Dalli)",
ministry-finance,Ministry for Finance,organisation,government,government-of-malta,,,
clyde-caruana,Clyde Caruana,person,government,ministry-finance,Minister for Finance,"Clyde Caruana, Minister for Finance (Budget Speech 2026)",
ministry-transport,Ministry for Transport,organisation,government,government-of-malta,,Ministry for Transport,
chris-bonett,Chris Bonett,person,government,ministry-transport,Transport Minister,"Chris Bonett, Transport Minister",
ministry-gozo,Ministry for Gozo,organisation,government,government-of-malta,,Ministry for Gozo,
clint-camilleri,Clint Camilleri,person,government,ministry-gozo,Minister for Gozo,"Clint Camilleri, Minister for Gozo",
ministry-tourism,Ministry for Tourism,organisation,government,government-of-malta,,Minister for Tourism,
ian-borg,Ian Borg,person,government,ministry-tourism,Deputy Prime Minister and Minister for Tourism,"Ian Borg, Deputy Prime Minister and Minister for Tourism|Ian Borg, then Tourism Minister",
ministry-health,Ministry for Health,organisation,government,government-of-malta,,Ministry for Health,
ministry-agriculture,"Ministry for Agriculture, Fisheries and Animal Rights",organisation,government,government-of-malta,,"Ministry for Agriculture, Fisheries and Animal Rights",
ministry-cleanliness,Ministry for Public Cleanliness and Regeneration,organisation,government,government-of-malta,,Ministry for Public Cleanliness and Regeneration,
ministry-lands,Ministry for Lands,organisation,government,government-of-malta,,,
owen-bonnici,Owen Bonnici,person,government,ministry-lands,Lands Minister,"Owen Bonnici, Lands Minister",
public-works-ministry,Public Works Ministry,organisation,government,government-of-malta,,Public Works Ministry,
parl-sec-public-works,Parliamentary Secretariat for Public Works,organisation,government,government-of-malta,,Parliamentary Secretariat for Public Works,
public-works-department,Public Works Department,organisation,government,government-of-malta,,Public Works Department,
aquaculture-directorate,Aquaculture Directorate,organisation,government,government-of-malta,,Aquaculture Directorate,
ambjent-malta,Ambjent Malta,organisation,agency,,,Ambjent Malta,
infrastructure-malta,Infrastructure Malta,organisation,agency,,,Infrastructure Malta,
wsc,Water Services Corporation,organisation,agency,,,Water Services Corporation|Water Services Corporation (WSC),
wasteserv,WasteServ,organisation,agency,,,WasteServ,
project-green,Project Green,organisation,agency,,,Project Green,
enemalta,Enemalta,organisation,agency,,,Enemalta,
interconnect-malta,Interconnect Malta,organisation,agency,,,Interconnect Malta,
gozo-channel,Gozo Channel,organisation,agency,,,Gozo Channel,
housing-authority,Housing Authority,organisation,agency,,,Housing Authority,
malta-tourism-authority,Malta Tourism Authority,organisation,agency,,,Malta Tourism Authority,
energy-water-agency,Energy and Water Agency,organisation,agency,,,Energy and Water Agency (Manuel Sapiano),
manuel-sapiano,Manuel Sapiano,person,agency,energy-water-agency,,Energy and Water Agency (Manuel Sapiano),
ta-qali-park-unit,Ta' Qali park unit,organisation,agency,,,Jason Micallef (Ta' Qali park unit),
jason-micallef,Jason Micallef,person,agency,ta-qali-park-unit,Head of the Ta' Qali park unit,Jason Micallef (Ta' Qali park unit),
era,Environment and Resources Authority (ERA),organisation,regulator,,,Environment and Resources Authority (ERA)|ERA,
planning-authority,Planning Authority,organisation,regulator,,,Planning Authority,
johann-buttigieg,Johann Buttigieg,person,regulator,planning-authority,Planning Authority CEO,"Johann Buttigieg, Planning Authority CEO",
transport-malta,Transport Malta,organisation,regulator,,,Transport Malta,
ohsa,Occupational Health and Safety Authority (OHSA),organisation,regulator,,,Occupational Health and Safety Authority (OHSA),
climate-action-authority,Climate Action Authority,organisation,regulator,,,Climate Action Authority,
cultural-heritage,Superintendence of Cultural Heritage,organisation,regulator,,,Superintendence of Cultural Heritage,
eprt,Environment and Planning Review Tribunal,organisation,oversight,,,Environment and Planning Review Tribunal,
ombudsman,Parliamentary Ombudsman,organisation,oversight,,,Parliamentary Ombudsman (Judge Joseph Zammit McKeon),
joseph-zammit-mckeon,Joseph Zammit McKeon,person,oversight,ombudsman,Parliamentary Ombudsman,Parliamentary Ombudsman (Judge Joseph Zammit McKeon),
pl,Partit Laburista (Labour Party),organisation,party,,,Labour Party|Partit Laburista,
pn,Partit Nazzjonalista (Nationalist Party),organisation,party,,,"Nationalist Party|Nationalist Party (PN)|Partit Nazzjonalista|Albert Buttigieg (PN MP) and Peter Agius (MEP, PN)",
albert-buttigieg,Albert Buttigieg,person,party,pn,PN MP,"Albert Buttigieg (PN MP) and Peter Agius (MEP, PN)",
peter-agius,Peter Agius,person,party,pn,MEP (PN),"Albert Buttigieg (PN MP) and Peter Agius (MEP, PN)",
adpd,ADPD – The Green Party,organisation,party,,,ADPD - The Green Party|ADPD - The Green Party (Sandra Gauci),
sandra-gauci,Sandra Gauci,person,party,adpd,,ADPD - The Green Party (Sandra Gauci),
momentum,Momentum,organisation,party,,,Momentum,Political party founded in 2025.
birdlife,BirdLife Malta,organisation,civil_society,,,BirdLife Malta,
graffitti,Moviment Graffitti,organisation,civil_society,,,Moviment Graffitti,
wirt-artna,Fondazzjoni Wirt Artna,organisation,civil_society,,,Fondazzjoni Wirt Artna,
fee-malta,FEE Malta,organisation,civil_society,,,FEE Malta,
gwu,General Workers' Union (GWU),organisation,civil_society,,,General Workers' Union (GWU),
mda,Malta Developers Association (MDA),organisation,business,,,Malta Developers Association|Malta Developers Association (MDA),
mhra,Malta Hotels and Restaurants Association (MHRA),organisation,business,,,Malta Hotels and Restaurants Association (MHRA),
malta-chamber,"The Malta Chamber of Commerce, Enterprise and Industry",organisation,business,,,"The Malta Chamber of Commerce, Enterprise and Industry",
kpmg,KPMG,organisation,business,,,KPMG,
d3-power,D3 Power Generation Ltd,organisation,business,,,D3 Power Generation Ltd,
malta-airport,Malta International Airport plc,organisation,business,,,Malta International Airport plc,
malta-met-office,Malta Meteorological Office,organisation,business,malta-airport,,Malta Meteorological Office,"The national meteorological service, run by Malta International Airport plc."
malta-public-transport,Malta Public Transport,organisation,business,,,Malta Public Transport,Bus operator under a government concession.
amphora-media,Amphora Media,organisation,media,,,Amphora Media,
lovin-malta,Lovin Malta,organisation,media,,,Lovin Malta (reporting Eurostat)|Lovin Malta (reporting NSO),
maltatoday,MaltaToday,organisation,media,,,MaltaToday,
newsbook,Newsbook,organisation,media,,,"Newsbook|Newsbook (reporting Eurostat)|Newsbook, summarising Parliamentary Question 29696",
the-shift,The Shift News,organisation,media,,,The Shift News,
malta-business-weekly,Malta Business Weekly,organisation,media,,,Malta Business Weekly,
european-commission,European Commission,organisation,eu,,,European Commission,
eea,European Environment Agency,organisation,eu,,,European Environment Agency,
ep-peti-study,European Parliament Committee on Petitions (commissioned study),organisation,eu,,,"Peter Hjerp and Clare Coffey (Ecocentric Consulting), study for the European Parliament Committee on Petitions (PE 783.089)",Study by Ecocentric Consulting.
nso,National Statistics Office (NSO),organisation,research,,,National Statistics Office (NSO),
um-researchers,University of Malta researchers,organisation,research,,,University of Malta researchers,
imf,International Monetary Fund,organisation,eu,,,International Monetary Fund,Staff papers (Selected Issues) carry authors' views
unesco-whc,UNESCO World Heritage Committee,organisation,eu,,,UNESCO World Heritage Committee,
