series,year_end_dec,value,source,url,retrieved
Total employed (full- and part-time),2002,154482,"Jobsplus, Total employment by economic sector 2015-2025 (xlsx)",https://jobsplus.gov.mt/media/4svdnudg/total-employment-by-economic-sector-2015-25.xlsx?fileId=52342,2026-10-06
Total employed (full- and part-time),2003,155314,"Jobsplus, Total employment by economic sector 2015-2025 (xlsx)",https://jobsplus.gov.mt/media/4svdnudg/total-employment-by-economic-sector-2015-25.xlsx?fileId=52342,2026-10-06
Total employed (full- and part-time),2004,157565,"Jobsplus, Total employment by economic sector 2015-2025 (xlsx)",https://jobsplus.gov.mt/media/4svdnudg/total-employment-by-economic-sector-2015-25.xlsx?fileId=52342,2026-10-06
Total employed (full- and part-time),2005,160250,"Jobsplus, Total employment by economic sector 2015-2025 (xlsx)",https://jobsplus.gov.mt/media/4svdnudg/total-employment-by-economic-sector-2015-25.xlsx?fileId=52342,2026-10-06
Total employed (full- and part-time),2006,163522,"Jobsplus, Total employment by economic sector 2015-2025 (xlsx)",https://jobsplus.gov.mt/media/4svdnudg/total-employment-by-economic-sector-2015-25.xlsx?fileId=52342,2026-10-06
Total employed (full- and part-time),2007,168037,"Jobsplus, Total employment by economic sector 2015-2025 (xlsx)",https://jobsplus.gov.mt/media/4svdnudg/total-employment-by-economic-sector-2015-25.xlsx?fileId=52342,2026-10-06
Total employed (full- and part-time),2008,171878,"Jobsplus, Total employment by economic sector 2015-2025 (xlsx)",https://jobsplus.gov.mt/media/4svdnudg/total-employment-by-economic-sector-2015-25.xlsx?fileId=52342,2026-10-06
Total employed (full- and part-time),2009,171930,"Jobsplus, Total employment by economic sector 2015-2025 (xlsx)",https://jobsplus.gov.mt/media/4svdnudg/total-employment-by-economic-sector-2015-25.xlsx?fileId=52342,2026-10-06
Total employed (full- and part-time),2010,174775,"Jobsplus, Total employment by economic sector 2015-2025 (xlsx)",https://jobsplus.gov.mt/media/4svdnudg/total-employment-by-economic-sector-2015-25.xlsx?fileId=52342,2026-10-06
Total employed (full- and part-time),2011,179209,"Jobsplus, Total employment by economic sector 2015-2025 (xlsx)",https://jobsplus.gov.mt/media/4svdnudg/total-employment-by-economic-sector-2015-25.xlsx?fileId=52342,2026-10-06
Total employed (full- and part-time),2012,184343,"Jobsplus, Total employment by economic sector 2015-2025 (xlsx)",https://jobsplus.gov.mt/media/4svdnudg/total-employment-by-economic-sector-2015-25.xlsx?fileId=52342,2026-10-06
Total employed (full- and part-time),2013,189727,"Jobsplus, Total employment by economic sector 2015-2025 (xlsx)",https://jobsplus.gov.mt/media/4svdnudg/total-employment-by-economic-sector-2015-25.xlsx?fileId=52342,2026-10-06
Total employed (full- and part-time),2014,199437,"Jobsplus, Total employment by economic sector 2015-2025 (xlsx)",https://jobsplus.gov.mt/media/4svdnudg/total-employment-by-economic-sector-2015-25.xlsx?fileId=52342,2026-10-06
Total employed (full- and part-time),2015,208360,"Jobsplus, Total employment by economic sector 2015-2025 (xlsx)",https://jobsplus.gov.mt/media/4svdnudg/total-employment-by-economic-sector-2015-25.xlsx?fileId=52342,2026-10-06
Total employed (full- and part-time),2016,220015,"Jobsplus, Total employment by economic sector 2015-2025 (xlsx)",https://jobsplus.gov.mt/media/4svdnudg/total-employment-by-economic-sector-2015-25.xlsx?fileId=52342,2026-10-06
Total employed (full- and part-time),2017,232755,"Jobsplus, Total employment by economic sector 2015-2025 (xlsx)",https://jobsplus.gov.mt/media/4svdnudg/total-employment-by-economic-sector-2015-25.xlsx?fileId=52342,2026-10-06
Total employed (full- and part-time),2018,247630,"Jobsplus, Total employment by economic sector 2015-2025 (xlsx)",https://jobsplus.gov.mt/media/4svdnudg/total-employment-by-economic-sector-2015-25.xlsx?fileId=52342,2026-10-06
Total employed (full- and part-time),2019,262750,"Jobsplus, Total employment by economic sector 2015-2025 (xlsx)",https://jobsplus.gov.mt/media/4svdnudg/total-employment-by-economic-sector-2015-25.xlsx?fileId=52342,2026-10-06
Total employed (full- and part-time),2020,264897,"Jobsplus, Total employment by economic sector 2015-2025 (xlsx)",https://jobsplus.gov.mt/media/4svdnudg/total-employment-by-economic-sector-2015-25.xlsx?fileId=52342,2026-10-06
Total employed (full- and part-time),2021,274780,"Jobsplus, Total employment by economic sector 2015-2025 (xlsx)",https://jobsplus.gov.mt/media/4svdnudg/total-employment-by-economic-sector-2015-25.xlsx?fileId=52342,2026-10-06
Total employed (full- and part-time),2022,295327,"Jobsplus, Total employment by economic sector 2015-2025 (xlsx)",https://jobsplus.gov.mt/media/4svdnudg/total-employment-by-economic-sector-2015-25.xlsx?fileId=52342,2026-10-06
Total employed (full- and part-time),2023,316081,"Jobsplus, Total employment by economic sector 2015-2025 (xlsx)",https://jobsplus.gov.mt/media/4svdnudg/total-employment-by-economic-sector-2015-25.xlsx?fileId=52342,2026-10-06
Total employed (full- and part-time),2024,324713,"Jobsplus, Total employment by economic sector 2015-2025 (xlsx)",https://jobsplus.gov.mt/media/4svdnudg/total-employment-by-economic-sector-2015-25.xlsx?fileId=52342,2026-10-06
Total employed (full- and part-time),2025,340463,"Jobsplus, Total employment by economic sector 2015-2025 (xlsx)",https://jobsplus.gov.mt/media/4svdnudg/total-employment-by-economic-sector-2015-25.xlsx?fileId=52342,2026-10-06
Gainfully employed (full-time),2015,176430,"Jobsplus, Full-time employment data by labour supply 2015-2025 (xlsx)",https://jobsplus.gov.mt/media/1h2duaou/ftempdatabylaboursupply-2015-2025-dec.xlsx,2026-10-06
Gainfully employed (full-time),2016,187037,"Jobsplus, Full-time employment data by labour supply 2015-2025 (xlsx)",https://jobsplus.gov.mt/media/1h2duaou/ftempdatabylaboursupply-2015-2025-dec.xlsx,2026-10-06
Gainfully employed (full-time),2017,199600,"Jobsplus, Full-time employment data by labour supply 2015-2025 (xlsx)",https://jobsplus.gov.mt/media/1h2duaou/ftempdatabylaboursupply-2015-2025-dec.xlsx,2026-10-06
Gainfully employed (full-time),2018,214446,"Jobsplus, Full-time employment data by labour supply 2015-2025 (xlsx)",https://jobsplus.gov.mt/media/1h2duaou/ftempdatabylaboursupply-2015-2025-dec.xlsx,2026-10-06
Gainfully employed (full-time),2019,229321,"Jobsplus, Full-time employment data by labour supply 2015-2025 (xlsx)",https://jobsplus.gov.mt/media/1h2duaou/ftempdatabylaboursupply-2015-2025-dec.xlsx,2026-10-06
Gainfully employed (full-time),2020,233462,"Jobsplus, Full-time employment data by labour supply 2015-2025 (xlsx)",https://jobsplus.gov.mt/media/1h2duaou/ftempdatabylaboursupply-2015-2025-dec.xlsx,2026-10-06
Gainfully employed (full-time),2021,242505,"Jobsplus, Full-time employment data by labour supply 2015-2025 (xlsx)",https://jobsplus.gov.mt/media/1h2duaou/ftempdatabylaboursupply-2015-2025-dec.xlsx,2026-10-06
Gainfully employed (full-time),2022,262703,"Jobsplus, Full-time employment data by labour supply 2015-2025 (xlsx)",https://jobsplus.gov.mt/media/1h2duaou/ftempdatabylaboursupply-2015-2025-dec.xlsx,2026-10-06
Gainfully employed (full-time),2023,281714,"Jobsplus, Full-time employment data by labour supply 2015-2025 (xlsx)",https://jobsplus.gov.mt/media/1h2duaou/ftempdatabylaboursupply-2015-2025-dec.xlsx,2026-10-06
Gainfully employed (full-time),2024,290303,"Jobsplus, Full-time employment data by labour supply 2015-2025 (xlsx)",https://jobsplus.gov.mt/media/1h2duaou/ftempdatabylaboursupply-2015-2025-dec.xlsx,2026-10-06
Gainfully employed (full-time),2025,304226,"Jobsplus, Full-time employment data by labour supply 2015-2025 (xlsx)",https://jobsplus.gov.mt/media/1h2duaou/ftempdatabylaboursupply-2015-2025-dec.xlsx,2026-10-06
