item,year,value,unit,pdf_page,note
GVA construction sector (NACE F),2020,598,EUR million,23,Table 1.1
GVA construction sector (NACE F),2021,647,EUR million,23,Table 1.1
GVA construction sector (NACE F),2022,655,EUR million,23,Table 1.1
GVA construction sector (NACE F),2023,763,EUR million,23,Table 1.1
GVA construction sector (NACE F),2024,809,EUR million,23,Table 1.1 (Table 1.2 gives 809.014)
GVA real estate activities excluding imputed rents,2020,533,EUR million,23,Table 1.1
GVA real estate activities excluding imputed rents,2021,683,EUR million,23,Table 1.1
GVA real estate activities excluding imputed rents,2022,753,EUR million,23,Table 1.1
GVA real estate activities excluding imputed rents,2023,920,EUR million,23,Table 1.1
GVA real estate activities excluding imputed rents,2024,1066,EUR million,23,Table 1.1
Total GVA less imputed rents,2020,12762,EUR million,23,Table 1.1
Total GVA less imputed rents,2021,14976,EUR million,23,Table 1.1
Total GVA less imputed rents,2022,16336,EUR million,23,Table 1.1
Total GVA less imputed rents,2023,18779,EUR million,23,Table 1.1
Total GVA less imputed rents,2024,20617,EUR million,23,Table 1.1
Share of total GVA less imputed rents (as printed),2024,9.1,percent,23,Table 1.1
Share of total GVA less imputed rents (as printed),H1 2025,9.6,percent,23,Table 1.1
GVA real estate (L) including imputed rents,2024,1826.869,EUR million,25,Table 1.2 (EUR 000s: 1 826 869)
GVA construction (F),2024 (Table 1.2),809.014,EUR million,25,Table 1.2 (EUR 000s: 809 014)
Total GVA,2024,21378.220,EUR million,25,Table 1.2 (EUR 000s: 21 378 220)
Output from construction,2024,2395,EUR million,30,Table 1.3
Construction Type 1 value added multiplier,2024,0.55,ratio,30,Table 1.3; also text p. 34
Value added from construction (direct + indirect),2024,1317,EUR million,30,Table 1.3
Output from real estate (incl. imputed rents),2024,2438,EUR million,30,Table 1.3
Real estate Type 1 value added multiplier,2024,0.78,ratio,30,Table 1.3; also text p. 34
Value added from real estate (direct + indirect),2024,1901,EUR million,30,Table 1.3
Value added from construction and real estate,2024,3219,EUR million,30,Table 1.3
Less inter-industry linkages,2024,-216,EUR million,30,Table 1.3
Estimated contribution to total GVA,2024,3002,EUR million,30,Table 1.3
Share of total GVA (as printed),2024,14.04,percent,30,Table 1.3
