freq,unit,sex,age,icd10,resid,geo,time,value,flag,dataset,updated,retrieved
A,NR,T,TOTAL,TOTAL,TOT_RESID,MT,2011,3264,,hlth_cd_aro,2026-09-24T23:00:00+0200,2026-10-06
A,NR,T,TOTAL,TOTAL,TOT_RESID,MT,2012,3426,,hlth_cd_aro,2026-09-24T23:00:00+0200,2026-10-06
A,NR,T,TOTAL,TOTAL,TOT_RESID,MT,2013,3240,,hlth_cd_aro,2026-09-24T23:00:00+0200,2026-10-06
A,NR,T,TOTAL,TOTAL,TOT_RESID,MT,2014,3273,,hlth_cd_aro,2026-09-24T23:00:00+0200,2026-10-06
A,NR,T,TOTAL,TOTAL,TOT_RESID,MT,2015,3446,,hlth_cd_aro,2026-09-24T23:00:00+0200,2026-10-06
A,NR,T,TOTAL,TOTAL,TOT_RESID,MT,2016,3344,,hlth_cd_aro,2026-09-24T23:00:00+0200,2026-10-06
A,NR,T,TOTAL,TOTAL,TOT_RESID,MT,2017,3577,,hlth_cd_aro,2026-09-24T23:00:00+0200,2026-10-06
A,NR,T,TOTAL,TOTAL,TOT_RESID,MT,2018,3693,,hlth_cd_aro,2026-09-24T23:00:00+0200,2026-10-06
A,NR,T,TOTAL,TOTAL,TOT_RESID,MT,2019,3693,,hlth_cd_aro,2026-09-24T23:00:00+0200,2026-10-06
A,NR,T,TOTAL,TOTAL,TOT_RESID,MT,2020,4089,,hlth_cd_aro,2026-09-24T23:00:00+0200,2026-10-06
A,NR,T,TOTAL,TOTAL,TOT_RESID,MT,2021,4164,,hlth_cd_aro,2026-09-24T23:00:00+0200,2026-10-06
A,NR,T,TOTAL,TOTAL,TOT_RESID,MT,2022,4240,,hlth_cd_aro,2026-09-24T23:00:00+0200,2026-10-06
A,NR,T,TOTAL,TOTAL,TOT_RESID,MT,2023,4031,,hlth_cd_aro,2026-09-24T23:00:00+0200,2026-10-06
A,NR,T,TOTAL,V01-Y89,TOT_RESID,MT,2011,99,,hlth_cd_aro,2026-09-24T23:00:00+0200,2026-10-06
A,NR,T,TOTAL,V01-Y89,TOT_RESID,MT,2012,113,,hlth_cd_aro,2026-09-24T23:00:00+0200,2026-10-06
A,NR,T,TOTAL,V01-Y89,TOT_RESID,MT,2013,105,,hlth_cd_aro,2026-09-24T23:00:00+0200,2026-10-06
A,NR,T,TOTAL,V01-Y89,TOT_RESID,MT,2014,107,,hlth_cd_aro,2026-09-24T23:00:00+0200,2026-10-06
A,NR,T,TOTAL,V01-Y89,TOT_RESID,MT,2015,113,,hlth_cd_aro,2026-09-24T23:00:00+0200,2026-10-06
A,NR,T,TOTAL,V01-Y89,TOT_RESID,MT,2016,128,,hlth_cd_aro,2026-09-24T23:00:00+0200,2026-10-06
A,NR,T,TOTAL,V01-Y89,TOT_RESID,MT,2017,127,,hlth_cd_aro,2026-09-24T23:00:00+0200,2026-10-06
A,NR,T,TOTAL,V01-Y89,TOT_RESID,MT,2018,115,,hlth_cd_aro,2026-09-24T23:00:00+0200,2026-10-06
A,NR,T,TOTAL,V01-Y89,TOT_RESID,MT,2019,116,,hlth_cd_aro,2026-09-24T23:00:00+0200,2026-10-06
A,NR,T,TOTAL,V01-Y89,TOT_RESID,MT,2020,136,,hlth_cd_aro,2026-09-24T23:00:00+0200,2026-10-06
A,NR,T,TOTAL,V01-Y89,TOT_RESID,MT,2021,153,,hlth_cd_aro,2026-09-24T23:00:00+0200,2026-10-06
A,NR,T,TOTAL,V01-Y89,TOT_RESID,MT,2022,182,,hlth_cd_aro,2026-09-24T23:00:00+0200,2026-10-06
A,NR,T,TOTAL,V01-Y89,TOT_RESID,MT,2023,173,,hlth_cd_aro,2026-09-24T23:00:00+0200,2026-10-06
A,NR,T,Y15-19,TOTAL,TOT_RESID,MT,2011,11,,hlth_cd_aro,2026-09-24T23:00:00+0200,2026-10-06
A,NR,T,Y15-19,TOTAL,TOT_RESID,MT,2013,5,,hlth_cd_aro,2026-09-24T23:00:00+0200,2026-10-06
A,NR,T,Y15-19,TOTAL,TOT_RESID,MT,2014,6,,hlth_cd_aro,2026-09-24T23:00:00+0200,2026-10-06
A,NR,T,Y15-19,TOTAL,TOT_RESID,MT,2015,6,,hlth_cd_aro,2026-09-24T23:00:00+0200,2026-10-06
A,NR,T,Y15-19,TOTAL,TOT_RESID,MT,2016,7,,hlth_cd_aro,2026-09-24T23:00:00+0200,2026-10-06
A,NR,T,Y15-19,TOTAL,TOT_RESID,MT,2017,4,,hlth_cd_aro,2026-09-24T23:00:00+0200,2026-10-06
A,NR,T,Y15-19,TOTAL,TOT_RESID,MT,2020,4,,hlth_cd_aro,2026-09-24T23:00:00+0200,2026-10-06
A,NR,T,Y15-19,TOTAL,TOT_RESID,MT,2021,5,,hlth_cd_aro,2026-09-24T23:00:00+0200,2026-10-06
A,NR,T,Y15-19,TOTAL,TOT_RESID,MT,2023,4,,hlth_cd_aro,2026-09-24T23:00:00+0200,2026-10-06
A,NR,T,Y15-19,V01-Y89,TOT_RESID,MT,2011,6,,hlth_cd_aro,2026-09-24T23:00:00+0200,2026-10-06
A,NR,T,Y15-19,V01-Y89,TOT_RESID,MT,2013,2,,hlth_cd_aro,2026-09-24T23:00:00+0200,2026-10-06
A,NR,T,Y15-19,V01-Y89,TOT_RESID,MT,2014,5,,hlth_cd_aro,2026-09-24T23:00:00+0200,2026-10-06
A,NR,T,Y15-19,V01-Y89,TOT_RESID,MT,2015,3,,hlth_cd_aro,2026-09-24T23:00:00+0200,2026-10-06
A,NR,T,Y15-19,V01-Y89,TOT_RESID,MT,2016,2,,hlth_cd_aro,2026-09-24T23:00:00+0200,2026-10-06
A,NR,T,Y15-19,V01-Y89,TOT_RESID,MT,2017,2,,hlth_cd_aro,2026-09-24T23:00:00+0200,2026-10-06
A,NR,T,Y15-19,V01-Y89,TOT_RESID,MT,2020,2,,hlth_cd_aro,2026-09-24T23:00:00+0200,2026-10-06
A,NR,T,Y15-19,V01-Y89,TOT_RESID,MT,2021,3,,hlth_cd_aro,2026-09-24T23:00:00+0200,2026-10-06
A,NR,T,Y15-19,V01-Y89,TOT_RESID,MT,2023,4,,hlth_cd_aro,2026-09-24T23:00:00+0200,2026-10-06
A,NR,T,Y15-24,TOTAL,TOT_RESID,MT,2011,20,,hlth_cd_aro,2026-09-24T23:00:00+0200,2026-10-06
A,NR,T,Y15-24,TOTAL,TOT_RESID,MT,2012,12,,hlth_cd_aro,2026-09-24T23:00:00+0200,2026-10-06
A,NR,T,Y15-24,TOTAL,TOT_RESID,MT,2013,19,,hlth_cd_aro,2026-09-24T23:00:00+0200,2026-10-06
A,NR,T,Y15-24,TOTAL,TOT_RESID,MT,2014,13,,hlth_cd_aro,2026-09-24T23:00:00+0200,2026-10-06
A,NR,T,Y15-24,TOTAL,TOT_RESID,MT,2015,16,,hlth_cd_aro,2026-09-24T23:00:00+0200,2026-10-06
A,NR,T,Y15-24,TOTAL,TOT_RESID,MT,2016,12,,hlth_cd_aro,2026-09-24T23:00:00+0200,2026-10-06
A,NR,T,Y15-24,TOTAL,TOT_RESID,MT,2017,16,,hlth_cd_aro,2026-09-24T23:00:00+0200,2026-10-06
A,NR,T,Y15-24,TOTAL,TOT_RESID,MT,2018,10,,hlth_cd_aro,2026-09-24T23:00:00+0200,2026-10-06
A,NR,T,Y15-24,TOTAL,TOT_RESID,MT,2019,7,,hlth_cd_aro,2026-09-24T23:00:00+0200,2026-10-06
A,NR,T,Y15-24,TOTAL,TOT_RESID,MT,2020,14,,hlth_cd_aro,2026-09-24T23:00:00+0200,2026-10-06
A,NR,T,Y15-24,TOTAL,TOT_RESID,MT,2021,14,,hlth_cd_aro,2026-09-24T23:00:00+0200,2026-10-06
A,NR,T,Y15-24,TOTAL,TOT_RESID,MT,2022,20,,hlth_cd_aro,2026-09-24T23:00:00+0200,2026-10-06
A,NR,T,Y15-24,TOTAL,TOT_RESID,MT,2023,9,,hlth_cd_aro,2026-09-24T23:00:00+0200,2026-10-06
A,NR,T,Y15-24,V01-Y89,TOT_RESID,MT,2011,11,,hlth_cd_aro,2026-09-24T23:00:00+0200,2026-10-06
A,NR,T,Y15-24,V01-Y89,TOT_RESID,MT,2012,4,,hlth_cd_aro,2026-09-24T23:00:00+0200,2026-10-06
A,NR,T,Y15-24,V01-Y89,TOT_RESID,MT,2013,8,,hlth_cd_aro,2026-09-24T23:00:00+0200,2026-10-06
A,NR,T,Y15-24,V01-Y89,TOT_RESID,MT,2014,6,,hlth_cd_aro,2026-09-24T23:00:00+0200,2026-10-06
A,NR,T,Y15-24,V01-Y89,TOT_RESID,MT,2015,8,,hlth_cd_aro,2026-09-24T23:00:00+0200,2026-10-06
A,NR,T,Y15-24,V01-Y89,TOT_RESID,MT,2016,4,,hlth_cd_aro,2026-09-24T23:00:00+0200,2026-10-06
A,NR,T,Y15-24,V01-Y89,TOT_RESID,MT,2017,8,,hlth_cd_aro,2026-09-24T23:00:00+0200,2026-10-06
A,NR,T,Y15-24,V01-Y89,TOT_RESID,MT,2018,7,,hlth_cd_aro,2026-09-24T23:00:00+0200,2026-10-06
A,NR,T,Y15-24,V01-Y89,TOT_RESID,MT,2019,2,,hlth_cd_aro,2026-09-24T23:00:00+0200,2026-10-06
A,NR,T,Y15-24,V01-Y89,TOT_RESID,MT,2020,5,,hlth_cd_aro,2026-09-24T23:00:00+0200,2026-10-06
A,NR,T,Y15-24,V01-Y89,TOT_RESID,MT,2021,8,,hlth_cd_aro,2026-09-24T23:00:00+0200,2026-10-06
A,NR,T,Y15-24,V01-Y89,TOT_RESID,MT,2022,10,,hlth_cd_aro,2026-09-24T23:00:00+0200,2026-10-06
A,NR,T,Y15-24,V01-Y89,TOT_RESID,MT,2023,7,,hlth_cd_aro,2026-09-24T23:00:00+0200,2026-10-06
A,NR,T,Y15-29,TOTAL,TOT_RESID,MT,2011,40,,hlth_cd_aro,2026-09-24T23:00:00+0200,2026-10-06
A,NR,T,Y15-29,TOTAL,TOT_RESID,MT,2012,25,,hlth_cd_aro,2026-09-24T23:00:00+0200,2026-10-06
A,NR,T,Y15-29,TOTAL,TOT_RESID,MT,2013,26,,hlth_cd_aro,2026-09-24T23:00:00+0200,2026-10-06
A,NR,T,Y15-29,TOTAL,TOT_RESID,MT,2014,21,,hlth_cd_aro,2026-09-24T23:00:00+0200,2026-10-06
A,NR,T,Y15-29,TOTAL,TOT_RESID,MT,2015,29,,hlth_cd_aro,2026-09-24T23:00:00+0200,2026-10-06
A,NR,T,Y15-29,TOTAL,TOT_RESID,MT,2016,23,,hlth_cd_aro,2026-09-24T23:00:00+0200,2026-10-06
A,NR,T,Y15-29,TOTAL,TOT_RESID,MT,2017,26,,hlth_cd_aro,2026-09-24T23:00:00+0200,2026-10-06
A,NR,T,Y15-29,TOTAL,TOT_RESID,MT,2018,27,,hlth_cd_aro,2026-09-24T23:00:00+0200,2026-10-06
A,NR,T,Y15-29,TOTAL,TOT_RESID,MT,2019,18,,hlth_cd_aro,2026-09-24T23:00:00+0200,2026-10-06
A,NR,T,Y15-29,TOTAL,TOT_RESID,MT,2020,24,,hlth_cd_aro,2026-09-24T23:00:00+0200,2026-10-06
A,NR,T,Y15-29,TOTAL,TOT_RESID,MT,2021,19,,hlth_cd_aro,2026-09-24T23:00:00+0200,2026-10-06
A,NR,T,Y15-29,TOTAL,TOT_RESID,MT,2022,35,,hlth_cd_aro,2026-09-24T23:00:00+0200,2026-10-06
A,NR,T,Y15-29,TOTAL,TOT_RESID,MT,2023,23,,hlth_cd_aro,2026-09-24T23:00:00+0200,2026-10-06
A,NR,T,Y15-29,V01-Y89,TOT_RESID,MT,2011,17,,hlth_cd_aro,2026-09-24T23:00:00+0200,2026-10-06
A,NR,T,Y15-29,V01-Y89,TOT_RESID,MT,2012,10,,hlth_cd_aro,2026-09-24T23:00:00+0200,2026-10-06
A,NR,T,Y15-29,V01-Y89,TOT_RESID,MT,2013,13,,hlth_cd_aro,2026-09-24T23:00:00+0200,2026-10-06
A,NR,T,Y15-29,V01-Y89,TOT_RESID,MT,2014,8,,hlth_cd_aro,2026-09-24T23:00:00+0200,2026-10-06
A,NR,T,Y15-29,V01-Y89,TOT_RESID,MT,2015,13,,hlth_cd_aro,2026-09-24T23:00:00+0200,2026-10-06
A,NR,T,Y15-29,V01-Y89,TOT_RESID,MT,2016,14,,hlth_cd_aro,2026-09-24T23:00:00+0200,2026-10-06
A,NR,T,Y15-29,V01-Y89,TOT_RESID,MT,2017,15,,hlth_cd_aro,2026-09-24T23:00:00+0200,2026-10-06
A,NR,T,Y15-29,V01-Y89,TOT_RESID,MT,2018,18,,hlth_cd_aro,2026-09-24T23:00:00+0200,2026-10-06
A,NR,T,Y15-29,V01-Y89,TOT_RESID,MT,2019,9,,hlth_cd_aro,2026-09-24T23:00:00+0200,2026-10-06
A,NR,T,Y15-29,V01-Y89,TOT_RESID,MT,2020,11,,hlth_cd_aro,2026-09-24T23:00:00+0200,2026-10-06
A,NR,T,Y15-29,V01-Y89,TOT_RESID,MT,2021,11,,hlth_cd_aro,2026-09-24T23:00:00+0200,2026-10-06
A,NR,T,Y15-29,V01-Y89,TOT_RESID,MT,2022,20,,hlth_cd_aro,2026-09-24T23:00:00+0200,2026-10-06
A,NR,T,Y15-29,V01-Y89,TOT_RESID,MT,2023,15,,hlth_cd_aro,2026-09-24T23:00:00+0200,2026-10-06
A,NR,T,Y20-24,TOTAL,TOT_RESID,MT,2011,9,,hlth_cd_aro,2026-09-24T23:00:00+0200,2026-10-06
A,NR,T,Y20-24,TOTAL,TOT_RESID,MT,2013,14,,hlth_cd_aro,2026-09-24T23:00:00+0200,2026-10-06
A,NR,T,Y20-24,TOTAL,TOT_RESID,MT,2014,7,,hlth_cd_aro,2026-09-24T23:00:00+0200,2026-10-06
A,NR,T,Y20-24,TOTAL,TOT_RESID,MT,2015,10,,hlth_cd_aro,2026-09-24T23:00:00+0200,2026-10-06
A,NR,T,Y20-24,TOTAL,TOT_RESID,MT,2016,5,,hlth_cd_aro,2026-09-24T23:00:00+0200,2026-10-06
A,NR,T,Y20-24,TOTAL,TOT_RESID,MT,2017,12,,hlth_cd_aro,2026-09-24T23:00:00+0200,2026-10-06
A,NR,T,Y20-24,TOTAL,TOT_RESID,MT,2020,10,,hlth_cd_aro,2026-09-24T23:00:00+0200,2026-10-06
A,NR,T,Y20-24,TOTAL,TOT_RESID,MT,2021,9,,hlth_cd_aro,2026-09-24T23:00:00+0200,2026-10-06
A,NR,T,Y20-24,TOTAL,TOT_RESID,MT,2023,5,,hlth_cd_aro,2026-09-24T23:00:00+0200,2026-10-06
A,NR,T,Y20-24,V01-Y89,TOT_RESID,MT,2011,5,,hlth_cd_aro,2026-09-24T23:00:00+0200,2026-10-06
A,NR,T,Y20-24,V01-Y89,TOT_RESID,MT,2013,6,,hlth_cd_aro,2026-09-24T23:00:00+0200,2026-10-06
A,NR,T,Y20-24,V01-Y89,TOT_RESID,MT,2014,1,,hlth_cd_aro,2026-09-24T23:00:00+0200,2026-10-06
A,NR,T,Y20-24,V01-Y89,TOT_RESID,MT,2015,5,,hlth_cd_aro,2026-09-24T23:00:00+0200,2026-10-06
A,NR,T,Y20-24,V01-Y89,TOT_RESID,MT,2016,2,,hlth_cd_aro,2026-09-24T23:00:00+0200,2026-10-06
A,NR,T,Y20-24,V01-Y89,TOT_RESID,MT,2017,6,,hlth_cd_aro,2026-09-24T23:00:00+0200,2026-10-06
A,NR,T,Y20-24,V01-Y89,TOT_RESID,MT,2020,3,,hlth_cd_aro,2026-09-24T23:00:00+0200,2026-10-06
A,NR,T,Y20-24,V01-Y89,TOT_RESID,MT,2021,5,,hlth_cd_aro,2026-09-24T23:00:00+0200,2026-10-06
A,NR,T,Y20-24,V01-Y89,TOT_RESID,MT,2023,3,,hlth_cd_aro,2026-09-24T23:00:00+0200,2026-10-06
A,NR,T,Y25-29,TOTAL,TOT_RESID,MT,2011,20,,hlth_cd_aro,2026-09-24T23:00:00+0200,2026-10-06
A,NR,T,Y25-29,TOTAL,TOT_RESID,MT,2012,13,,hlth_cd_aro,2026-09-24T23:00:00+0200,2026-10-06
A,NR,T,Y25-29,TOTAL,TOT_RESID,MT,2013,7,,hlth_cd_aro,2026-09-24T23:00:00+0200,2026-10-06
A,NR,T,Y25-29,TOTAL,TOT_RESID,MT,2014,8,,hlth_cd_aro,2026-09-24T23:00:00+0200,2026-10-06
A,NR,T,Y25-29,TOTAL,TOT_RESID,MT,2015,13,,hlth_cd_aro,2026-09-24T23:00:00+0200,2026-10-06
A,NR,T,Y25-29,TOTAL,TOT_RESID,MT,2016,11,,hlth_cd_aro,2026-09-24T23:00:00+0200,2026-10-06
A,NR,T,Y25-29,TOTAL,TOT_RESID,MT,2017,10,,hlth_cd_aro,2026-09-24T23:00:00+0200,2026-10-06
A,NR,T,Y25-29,TOTAL,TOT_RESID,MT,2018,17,,hlth_cd_aro,2026-09-24T23:00:00+0200,2026-10-06
A,NR,T,Y25-29,TOTAL,TOT_RESID,MT,2019,11,,hlth_cd_aro,2026-09-24T23:00:00+0200,2026-10-06
A,NR,T,Y25-29,TOTAL,TOT_RESID,MT,2020,10,,hlth_cd_aro,2026-09-24T23:00:00+0200,2026-10-06
A,NR,T,Y25-29,TOTAL,TOT_RESID,MT,2021,5,,hlth_cd_aro,2026-09-24T23:00:00+0200,2026-10-06
A,NR,T,Y25-29,TOTAL,TOT_RESID,MT,2022,15,,hlth_cd_aro,2026-09-24T23:00:00+0200,2026-10-06
A,NR,T,Y25-29,TOTAL,TOT_RESID,MT,2023,14,,hlth_cd_aro,2026-09-24T23:00:00+0200,2026-10-06
A,NR,T,Y25-29,V01-Y89,TOT_RESID,MT,2011,6,,hlth_cd_aro,2026-09-24T23:00:00+0200,2026-10-06
A,NR,T,Y25-29,V01-Y89,TOT_RESID,MT,2012,6,,hlth_cd_aro,2026-09-24T23:00:00+0200,2026-10-06
A,NR,T,Y25-29,V01-Y89,TOT_RESID,MT,2013,5,,hlth_cd_aro,2026-09-24T23:00:00+0200,2026-10-06
A,NR,T,Y25-29,V01-Y89,TOT_RESID,MT,2014,2,,hlth_cd_aro,2026-09-24T23:00:00+0200,2026-10-06
A,NR,T,Y25-29,V01-Y89,TOT_RESID,MT,2015,5,,hlth_cd_aro,2026-09-24T23:00:00+0200,2026-10-06
A,NR,T,Y25-29,V01-Y89,TOT_RESID,MT,2016,10,,hlth_cd_aro,2026-09-24T23:00:00+0200,2026-10-06
A,NR,T,Y25-29,V01-Y89,TOT_RESID,MT,2017,7,,hlth_cd_aro,2026-09-24T23:00:00+0200,2026-10-06
A,NR,T,Y25-29,V01-Y89,TOT_RESID,MT,2018,11,,hlth_cd_aro,2026-09-24T23:00:00+0200,2026-10-06
A,NR,T,Y25-29,V01-Y89,TOT_RESID,MT,2019,7,,hlth_cd_aro,2026-09-24T23:00:00+0200,2026-10-06
A,NR,T,Y25-29,V01-Y89,TOT_RESID,MT,2020,6,,hlth_cd_aro,2026-09-24T23:00:00+0200,2026-10-06
A,NR,T,Y25-29,V01-Y89,TOT_RESID,MT,2021,3,,hlth_cd_aro,2026-09-24T23:00:00+0200,2026-10-06
A,NR,T,Y25-29,V01-Y89,TOT_RESID,MT,2022,10,,hlth_cd_aro,2026-09-24T23:00:00+0200,2026-10-06
A,NR,T,Y25-29,V01-Y89,TOT_RESID,MT,2023,8,,hlth_cd_aro,2026-09-24T23:00:00+0200,2026-10-06
A,NR,T,Y30-34,TOTAL,TOT_RESID,MT,2011,16,,hlth_cd_aro,2026-09-24T23:00:00+0200,2026-10-06
A,NR,T,Y30-34,TOTAL,TOT_RESID,MT,2012,26,,hlth_cd_aro,2026-09-24T23:00:00+0200,2026-10-06
A,NR,T,Y30-34,TOTAL,TOT_RESID,MT,2013,10,,hlth_cd_aro,2026-09-24T23:00:00+0200,2026-10-06
A,NR,T,Y30-34,TOTAL,TOT_RESID,MT,2014,21,,hlth_cd_aro,2026-09-24T23:00:00+0200,2026-10-06
A,NR,T,Y30-34,TOTAL,TOT_RESID,MT,2015,16,,hlth_cd_aro,2026-09-24T23:00:00+0200,2026-10-06
A,NR,T,Y30-34,TOTAL,TOT_RESID,MT,2016,11,,hlth_cd_aro,2026-09-24T23:00:00+0200,2026-10-06
A,NR,T,Y30-34,TOTAL,TOT_RESID,MT,2017,18,,hlth_cd_aro,2026-09-24T23:00:00+0200,2026-10-06
A,NR,T,Y30-34,TOTAL,TOT_RESID,MT,2018,18,,hlth_cd_aro,2026-09-24T23:00:00+0200,2026-10-06
A,NR,T,Y30-34,TOTAL,TOT_RESID,MT,2019,23,,hlth_cd_aro,2026-09-24T23:00:00+0200,2026-10-06
A,NR,T,Y30-34,TOTAL,TOT_RESID,MT,2020,19,,hlth_cd_aro,2026-09-24T23:00:00+0200,2026-10-06
A,NR,T,Y30-34,TOTAL,TOT_RESID,MT,2021,17,,hlth_cd_aro,2026-09-24T23:00:00+0200,2026-10-06
A,NR,T,Y30-34,TOTAL,TOT_RESID,MT,2022,8,,hlth_cd_aro,2026-09-24T23:00:00+0200,2026-10-06
A,NR,T,Y30-34,TOTAL,TOT_RESID,MT,2023,21,,hlth_cd_aro,2026-09-24T23:00:00+0200,2026-10-06
A,NR,T,Y30-34,V01-Y89,TOT_RESID,MT,2011,8,,hlth_cd_aro,2026-09-24T23:00:00+0200,2026-10-06
A,NR,T,Y30-34,V01-Y89,TOT_RESID,MT,2012,12,,hlth_cd_aro,2026-09-24T23:00:00+0200,2026-10-06
A,NR,T,Y30-34,V01-Y89,TOT_RESID,MT,2013,2,,hlth_cd_aro,2026-09-24T23:00:00+0200,2026-10-06
A,NR,T,Y30-34,V01-Y89,TOT_RESID,MT,2014,8,,hlth_cd_aro,2026-09-24T23:00:00+0200,2026-10-06
A,NR,T,Y30-34,V01-Y89,TOT_RESID,MT,2015,7,,hlth_cd_aro,2026-09-24T23:00:00+0200,2026-10-06
A,NR,T,Y30-34,V01-Y89,TOT_RESID,MT,2016,7,,hlth_cd_aro,2026-09-24T23:00:00+0200,2026-10-06
A,NR,T,Y30-34,V01-Y89,TOT_RESID,MT,2017,6,,hlth_cd_aro,2026-09-24T23:00:00+0200,2026-10-06
A,NR,T,Y30-34,V01-Y89,TOT_RESID,MT,2018,7,,hlth_cd_aro,2026-09-24T23:00:00+0200,2026-10-06
A,NR,T,Y30-34,V01-Y89,TOT_RESID,MT,2019,6,,hlth_cd_aro,2026-09-24T23:00:00+0200,2026-10-06
A,NR,T,Y30-34,V01-Y89,TOT_RESID,MT,2020,11,,hlth_cd_aro,2026-09-24T23:00:00+0200,2026-10-06
A,NR,T,Y30-34,V01-Y89,TOT_RESID,MT,2021,6,,hlth_cd_aro,2026-09-24T23:00:00+0200,2026-10-06
A,NR,T,Y30-34,V01-Y89,TOT_RESID,MT,2022,4,,hlth_cd_aro,2026-09-24T23:00:00+0200,2026-10-06
A,NR,T,Y30-34,V01-Y89,TOT_RESID,MT,2023,4,,hlth_cd_aro,2026-09-24T23:00:00+0200,2026-10-06
A,NR,T,Y30-44,TOTAL,TOT_RESID,MT,2011,63,,hlth_cd_aro,2026-09-24T23:00:00+0200,2026-10-06
A,NR,T,Y30-44,TOTAL,TOT_RESID,MT,2012,81,,hlth_cd_aro,2026-09-24T23:00:00+0200,2026-10-06
A,NR,T,Y30-44,TOTAL,TOT_RESID,MT,2013,49,,hlth_cd_aro,2026-09-24T23:00:00+0200,2026-10-06
A,NR,T,Y30-44,TOTAL,TOT_RESID,MT,2014,73,,hlth_cd_aro,2026-09-24T23:00:00+0200,2026-10-06
A,NR,T,Y30-44,TOTAL,TOT_RESID,MT,2015,55,,hlth_cd_aro,2026-09-24T23:00:00+0200,2026-10-06
A,NR,T,Y30-44,TOTAL,TOT_RESID,MT,2016,68,,hlth_cd_aro,2026-09-24T23:00:00+0200,2026-10-06
A,NR,T,Y30-44,TOTAL,TOT_RESID,MT,2017,68,,hlth_cd_aro,2026-09-24T23:00:00+0200,2026-10-06
A,NR,T,Y30-44,TOTAL,TOT_RESID,MT,2018,0,,hlth_cd_aro,2026-09-24T23:00:00+0200,2026-10-06
A,NR,T,Y30-44,TOTAL,TOT_RESID,MT,2019,68,,hlth_cd_aro,2026-09-24T23:00:00+0200,2026-10-06
A,NR,T,Y30-44,TOTAL,TOT_RESID,MT,2020,83,,hlth_cd_aro,2026-09-24T23:00:00+0200,2026-10-06
A,NR,T,Y30-44,TOTAL,TOT_RESID,MT,2021,83,,hlth_cd_aro,2026-09-24T23:00:00+0200,2026-10-06
A,NR,T,Y30-44,TOTAL,TOT_RESID,MT,2022,70,,hlth_cd_aro,2026-09-24T23:00:00+0200,2026-10-06
A,NR,T,Y30-44,TOTAL,TOT_RESID,MT,2023,77,,hlth_cd_aro,2026-09-24T23:00:00+0200,2026-10-06
A,NR,T,Y30-44,V01-Y89,TOT_RESID,MT,2011,20,,hlth_cd_aro,2026-09-24T23:00:00+0200,2026-10-06
A,NR,T,Y30-44,V01-Y89,TOT_RESID,MT,2012,31,,hlth_cd_aro,2026-09-24T23:00:00+0200,2026-10-06
A,NR,T,Y30-44,V01-Y89,TOT_RESID,MT,2013,7,,hlth_cd_aro,2026-09-24T23:00:00+0200,2026-10-06
A,NR,T,Y30-44,V01-Y89,TOT_RESID,MT,2014,20,,hlth_cd_aro,2026-09-24T23:00:00+0200,2026-10-06
A,NR,T,Y30-44,V01-Y89,TOT_RESID,MT,2015,18,,hlth_cd_aro,2026-09-24T23:00:00+0200,2026-10-06
A,NR,T,Y30-44,V01-Y89,TOT_RESID,MT,2016,29,,hlth_cd_aro,2026-09-24T23:00:00+0200,2026-10-06
A,NR,T,Y30-44,V01-Y89,TOT_RESID,MT,2017,18,,hlth_cd_aro,2026-09-24T23:00:00+0200,2026-10-06
A,NR,T,Y30-44,V01-Y89,TOT_RESID,MT,2018,0,,hlth_cd_aro,2026-09-24T23:00:00+0200,2026-10-06
A,NR,T,Y30-44,V01-Y89,TOT_RESID,MT,2019,23,,hlth_cd_aro,2026-09-24T23:00:00+0200,2026-10-06
A,NR,T,Y30-44,V01-Y89,TOT_RESID,MT,2020,26,,hlth_cd_aro,2026-09-24T23:00:00+0200,2026-10-06
A,NR,T,Y30-44,V01-Y89,TOT_RESID,MT,2021,23,,hlth_cd_aro,2026-09-24T23:00:00+0200,2026-10-06
A,NR,T,Y30-44,V01-Y89,TOT_RESID,MT,2022,30,,hlth_cd_aro,2026-09-24T23:00:00+0200,2026-10-06
A,NR,T,Y30-44,V01-Y89,TOT_RESID,MT,2023,25,,hlth_cd_aro,2026-09-24T23:00:00+0200,2026-10-06
A,NR,T,Y35-39,TOTAL,TOT_RESID,MT,2011,22,,hlth_cd_aro,2026-09-24T23:00:00+0200,2026-10-06
A,NR,T,Y35-39,TOTAL,TOT_RESID,MT,2012,22,,hlth_cd_aro,2026-09-24T23:00:00+0200,2026-10-06
A,NR,T,Y35-39,TOTAL,TOT_RESID,MT,2013,17,,hlth_cd_aro,2026-09-24T23:00:00+0200,2026-10-06
A,NR,T,Y35-39,TOTAL,TOT_RESID,MT,2014,18,,hlth_cd_aro,2026-09-24T23:00:00+0200,2026-10-06
A,NR,T,Y35-39,TOTAL,TOT_RESID,MT,2015,21,,hlth_cd_aro,2026-09-24T23:00:00+0200,2026-10-06
A,NR,T,Y35-39,TOTAL,TOT_RESID,MT,2016,35,,hlth_cd_aro,2026-09-24T23:00:00+0200,2026-10-06
A,NR,T,Y35-39,TOTAL,TOT_RESID,MT,2017,22,,hlth_cd_aro,2026-09-24T23:00:00+0200,2026-10-06
A,NR,T,Y35-39,TOTAL,TOT_RESID,MT,2018,28,,hlth_cd_aro,2026-09-24T23:00:00+0200,2026-10-06
A,NR,T,Y35-39,TOTAL,TOT_RESID,MT,2019,12,,hlth_cd_aro,2026-09-24T23:00:00+0200,2026-10-06
A,NR,T,Y35-39,TOTAL,TOT_RESID,MT,2020,26,,hlth_cd_aro,2026-09-24T23:00:00+0200,2026-10-06
A,NR,T,Y35-39,TOTAL,TOT_RESID,MT,2021,22,,hlth_cd_aro,2026-09-24T23:00:00+0200,2026-10-06
A,NR,T,Y35-39,TOTAL,TOT_RESID,MT,2022,26,,hlth_cd_aro,2026-09-24T23:00:00+0200,2026-10-06
A,NR,T,Y35-39,TOTAL,TOT_RESID,MT,2023,16,,hlth_cd_aro,2026-09-24T23:00:00+0200,2026-10-06
A,NR,T,Y35-39,V01-Y89,TOT_RESID,MT,2011,9,,hlth_cd_aro,2026-09-24T23:00:00+0200,2026-10-06
A,NR,T,Y35-39,V01-Y89,TOT_RESID,MT,2012,7,,hlth_cd_aro,2026-09-24T23:00:00+0200,2026-10-06
A,NR,T,Y35-39,V01-Y89,TOT_RESID,MT,2013,3,,hlth_cd_aro,2026-09-24T23:00:00+0200,2026-10-06
A,NR,T,Y35-39,V01-Y89,TOT_RESID,MT,2014,4,,hlth_cd_aro,2026-09-24T23:00:00+0200,2026-10-06
A,NR,T,Y35-39,V01-Y89,TOT_RESID,MT,2015,6,,hlth_cd_aro,2026-09-24T23:00:00+0200,2026-10-06
A,NR,T,Y35-39,V01-Y89,TOT_RESID,MT,2016,15,,hlth_cd_aro,2026-09-24T23:00:00+0200,2026-10-06
A,NR,T,Y35-39,V01-Y89,TOT_RESID,MT,2017,5,,hlth_cd_aro,2026-09-24T23:00:00+0200,2026-10-06
A,NR,T,Y35-39,V01-Y89,TOT_RESID,MT,2018,7,,hlth_cd_aro,2026-09-24T23:00:00+0200,2026-10-06
A,NR,T,Y35-39,V01-Y89,TOT_RESID,MT,2019,7,,hlth_cd_aro,2026-09-24T23:00:00+0200,2026-10-06
A,NR,T,Y35-39,V01-Y89,TOT_RESID,MT,2020,11,,hlth_cd_aro,2026-09-24T23:00:00+0200,2026-10-06
A,NR,T,Y35-39,V01-Y89,TOT_RESID,MT,2021,6,,hlth_cd_aro,2026-09-24T23:00:00+0200,2026-10-06
A,NR,T,Y35-39,V01-Y89,TOT_RESID,MT,2022,10,,hlth_cd_aro,2026-09-24T23:00:00+0200,2026-10-06
A,NR,T,Y35-39,V01-Y89,TOT_RESID,MT,2023,9,,hlth_cd_aro,2026-09-24T23:00:00+0200,2026-10-06
A,NR,T,Y40-44,TOTAL,TOT_RESID,MT,2011,25,,hlth_cd_aro,2026-09-24T23:00:00+0200,2026-10-06
A,NR,T,Y40-44,TOTAL,TOT_RESID,MT,2012,33,,hlth_cd_aro,2026-09-24T23:00:00+0200,2026-10-06
A,NR,T,Y40-44,TOTAL,TOT_RESID,MT,2013,22,,hlth_cd_aro,2026-09-24T23:00:00+0200,2026-10-06
A,NR,T,Y40-44,TOTAL,TOT_RESID,MT,2014,34,,hlth_cd_aro,2026-09-24T23:00:00+0200,2026-10-06
A,NR,T,Y40-44,TOTAL,TOT_RESID,MT,2015,18,,hlth_cd_aro,2026-09-24T23:00:00+0200,2026-10-06
A,NR,T,Y40-44,TOTAL,TOT_RESID,MT,2016,22,,hlth_cd_aro,2026-09-24T23:00:00+0200,2026-10-06
A,NR,T,Y40-44,TOTAL,TOT_RESID,MT,2017,28,,hlth_cd_aro,2026-09-24T23:00:00+0200,2026-10-06
A,NR,T,Y40-44,TOTAL,TOT_RESID,MT,2018,33,,hlth_cd_aro,2026-09-24T23:00:00+0200,2026-10-06
A,NR,T,Y40-44,TOTAL,TOT_RESID,MT,2019,33,,hlth_cd_aro,2026-09-24T23:00:00+0200,2026-10-06
A,NR,T,Y40-44,TOTAL,TOT_RESID,MT,2020,38,,hlth_cd_aro,2026-09-24T23:00:00+0200,2026-10-06
A,NR,T,Y40-44,TOTAL,TOT_RESID,MT,2021,44,,hlth_cd_aro,2026-09-24T23:00:00+0200,2026-10-06
A,NR,T,Y40-44,TOTAL,TOT_RESID,MT,2022,36,,hlth_cd_aro,2026-09-24T23:00:00+0200,2026-10-06
A,NR,T,Y40-44,TOTAL,TOT_RESID,MT,2023,40,,hlth_cd_aro,2026-09-24T23:00:00+0200,2026-10-06
A,NR,T,Y40-44,V01-Y89,TOT_RESID,MT,2011,3,,hlth_cd_aro,2026-09-24T23:00:00+0200,2026-10-06
A,NR,T,Y40-44,V01-Y89,TOT_RESID,MT,2012,12,,hlth_cd_aro,2026-09-24T23:00:00+0200,2026-10-06
A,NR,T,Y40-44,V01-Y89,TOT_RESID,MT,2013,2,,hlth_cd_aro,2026-09-24T23:00:00+0200,2026-10-06
A,NR,T,Y40-44,V01-Y89,TOT_RESID,MT,2014,8,,hlth_cd_aro,2026-09-24T23:00:00+0200,2026-10-06
A,NR,T,Y40-44,V01-Y89,TOT_RESID,MT,2015,5,,hlth_cd_aro,2026-09-24T23:00:00+0200,2026-10-06
A,NR,T,Y40-44,V01-Y89,TOT_RESID,MT,2016,7,,hlth_cd_aro,2026-09-24T23:00:00+0200,2026-10-06
A,NR,T,Y40-44,V01-Y89,TOT_RESID,MT,2017,7,,hlth_cd_aro,2026-09-24T23:00:00+0200,2026-10-06
A,NR,T,Y40-44,V01-Y89,TOT_RESID,MT,2018,7,,hlth_cd_aro,2026-09-24T23:00:00+0200,2026-10-06
A,NR,T,Y40-44,V01-Y89,TOT_RESID,MT,2019,10,,hlth_cd_aro,2026-09-24T23:00:00+0200,2026-10-06
A,NR,T,Y40-44,V01-Y89,TOT_RESID,MT,2020,4,,hlth_cd_aro,2026-09-24T23:00:00+0200,2026-10-06
A,NR,T,Y40-44,V01-Y89,TOT_RESID,MT,2021,11,,hlth_cd_aro,2026-09-24T23:00:00+0200,2026-10-06
A,NR,T,Y40-44,V01-Y89,TOT_RESID,MT,2022,16,,hlth_cd_aro,2026-09-24T23:00:00+0200,2026-10-06
A,NR,T,Y40-44,V01-Y89,TOT_RESID,MT,2023,12,,hlth_cd_aro,2026-09-24T23:00:00+0200,2026-10-06
A,NR,T,Y45-49,TOTAL,TOT_RESID,MT,2011,44,,hlth_cd_aro,2026-09-24T23:00:00+0200,2026-10-06
A,NR,T,Y45-49,TOTAL,TOT_RESID,MT,2012,43,,hlth_cd_aro,2026-09-24T23:00:00+0200,2026-10-06
A,NR,T,Y45-49,TOTAL,TOT_RESID,MT,2013,42,,hlth_cd_aro,2026-09-24T23:00:00+0200,2026-10-06
A,NR,T,Y45-49,TOTAL,TOT_RESID,MT,2014,35,,hlth_cd_aro,2026-09-24T23:00:00+0200,2026-10-06
A,NR,T,Y45-49,TOTAL,TOT_RESID,MT,2015,35,,hlth_cd_aro,2026-09-24T23:00:00+0200,2026-10-06
A,NR,T,Y45-49,TOTAL,TOT_RESID,MT,2016,46,,hlth_cd_aro,2026-09-24T23:00:00+0200,2026-10-06
A,NR,T,Y45-49,TOTAL,TOT_RESID,MT,2017,38,,hlth_cd_aro,2026-09-24T23:00:00+0200,2026-10-06
A,NR,T,Y45-49,TOTAL,TOT_RESID,MT,2018,37,,hlth_cd_aro,2026-09-24T23:00:00+0200,2026-10-06
A,NR,T,Y45-49,TOTAL,TOT_RESID,MT,2019,52,,hlth_cd_aro,2026-09-24T23:00:00+0200,2026-10-06
A,NR,T,Y45-49,TOTAL,TOT_RESID,MT,2020,60,,hlth_cd_aro,2026-09-24T23:00:00+0200,2026-10-06
A,NR,T,Y45-49,TOTAL,TOT_RESID,MT,2021,55,,hlth_cd_aro,2026-09-24T23:00:00+0200,2026-10-06
A,NR,T,Y45-49,TOTAL,TOT_RESID,MT,2022,55,,hlth_cd_aro,2026-09-24T23:00:00+0200,2026-10-06
A,NR,T,Y45-49,TOTAL,TOT_RESID,MT,2023,44,,hlth_cd_aro,2026-09-24T23:00:00+0200,2026-10-06
A,NR,T,Y45-49,V01-Y89,TOT_RESID,MT,2011,2,,hlth_cd_aro,2026-09-24T23:00:00+0200,2026-10-06
A,NR,T,Y45-49,V01-Y89,TOT_RESID,MT,2012,8,,hlth_cd_aro,2026-09-24T23:00:00+0200,2026-10-06
A,NR,T,Y45-49,V01-Y89,TOT_RESID,MT,2013,6,,hlth_cd_aro,2026-09-24T23:00:00+0200,2026-10-06
A,NR,T,Y45-49,V01-Y89,TOT_RESID,MT,2014,7,,hlth_cd_aro,2026-09-24T23:00:00+0200,2026-10-06
A,NR,T,Y45-49,V01-Y89,TOT_RESID,MT,2015,7,,hlth_cd_aro,2026-09-24T23:00:00+0200,2026-10-06
A,NR,T,Y45-49,V01-Y89,TOT_RESID,MT,2016,9,,hlth_cd_aro,2026-09-24T23:00:00+0200,2026-10-06
A,NR,T,Y45-49,V01-Y89,TOT_RESID,MT,2017,5,,hlth_cd_aro,2026-09-24T23:00:00+0200,2026-10-06
A,NR,T,Y45-49,V01-Y89,TOT_RESID,MT,2018,1,,hlth_cd_aro,2026-09-24T23:00:00+0200,2026-10-06
A,NR,T,Y45-49,V01-Y89,TOT_RESID,MT,2019,4,,hlth_cd_aro,2026-09-24T23:00:00+0200,2026-10-06
A,NR,T,Y45-49,V01-Y89,TOT_RESID,MT,2020,7,,hlth_cd_aro,2026-09-24T23:00:00+0200,2026-10-06
A,NR,T,Y45-49,V01-Y89,TOT_RESID,MT,2021,9,,hlth_cd_aro,2026-09-24T23:00:00+0200,2026-10-06
A,NR,T,Y45-49,V01-Y89,TOT_RESID,MT,2022,8,,hlth_cd_aro,2026-09-24T23:00:00+0200,2026-10-06
A,NR,T,Y45-49,V01-Y89,TOT_RESID,MT,2023,7,,hlth_cd_aro,2026-09-24T23:00:00+0200,2026-10-06
A,NR,T,Y45-64,TOTAL,TOT_RESID,MT,2011,469,,hlth_cd_aro,2026-09-24T23:00:00+0200,2026-10-06
A,NR,T,Y45-64,TOTAL,TOT_RESID,MT,2012,502,,hlth_cd_aro,2026-09-24T23:00:00+0200,2026-10-06
A,NR,T,Y45-64,TOTAL,TOT_RESID,MT,2013,434,,hlth_cd_aro,2026-09-24T23:00:00+0200,2026-10-06
A,NR,T,Y45-64,TOTAL,TOT_RESID,MT,2014,428,,hlth_cd_aro,2026-09-24T23:00:00+0200,2026-10-06
A,NR,T,Y45-64,TOTAL,TOT_RESID,MT,2015,450,,hlth_cd_aro,2026-09-24T23:00:00+0200,2026-10-06
A,NR,T,Y45-64,TOTAL,TOT_RESID,MT,2016,443,,hlth_cd_aro,2026-09-24T23:00:00+0200,2026-10-06
A,NR,T,Y45-64,TOTAL,TOT_RESID,MT,2017,441,,hlth_cd_aro,2026-09-24T23:00:00+0200,2026-10-06
A,NR,T,Y45-64,TOTAL,TOT_RESID,MT,2018,0,,hlth_cd_aro,2026-09-24T23:00:00+0200,2026-10-06
A,NR,T,Y45-64,TOTAL,TOT_RESID,MT,2019,399,,hlth_cd_aro,2026-09-24T23:00:00+0200,2026-10-06
A,NR,T,Y45-64,TOTAL,TOT_RESID,MT,2020,472,,hlth_cd_aro,2026-09-24T23:00:00+0200,2026-10-06
A,NR,T,Y45-64,TOTAL,TOT_RESID,MT,2021,478,,hlth_cd_aro,2026-09-24T23:00:00+0200,2026-10-06
A,NR,T,Y45-64,TOTAL,TOT_RESID,MT,2022,469,,hlth_cd_aro,2026-09-24T23:00:00+0200,2026-10-06
A,NR,T,Y45-64,TOTAL,TOT_RESID,MT,2023,394,,hlth_cd_aro,2026-09-24T23:00:00+0200,2026-10-06
A,NR,T,Y45-64,V01-Y89,TOT_RESID,MT,2011,21,,hlth_cd_aro,2026-09-24T23:00:00+0200,2026-10-06
A,NR,T,Y45-64,V01-Y89,TOT_RESID,MT,2012,28,,hlth_cd_aro,2026-09-24T23:00:00+0200,2026-10-06
A,NR,T,Y45-64,V01-Y89,TOT_RESID,MT,2013,30,,hlth_cd_aro,2026-09-24T23:00:00+0200,2026-10-06
A,NR,T,Y45-64,V01-Y89,TOT_RESID,MT,2014,21,,hlth_cd_aro,2026-09-24T23:00:00+0200,2026-10-06
A,NR,T,Y45-64,V01-Y89,TOT_RESID,MT,2015,33,,hlth_cd_aro,2026-09-24T23:00:00+0200,2026-10-06
A,NR,T,Y45-64,V01-Y89,TOT_RESID,MT,2016,22,,hlth_cd_aro,2026-09-24T23:00:00+0200,2026-10-06
A,NR,T,Y45-64,V01-Y89,TOT_RESID,MT,2017,29,,hlth_cd_aro,2026-09-24T23:00:00+0200,2026-10-06
A,NR,T,Y45-64,V01-Y89,TOT_RESID,MT,2018,0,,hlth_cd_aro,2026-09-24T23:00:00+0200,2026-10-06
A,NR,T,Y45-64,V01-Y89,TOT_RESID,MT,2019,13,,hlth_cd_aro,2026-09-24T23:00:00+0200,2026-10-06
A,NR,T,Y45-64,V01-Y89,TOT_RESID,MT,2020,28,,hlth_cd_aro,2026-09-24T23:00:00+0200,2026-10-06
A,NR,T,Y45-64,V01-Y89,TOT_RESID,MT,2021,33,,hlth_cd_aro,2026-09-24T23:00:00+0200,2026-10-06
A,NR,T,Y45-64,V01-Y89,TOT_RESID,MT,2022,40,,hlth_cd_aro,2026-09-24T23:00:00+0200,2026-10-06
A,NR,T,Y45-64,V01-Y89,TOT_RESID,MT,2023,32,,hlth_cd_aro,2026-09-24T23:00:00+0200,2026-10-06
A,NR,T,Y50-54,TOTAL,TOT_RESID,MT,2011,83,,hlth_cd_aro,2026-09-24T23:00:00+0200,2026-10-06
A,NR,T,Y50-54,TOTAL,TOT_RESID,MT,2012,91,,hlth_cd_aro,2026-09-24T23:00:00+0200,2026-10-06
A,NR,T,Y50-54,TOTAL,TOT_RESID,MT,2013,70,,hlth_cd_aro,2026-09-24T23:00:00+0200,2026-10-06
A,NR,T,Y50-54,TOTAL,TOT_RESID,MT,2014,64,,hlth_cd_aro,2026-09-24T23:00:00+0200,2026-10-06
A,NR,T,Y50-54,TOTAL,TOT_RESID,MT,2015,71,,hlth_cd_aro,2026-09-24T23:00:00+0200,2026-10-06
A,NR,T,Y50-54,TOTAL,TOT_RESID,MT,2016,88,,hlth_cd_aro,2026-09-24T23:00:00+0200,2026-10-06
A,NR,T,Y50-54,TOTAL,TOT_RESID,MT,2017,74,,hlth_cd_aro,2026-09-24T23:00:00+0200,2026-10-06
A,NR,T,Y50-54,TOTAL,TOT_RESID,MT,2018,81,,hlth_cd_aro,2026-09-24T23:00:00+0200,2026-10-06
A,NR,T,Y50-54,TOTAL,TOT_RESID,MT,2019,54,,hlth_cd_aro,2026-09-24T23:00:00+0200,2026-10-06
A,NR,T,Y50-54,TOTAL,TOT_RESID,MT,2020,63,,hlth_cd_aro,2026-09-24T23:00:00+0200,2026-10-06
A,NR,T,Y50-54,TOTAL,TOT_RESID,MT,2021,70,,hlth_cd_aro,2026-09-24T23:00:00+0200,2026-10-06
A,NR,T,Y50-54,TOTAL,TOT_RESID,MT,2022,83,,hlth_cd_aro,2026-09-24T23:00:00+0200,2026-10-06
A,NR,T,Y50-54,TOTAL,TOT_RESID,MT,2023,67,,hlth_cd_aro,2026-09-24T23:00:00+0200,2026-10-06
A,NR,T,Y50-54,V01-Y89,TOT_RESID,MT,2011,8,,hlth_cd_aro,2026-09-24T23:00:00+0200,2026-10-06
A,NR,T,Y50-54,V01-Y89,TOT_RESID,MT,2012,1,,hlth_cd_aro,2026-09-24T23:00:00+0200,2026-10-06
A,NR,T,Y50-54,V01-Y89,TOT_RESID,MT,2013,12,,hlth_cd_aro,2026-09-24T23:00:00+0200,2026-10-06
A,NR,T,Y50-54,V01-Y89,TOT_RESID,MT,2014,7,,hlth_cd_aro,2026-09-24T23:00:00+0200,2026-10-06
A,NR,T,Y50-54,V01-Y89,TOT_RESID,MT,2015,8,,hlth_cd_aro,2026-09-24T23:00:00+0200,2026-10-06
A,NR,T,Y50-54,V01-Y89,TOT_RESID,MT,2016,7,,hlth_cd_aro,2026-09-24T23:00:00+0200,2026-10-06
A,NR,T,Y50-54,V01-Y89,TOT_RESID,MT,2017,5,,hlth_cd_aro,2026-09-24T23:00:00+0200,2026-10-06
A,NR,T,Y50-54,V01-Y89,TOT_RESID,MT,2018,10,,hlth_cd_aro,2026-09-24T23:00:00+0200,2026-10-06
A,NR,T,Y50-54,V01-Y89,TOT_RESID,MT,2019,2,,hlth_cd_aro,2026-09-24T23:00:00+0200,2026-10-06
A,NR,T,Y50-54,V01-Y89,TOT_RESID,MT,2020,6,,hlth_cd_aro,2026-09-24T23:00:00+0200,2026-10-06
A,NR,T,Y50-54,V01-Y89,TOT_RESID,MT,2021,9,,hlth_cd_aro,2026-09-24T23:00:00+0200,2026-10-06
A,NR,T,Y50-54,V01-Y89,TOT_RESID,MT,2022,8,,hlth_cd_aro,2026-09-24T23:00:00+0200,2026-10-06
A,NR,T,Y50-54,V01-Y89,TOT_RESID,MT,2023,9,,hlth_cd_aro,2026-09-24T23:00:00+0200,2026-10-06
A,NR,T,Y55-59,TOTAL,TOT_RESID,MT,2011,117,,hlth_cd_aro,2026-09-24T23:00:00+0200,2026-10-06
A,NR,T,Y55-59,TOTAL,TOT_RESID,MT,2012,130,,hlth_cd_aro,2026-09-24T23:00:00+0200,2026-10-06
A,NR,T,Y55-59,TOTAL,TOT_RESID,MT,2013,117,,hlth_cd_aro,2026-09-24T23:00:00+0200,2026-10-06
A,NR,T,Y55-59,TOTAL,TOT_RESID,MT,2014,136,,hlth_cd_aro,2026-09-24T23:00:00+0200,2026-10-06
A,NR,T,Y55-59,TOTAL,TOT_RESID,MT,2015,140,,hlth_cd_aro,2026-09-24T23:00:00+0200,2026-10-06
A,NR,T,Y55-59,TOTAL,TOT_RESID,MT,2016,132,,hlth_cd_aro,2026-09-24T23:00:00+0200,2026-10-06
A,NR,T,Y55-59,TOTAL,TOT_RESID,MT,2017,129,,hlth_cd_aro,2026-09-24T23:00:00+0200,2026-10-06
A,NR,T,Y55-59,TOTAL,TOT_RESID,MT,2018,129,,hlth_cd_aro,2026-09-24T23:00:00+0200,2026-10-06
A,NR,T,Y55-59,TOTAL,TOT_RESID,MT,2019,118,,hlth_cd_aro,2026-09-24T23:00:00+0200,2026-10-06
A,NR,T,Y55-59,TOTAL,TOT_RESID,MT,2020,140,,hlth_cd_aro,2026-09-24T23:00:00+0200,2026-10-06
A,NR,T,Y55-59,TOTAL,TOT_RESID,MT,2021,127,,hlth_cd_aro,2026-09-24T23:00:00+0200,2026-10-06
A,NR,T,Y55-59,TOTAL,TOT_RESID,MT,2022,124,,hlth_cd_aro,2026-09-24T23:00:00+0200,2026-10-06
A,NR,T,Y55-59,TOTAL,TOT_RESID,MT,2023,114,,hlth_cd_aro,2026-09-24T23:00:00+0200,2026-10-06
A,NR,T,Y55-59,V01-Y89,TOT_RESID,MT,2011,2,,hlth_cd_aro,2026-09-24T23:00:00+0200,2026-10-06
A,NR,T,Y55-59,V01-Y89,TOT_RESID,MT,2012,10,,hlth_cd_aro,2026-09-24T23:00:00+0200,2026-10-06
A,NR,T,Y55-59,V01-Y89,TOT_RESID,MT,2013,6,,hlth_cd_aro,2026-09-24T23:00:00+0200,2026-10-06
A,NR,T,Y55-59,V01-Y89,TOT_RESID,MT,2014,6,,hlth_cd_aro,2026-09-24T23:00:00+0200,2026-10-06
A,NR,T,Y55-59,V01-Y89,TOT_RESID,MT,2015,11,,hlth_cd_aro,2026-09-24T23:00:00+0200,2026-10-06
A,NR,T,Y55-59,V01-Y89,TOT_RESID,MT,2016,3,,hlth_cd_aro,2026-09-24T23:00:00+0200,2026-10-06
A,NR,T,Y55-59,V01-Y89,TOT_RESID,MT,2017,6,,hlth_cd_aro,2026-09-24T23:00:00+0200,2026-10-06
A,NR,T,Y55-59,V01-Y89,TOT_RESID,MT,2018,3,,hlth_cd_aro,2026-09-24T23:00:00+0200,2026-10-06
A,NR,T,Y55-59,V01-Y89,TOT_RESID,MT,2019,3,,hlth_cd_aro,2026-09-24T23:00:00+0200,2026-10-06
A,NR,T,Y55-59,V01-Y89,TOT_RESID,MT,2020,11,,hlth_cd_aro,2026-09-24T23:00:00+0200,2026-10-06
A,NR,T,Y55-59,V01-Y89,TOT_RESID,MT,2021,9,,hlth_cd_aro,2026-09-24T23:00:00+0200,2026-10-06
A,NR,T,Y55-59,V01-Y89,TOT_RESID,MT,2022,12,,hlth_cd_aro,2026-09-24T23:00:00+0200,2026-10-06
A,NR,T,Y55-59,V01-Y89,TOT_RESID,MT,2023,7,,hlth_cd_aro,2026-09-24T23:00:00+0200,2026-10-06
A,NR,T,Y60-64,TOTAL,TOT_RESID,MT,2011,225,,hlth_cd_aro,2026-09-24T23:00:00+0200,2026-10-06
A,NR,T,Y60-64,TOTAL,TOT_RESID,MT,2012,238,,hlth_cd_aro,2026-09-24T23:00:00+0200,2026-10-06
A,NR,T,Y60-64,TOTAL,TOT_RESID,MT,2013,205,,hlth_cd_aro,2026-09-24T23:00:00+0200,2026-10-06
A,NR,T,Y60-64,TOTAL,TOT_RESID,MT,2014,193,,hlth_cd_aro,2026-09-24T23:00:00+0200,2026-10-06
A,NR,T,Y60-64,TOTAL,TOT_RESID,MT,2015,204,,hlth_cd_aro,2026-09-24T23:00:00+0200,2026-10-06
A,NR,T,Y60-64,TOTAL,TOT_RESID,MT,2016,177,,hlth_cd_aro,2026-09-24T23:00:00+0200,2026-10-06
A,NR,T,Y60-64,TOTAL,TOT_RESID,MT,2017,200,,hlth_cd_aro,2026-09-24T23:00:00+0200,2026-10-06
A,NR,T,Y60-64,TOTAL,TOT_RESID,MT,2018,210,,hlth_cd_aro,2026-09-24T23:00:00+0200,2026-10-06
A,NR,T,Y60-64,TOTAL,TOT_RESID,MT,2019,177,,hlth_cd_aro,2026-09-24T23:00:00+0200,2026-10-06
A,NR,T,Y60-64,TOTAL,TOT_RESID,MT,2020,209,,hlth_cd_aro,2026-09-24T23:00:00+0200,2026-10-06
A,NR,T,Y60-64,TOTAL,TOT_RESID,MT,2021,226,,hlth_cd_aro,2026-09-24T23:00:00+0200,2026-10-06
A,NR,T,Y60-64,TOTAL,TOT_RESID,MT,2022,207,,hlth_cd_aro,2026-09-24T23:00:00+0200,2026-10-06
A,NR,T,Y60-64,TOTAL,TOT_RESID,MT,2023,169,,hlth_cd_aro,2026-09-24T23:00:00+0200,2026-10-06
A,NR,T,Y60-64,V01-Y89,TOT_RESID,MT,2011,9,,hlth_cd_aro,2026-09-24T23:00:00+0200,2026-10-06
A,NR,T,Y60-64,V01-Y89,TOT_RESID,MT,2012,9,,hlth_cd_aro,2026-09-24T23:00:00+0200,2026-10-06
A,NR,T,Y60-64,V01-Y89,TOT_RESID,MT,2013,6,,hlth_cd_aro,2026-09-24T23:00:00+0200,2026-10-06
A,NR,T,Y60-64,V01-Y89,TOT_RESID,MT,2014,1,,hlth_cd_aro,2026-09-24T23:00:00+0200,2026-10-06
A,NR,T,Y60-64,V01-Y89,TOT_RESID,MT,2015,7,,hlth_cd_aro,2026-09-24T23:00:00+0200,2026-10-06
A,NR,T,Y60-64,V01-Y89,TOT_RESID,MT,2016,3,,hlth_cd_aro,2026-09-24T23:00:00+0200,2026-10-06
A,NR,T,Y60-64,V01-Y89,TOT_RESID,MT,2017,13,,hlth_cd_aro,2026-09-24T23:00:00+0200,2026-10-06
A,NR,T,Y60-64,V01-Y89,TOT_RESID,MT,2018,8,,hlth_cd_aro,2026-09-24T23:00:00+0200,2026-10-06
A,NR,T,Y60-64,V01-Y89,TOT_RESID,MT,2019,4,,hlth_cd_aro,2026-09-24T23:00:00+0200,2026-10-06
A,NR,T,Y60-64,V01-Y89,TOT_RESID,MT,2020,4,,hlth_cd_aro,2026-09-24T23:00:00+0200,2026-10-06
A,NR,T,Y60-64,V01-Y89,TOT_RESID,MT,2021,6,,hlth_cd_aro,2026-09-24T23:00:00+0200,2026-10-06
A,NR,T,Y60-64,V01-Y89,TOT_RESID,MT,2022,12,,hlth_cd_aro,2026-09-24T23:00:00+0200,2026-10-06
A,NR,T,Y60-64,V01-Y89,TOT_RESID,MT,2023,9,,hlth_cd_aro,2026-09-24T23:00:00+0200,2026-10-06
A,NR,T,Y65-69,TOTAL,TOT_RESID,MT,2011,270,,hlth_cd_aro,2026-09-24T23:00:00+0200,2026-10-06
A,NR,T,Y65-69,TOTAL,TOT_RESID,MT,2012,283,,hlth_cd_aro,2026-09-24T23:00:00+0200,2026-10-06
A,NR,T,Y65-69,TOTAL,TOT_RESID,MT,2013,306,,hlth_cd_aro,2026-09-24T23:00:00+0200,2026-10-06
A,NR,T,Y65-69,TOTAL,TOT_RESID,MT,2014,317,,hlth_cd_aro,2026-09-24T23:00:00+0200,2026-10-06
A,NR,T,Y65-69,TOTAL,TOT_RESID,MT,2015,330,,hlth_cd_aro,2026-09-24T23:00:00+0200,2026-10-06
A,NR,T,Y65-69,TOTAL,TOT_RESID,MT,2016,306,,hlth_cd_aro,2026-09-24T23:00:00+0200,2026-10-06
A,NR,T,Y65-69,TOTAL,TOT_RESID,MT,2017,316,,hlth_cd_aro,2026-09-24T23:00:00+0200,2026-10-06
A,NR,T,Y65-69,TOTAL,TOT_RESID,MT,2018,300,,hlth_cd_aro,2026-09-24T23:00:00+0200,2026-10-06
A,NR,T,Y65-69,TOTAL,TOT_RESID,MT,2019,305,,hlth_cd_aro,2026-09-24T23:00:00+0200,2026-10-06
A,NR,T,Y65-69,TOTAL,TOT_RESID,MT,2020,284,,hlth_cd_aro,2026-09-24T23:00:00+0200,2026-10-06
A,NR,T,Y65-69,TOTAL,TOT_RESID,MT,2021,296,,hlth_cd_aro,2026-09-24T23:00:00+0200,2026-10-06
A,NR,T,Y65-69,TOTAL,TOT_RESID,MT,2022,304,,hlth_cd_aro,2026-09-24T23:00:00+0200,2026-10-06
A,NR,T,Y65-69,TOTAL,TOT_RESID,MT,2023,303,,hlth_cd_aro,2026-09-24T23:00:00+0200,2026-10-06
A,NR,T,Y65-69,V01-Y89,TOT_RESID,MT,2011,4,,hlth_cd_aro,2026-09-24T23:00:00+0200,2026-10-06
A,NR,T,Y65-69,V01-Y89,TOT_RESID,MT,2012,8,,hlth_cd_aro,2026-09-24T23:00:00+0200,2026-10-06
A,NR,T,Y65-69,V01-Y89,TOT_RESID,MT,2013,7,,hlth_cd_aro,2026-09-24T23:00:00+0200,2026-10-06
A,NR,T,Y65-69,V01-Y89,TOT_RESID,MT,2014,5,,hlth_cd_aro,2026-09-24T23:00:00+0200,2026-10-06
A,NR,T,Y65-69,V01-Y89,TOT_RESID,MT,2015,4,,hlth_cd_aro,2026-09-24T23:00:00+0200,2026-10-06
A,NR,T,Y65-69,V01-Y89,TOT_RESID,MT,2016,8,,hlth_cd_aro,2026-09-24T23:00:00+0200,2026-10-06
A,NR,T,Y65-69,V01-Y89,TOT_RESID,MT,2017,5,,hlth_cd_aro,2026-09-24T23:00:00+0200,2026-10-06
A,NR,T,Y65-69,V01-Y89,TOT_RESID,MT,2018,7,,hlth_cd_aro,2026-09-24T23:00:00+0200,2026-10-06
A,NR,T,Y65-69,V01-Y89,TOT_RESID,MT,2019,7,,hlth_cd_aro,2026-09-24T23:00:00+0200,2026-10-06
A,NR,T,Y65-69,V01-Y89,TOT_RESID,MT,2020,3,,hlth_cd_aro,2026-09-24T23:00:00+0200,2026-10-06
A,NR,T,Y65-69,V01-Y89,TOT_RESID,MT,2021,7,,hlth_cd_aro,2026-09-24T23:00:00+0200,2026-10-06
A,NR,T,Y65-69,V01-Y89,TOT_RESID,MT,2022,9,,hlth_cd_aro,2026-09-24T23:00:00+0200,2026-10-06
A,NR,T,Y65-69,V01-Y89,TOT_RESID,MT,2023,10,,hlth_cd_aro,2026-09-24T23:00:00+0200,2026-10-06
A,NR,T,Y65-74,TOTAL,TOT_RESID,MT,2011,597,,hlth_cd_aro,2026-09-24T23:00:00+0200,2026-10-06
A,NR,T,Y65-74,TOTAL,TOT_RESID,MT,2012,597,,hlth_cd_aro,2026-09-24T23:00:00+0200,2026-10-06
A,NR,T,Y65-74,TOTAL,TOT_RESID,MT,2013,594,,hlth_cd_aro,2026-09-24T23:00:00+0200,2026-10-06
A,NR,T,Y65-74,TOTAL,TOT_RESID,MT,2014,645,,hlth_cd_aro,2026-09-24T23:00:00+0200,2026-10-06
A,NR,T,Y65-74,TOTAL,TOT_RESID,MT,2015,635,,hlth_cd_aro,2026-09-24T23:00:00+0200,2026-10-06
A,NR,T,Y65-74,TOTAL,TOT_RESID,MT,2016,672,,hlth_cd_aro,2026-09-24T23:00:00+0200,2026-10-06
A,NR,T,Y65-74,TOTAL,TOT_RESID,MT,2017,723,,hlth_cd_aro,2026-09-24T23:00:00+0200,2026-10-06
A,NR,T,Y65-74,TOTAL,TOT_RESID,MT,2018,766,,hlth_cd_aro,2026-09-24T23:00:00+0200,2026-10-06
A,NR,T,Y65-74,TOTAL,TOT_RESID,MT,2019,776,,hlth_cd_aro,2026-09-24T23:00:00+0200,2026-10-06
A,NR,T,Y65-74,TOTAL,TOT_RESID,MT,2020,799,,hlth_cd_aro,2026-09-24T23:00:00+0200,2026-10-06
A,NR,T,Y65-74,TOTAL,TOT_RESID,MT,2021,818,,hlth_cd_aro,2026-09-24T23:00:00+0200,2026-10-06
A,NR,T,Y65-74,TOTAL,TOT_RESID,MT,2022,785,,hlth_cd_aro,2026-09-24T23:00:00+0200,2026-10-06
A,NR,T,Y65-74,TOTAL,TOT_RESID,MT,2023,717,,hlth_cd_aro,2026-09-24T23:00:00+0200,2026-10-06
A,NR,T,Y65-74,V01-Y89,TOT_RESID,MT,2011,10,,hlth_cd_aro,2026-09-24T23:00:00+0200,2026-10-06
A,NR,T,Y65-74,V01-Y89,TOT_RESID,MT,2012,15,,hlth_cd_aro,2026-09-24T23:00:00+0200,2026-10-06
A,NR,T,Y65-74,V01-Y89,TOT_RESID,MT,2013,15,,hlth_cd_aro,2026-09-24T23:00:00+0200,2026-10-06
A,NR,T,Y65-74,V01-Y89,TOT_RESID,MT,2014,12,,hlth_cd_aro,2026-09-24T23:00:00+0200,2026-10-06
A,NR,T,Y65-74,V01-Y89,TOT_RESID,MT,2015,11,,hlth_cd_aro,2026-09-24T23:00:00+0200,2026-10-06
A,NR,T,Y65-74,V01-Y89,TOT_RESID,MT,2016,12,,hlth_cd_aro,2026-09-24T23:00:00+0200,2026-10-06
A,NR,T,Y65-74,V01-Y89,TOT_RESID,MT,2017,18,,hlth_cd_aro,2026-09-24T23:00:00+0200,2026-10-06
A,NR,T,Y65-74,V01-Y89,TOT_RESID,MT,2018,13,,hlth_cd_aro,2026-09-24T23:00:00+0200,2026-10-06
A,NR,T,Y65-74,V01-Y89,TOT_RESID,MT,2019,15,,hlth_cd_aro,2026-09-24T23:00:00+0200,2026-10-06
A,NR,T,Y65-74,V01-Y89,TOT_RESID,MT,2020,13,,hlth_cd_aro,2026-09-24T23:00:00+0200,2026-10-06
A,NR,T,Y65-74,V01-Y89,TOT_RESID,MT,2021,15,,hlth_cd_aro,2026-09-24T23:00:00+0200,2026-10-06
A,NR,T,Y65-74,V01-Y89,TOT_RESID,MT,2022,17,,hlth_cd_aro,2026-09-24T23:00:00+0200,2026-10-06
A,NR,T,Y65-74,V01-Y89,TOT_RESID,MT,2023,24,,hlth_cd_aro,2026-09-24T23:00:00+0200,2026-10-06
A,NR,T,Y70-74,TOTAL,TOT_RESID,MT,2011,327,,hlth_cd_aro,2026-09-24T23:00:00+0200,2026-10-06
A,NR,T,Y70-74,TOTAL,TOT_RESID,MT,2012,314,,hlth_cd_aro,2026-09-24T23:00:00+0200,2026-10-06
A,NR,T,Y70-74,TOTAL,TOT_RESID,MT,2013,288,,hlth_cd_aro,2026-09-24T23:00:00+0200,2026-10-06
A,NR,T,Y70-74,TOTAL,TOT_RESID,MT,2014,328,,hlth_cd_aro,2026-09-24T23:00:00+0200,2026-10-06
A,NR,T,Y70-74,TOTAL,TOT_RESID,MT,2015,305,,hlth_cd_aro,2026-09-24T23:00:00+0200,2026-10-06
A,NR,T,Y70-74,TOTAL,TOT_RESID,MT,2016,366,,hlth_cd_aro,2026-09-24T23:00:00+0200,2026-10-06
A,NR,T,Y70-74,TOTAL,TOT_RESID,MT,2017,407,,hlth_cd_aro,2026-09-24T23:00:00+0200,2026-10-06
A,NR,T,Y70-74,TOTAL,TOT_RESID,MT,2018,466,,hlth_cd_aro,2026-09-24T23:00:00+0200,2026-10-06
A,NR,T,Y70-74,TOTAL,TOT_RESID,MT,2019,471,,hlth_cd_aro,2026-09-24T23:00:00+0200,2026-10-06
A,NR,T,Y70-74,TOTAL,TOT_RESID,MT,2020,515,,hlth_cd_aro,2026-09-24T23:00:00+0200,2026-10-06
A,NR,T,Y70-74,TOTAL,TOT_RESID,MT,2021,522,,hlth_cd_aro,2026-09-24T23:00:00+0200,2026-10-06
A,NR,T,Y70-74,TOTAL,TOT_RESID,MT,2022,481,,hlth_cd_aro,2026-09-24T23:00:00+0200,2026-10-06
A,NR,T,Y70-74,TOTAL,TOT_RESID,MT,2023,414,,hlth_cd_aro,2026-09-24T23:00:00+0200,2026-10-06
A,NR,T,Y70-74,V01-Y89,TOT_RESID,MT,2011,6,,hlth_cd_aro,2026-09-24T23:00:00+0200,2026-10-06
A,NR,T,Y70-74,V01-Y89,TOT_RESID,MT,2012,7,,hlth_cd_aro,2026-09-24T23:00:00+0200,2026-10-06
A,NR,T,Y70-74,V01-Y89,TOT_RESID,MT,2013,8,,hlth_cd_aro,2026-09-24T23:00:00+0200,2026-10-06
A,NR,T,Y70-74,V01-Y89,TOT_RESID,MT,2014,7,,hlth_cd_aro,2026-09-24T23:00:00+0200,2026-10-06
A,NR,T,Y70-74,V01-Y89,TOT_RESID,MT,2015,7,,hlth_cd_aro,2026-09-24T23:00:00+0200,2026-10-06
A,NR,T,Y70-74,V01-Y89,TOT_RESID,MT,2016,4,,hlth_cd_aro,2026-09-24T23:00:00+0200,2026-10-06
A,NR,T,Y70-74,V01-Y89,TOT_RESID,MT,2017,13,,hlth_cd_aro,2026-09-24T23:00:00+0200,2026-10-06
A,NR,T,Y70-74,V01-Y89,TOT_RESID,MT,2018,6,,hlth_cd_aro,2026-09-24T23:00:00+0200,2026-10-06
A,NR,T,Y70-74,V01-Y89,TOT_RESID,MT,2019,8,,hlth_cd_aro,2026-09-24T23:00:00+0200,2026-10-06
A,NR,T,Y70-74,V01-Y89,TOT_RESID,MT,2020,10,,hlth_cd_aro,2026-09-24T23:00:00+0200,2026-10-06
A,NR,T,Y70-74,V01-Y89,TOT_RESID,MT,2021,8,,hlth_cd_aro,2026-09-24T23:00:00+0200,2026-10-06
A,NR,T,Y70-74,V01-Y89,TOT_RESID,MT,2022,8,,hlth_cd_aro,2026-09-24T23:00:00+0200,2026-10-06
A,NR,T,Y70-74,V01-Y89,TOT_RESID,MT,2023,14,,hlth_cd_aro,2026-09-24T23:00:00+0200,2026-10-06
A,NR,T,Y75-79,TOTAL,TOT_RESID,MT,2011,490,,hlth_cd_aro,2026-09-24T23:00:00+0200,2026-10-06
A,NR,T,Y75-79,TOTAL,TOT_RESID,MT,2012,506,,hlth_cd_aro,2026-09-24T23:00:00+0200,2026-10-06
A,NR,T,Y75-79,TOTAL,TOT_RESID,MT,2013,487,,hlth_cd_aro,2026-09-24T23:00:00+0200,2026-10-06
A,NR,T,Y75-79,TOTAL,TOT_RESID,MT,2014,457,,hlth_cd_aro,2026-09-24T23:00:00+0200,2026-10-06
A,NR,T,Y75-79,TOTAL,TOT_RESID,MT,2015,464,,hlth_cd_aro,2026-09-24T23:00:00+0200,2026-10-06
A,NR,T,Y75-79,TOTAL,TOT_RESID,MT,2016,404,,hlth_cd_aro,2026-09-24T23:00:00+0200,2026-10-06
A,NR,T,Y75-79,TOTAL,TOT_RESID,MT,2017,418,,hlth_cd_aro,2026-09-24T23:00:00+0200,2026-10-06
A,NR,T,Y75-79,TOTAL,TOT_RESID,MT,2018,422,,hlth_cd_aro,2026-09-24T23:00:00+0200,2026-10-06
A,NR,T,Y75-79,TOTAL,TOT_RESID,MT,2019,436,,hlth_cd_aro,2026-09-24T23:00:00+0200,2026-10-06
A,NR,T,Y75-79,TOTAL,TOT_RESID,MT,2020,530,,hlth_cd_aro,2026-09-24T23:00:00+0200,2026-10-06
A,NR,T,Y75-79,TOTAL,TOT_RESID,MT,2021,594,,hlth_cd_aro,2026-09-24T23:00:00+0200,2026-10-06
A,NR,T,Y75-79,TOTAL,TOT_RESID,MT,2022,655,,hlth_cd_aro,2026-09-24T23:00:00+0200,2026-10-06
A,NR,T,Y75-79,TOTAL,TOT_RESID,MT,2023,653,,hlth_cd_aro,2026-09-24T23:00:00+0200,2026-10-06
A,NR,T,Y75-79,V01-Y89,TOT_RESID,MT,2011,7,,hlth_cd_aro,2026-09-24T23:00:00+0200,2026-10-06
A,NR,T,Y75-79,V01-Y89,TOT_RESID,MT,2012,3,,hlth_cd_aro,2026-09-24T23:00:00+0200,2026-10-06
A,NR,T,Y75-79,V01-Y89,TOT_RESID,MT,2013,6,,hlth_cd_aro,2026-09-24T23:00:00+0200,2026-10-06
A,NR,T,Y75-79,V01-Y89,TOT_RESID,MT,2014,9,,hlth_cd_aro,2026-09-24T23:00:00+0200,2026-10-06
A,NR,T,Y75-79,V01-Y89,TOT_RESID,MT,2015,7,,hlth_cd_aro,2026-09-24T23:00:00+0200,2026-10-06
A,NR,T,Y75-79,V01-Y89,TOT_RESID,MT,2016,11,,hlth_cd_aro,2026-09-24T23:00:00+0200,2026-10-06
A,NR,T,Y75-79,V01-Y89,TOT_RESID,MT,2017,10,,hlth_cd_aro,2026-09-24T23:00:00+0200,2026-10-06
A,NR,T,Y75-79,V01-Y89,TOT_RESID,MT,2018,6,,hlth_cd_aro,2026-09-24T23:00:00+0200,2026-10-06
A,NR,T,Y75-79,V01-Y89,TOT_RESID,MT,2019,10,,hlth_cd_aro,2026-09-24T23:00:00+0200,2026-10-06
A,NR,T,Y75-79,V01-Y89,TOT_RESID,MT,2020,12,,hlth_cd_aro,2026-09-24T23:00:00+0200,2026-10-06
A,NR,T,Y75-79,V01-Y89,TOT_RESID,MT,2021,10,,hlth_cd_aro,2026-09-24T23:00:00+0200,2026-10-06
A,NR,T,Y75-79,V01-Y89,TOT_RESID,MT,2022,17,,hlth_cd_aro,2026-09-24T23:00:00+0200,2026-10-06
A,NR,T,Y75-79,V01-Y89,TOT_RESID,MT,2023,21,,hlth_cd_aro,2026-09-24T23:00:00+0200,2026-10-06
A,NR,T,Y75-84,TOTAL,TOT_RESID,MT,2011,1092,,hlth_cd_aro,2026-09-24T23:00:00+0200,2026-10-06
A,NR,T,Y75-84,TOTAL,TOT_RESID,MT,2012,1114,,hlth_cd_aro,2026-09-24T23:00:00+0200,2026-10-06
A,NR,T,Y75-84,TOTAL,TOT_RESID,MT,2013,1074,,hlth_cd_aro,2026-09-24T23:00:00+0200,2026-10-06
A,NR,T,Y75-84,TOTAL,TOT_RESID,MT,2014,1024,,hlth_cd_aro,2026-09-24T23:00:00+0200,2026-10-06
A,NR,T,Y75-84,TOTAL,TOT_RESID,MT,2015,1069,,hlth_cd_aro,2026-09-24T23:00:00+0200,2026-10-06
A,NR,T,Y75-84,TOTAL,TOT_RESID,MT,2016,1004,,hlth_cd_aro,2026-09-24T23:00:00+0200,2026-10-06
A,NR,T,Y75-84,TOTAL,TOT_RESID,MT,2017,1031,,hlth_cd_aro,2026-09-24T23:00:00+0200,2026-10-06
A,NR,T,Y75-84,TOTAL,TOT_RESID,MT,2018,1078,,hlth_cd_aro,2026-09-24T23:00:00+0200,2026-10-06
A,NR,T,Y75-84,TOTAL,TOT_RESID,MT,2019,1129,,hlth_cd_aro,2026-09-24T23:00:00+0200,2026-10-06
A,NR,T,Y75-84,TOTAL,TOT_RESID,MT,2020,1252,,hlth_cd_aro,2026-09-24T23:00:00+0200,2026-10-06
A,NR,T,Y75-84,TOTAL,TOT_RESID,MT,2021,1301,,hlth_cd_aro,2026-09-24T23:00:00+0200,2026-10-06
A,NR,T,Y75-84,TOTAL,TOT_RESID,MT,2022,1297,,hlth_cd_aro,2026-09-24T23:00:00+0200,2026-10-06
A,NR,T,Y75-84,TOTAL,TOT_RESID,MT,2023,1265,,hlth_cd_aro,2026-09-24T23:00:00+0200,2026-10-06
A,NR,T,Y75-84,V01-Y89,TOT_RESID,MT,2011,14,,hlth_cd_aro,2026-09-24T23:00:00+0200,2026-10-06
A,NR,T,Y75-84,V01-Y89,TOT_RESID,MT,2012,10,,hlth_cd_aro,2026-09-24T23:00:00+0200,2026-10-06
A,NR,T,Y75-84,V01-Y89,TOT_RESID,MT,2013,16,,hlth_cd_aro,2026-09-24T23:00:00+0200,2026-10-06
A,NR,T,Y75-84,V01-Y89,TOT_RESID,MT,2014,19,,hlth_cd_aro,2026-09-24T23:00:00+0200,2026-10-06
A,NR,T,Y75-84,V01-Y89,TOT_RESID,MT,2015,16,,hlth_cd_aro,2026-09-24T23:00:00+0200,2026-10-06
A,NR,T,Y75-84,V01-Y89,TOT_RESID,MT,2016,23,,hlth_cd_aro,2026-09-24T23:00:00+0200,2026-10-06
A,NR,T,Y75-84,V01-Y89,TOT_RESID,MT,2017,20,,hlth_cd_aro,2026-09-24T23:00:00+0200,2026-10-06
A,NR,T,Y75-84,V01-Y89,TOT_RESID,MT,2018,21,,hlth_cd_aro,2026-09-24T23:00:00+0200,2026-10-06
A,NR,T,Y75-84,V01-Y89,TOT_RESID,MT,2019,21,,hlth_cd_aro,2026-09-24T23:00:00+0200,2026-10-06
A,NR,T,Y75-84,V01-Y89,TOT_RESID,MT,2020,21,,hlth_cd_aro,2026-09-24T23:00:00+0200,2026-10-06
A,NR,T,Y75-84,V01-Y89,TOT_RESID,MT,2021,27,,hlth_cd_aro,2026-09-24T23:00:00+0200,2026-10-06
A,NR,T,Y75-84,V01-Y89,TOT_RESID,MT,2022,34,,hlth_cd_aro,2026-09-24T23:00:00+0200,2026-10-06
A,NR,T,Y75-84,V01-Y89,TOT_RESID,MT,2023,38,,hlth_cd_aro,2026-09-24T23:00:00+0200,2026-10-06
A,NR,T,Y80-84,TOTAL,TOT_RESID,MT,2011,602,,hlth_cd_aro,2026-09-24T23:00:00+0200,2026-10-06
A,NR,T,Y80-84,TOTAL,TOT_RESID,MT,2012,608,,hlth_cd_aro,2026-09-24T23:00:00+0200,2026-10-06
A,NR,T,Y80-84,TOTAL,TOT_RESID,MT,2013,587,,hlth_cd_aro,2026-09-24T23:00:00+0200,2026-10-06
A,NR,T,Y80-84,TOTAL,TOT_RESID,MT,2014,567,,hlth_cd_aro,2026-09-24T23:00:00+0200,2026-10-06
A,NR,T,Y80-84,TOTAL,TOT_RESID,MT,2015,605,,hlth_cd_aro,2026-09-24T23:00:00+0200,2026-10-06
A,NR,T,Y80-84,TOTAL,TOT_RESID,MT,2016,600,,hlth_cd_aro,2026-09-24T23:00:00+0200,2026-10-06
A,NR,T,Y80-84,TOTAL,TOT_RESID,MT,2017,613,,hlth_cd_aro,2026-09-24T23:00:00+0200,2026-10-06
A,NR,T,Y80-84,TOTAL,TOT_RESID,MT,2018,656,,hlth_cd_aro,2026-09-24T23:00:00+0200,2026-10-06
A,NR,T,Y80-84,TOTAL,TOT_RESID,MT,2019,693,,hlth_cd_aro,2026-09-24T23:00:00+0200,2026-10-06
A,NR,T,Y80-84,TOTAL,TOT_RESID,MT,2020,722,,hlth_cd_aro,2026-09-24T23:00:00+0200,2026-10-06
A,NR,T,Y80-84,TOTAL,TOT_RESID,MT,2021,707,,hlth_cd_aro,2026-09-24T23:00:00+0200,2026-10-06
A,NR,T,Y80-84,TOTAL,TOT_RESID,MT,2022,642,,hlth_cd_aro,2026-09-24T23:00:00+0200,2026-10-06
A,NR,T,Y80-84,TOTAL,TOT_RESID,MT,2023,612,,hlth_cd_aro,2026-09-24T23:00:00+0200,2026-10-06
A,NR,T,Y80-84,V01-Y89,TOT_RESID,MT,2011,7,,hlth_cd_aro,2026-09-24T23:00:00+0200,2026-10-06
A,NR,T,Y80-84,V01-Y89,TOT_RESID,MT,2012,7,,hlth_cd_aro,2026-09-24T23:00:00+0200,2026-10-06
A,NR,T,Y80-84,V01-Y89,TOT_RESID,MT,2013,10,,hlth_cd_aro,2026-09-24T23:00:00+0200,2026-10-06
A,NR,T,Y80-84,V01-Y89,TOT_RESID,MT,2014,10,,hlth_cd_aro,2026-09-24T23:00:00+0200,2026-10-06
A,NR,T,Y80-84,V01-Y89,TOT_RESID,MT,2015,9,,hlth_cd_aro,2026-09-24T23:00:00+0200,2026-10-06
A,NR,T,Y80-84,V01-Y89,TOT_RESID,MT,2016,12,,hlth_cd_aro,2026-09-24T23:00:00+0200,2026-10-06
A,NR,T,Y80-84,V01-Y89,TOT_RESID,MT,2017,10,,hlth_cd_aro,2026-09-24T23:00:00+0200,2026-10-06
A,NR,T,Y80-84,V01-Y89,TOT_RESID,MT,2018,15,,hlth_cd_aro,2026-09-24T23:00:00+0200,2026-10-06
A,NR,T,Y80-84,V01-Y89,TOT_RESID,MT,2019,11,,hlth_cd_aro,2026-09-24T23:00:00+0200,2026-10-06
A,NR,T,Y80-84,V01-Y89,TOT_RESID,MT,2020,9,,hlth_cd_aro,2026-09-24T23:00:00+0200,2026-10-06
A,NR,T,Y80-84,V01-Y89,TOT_RESID,MT,2021,17,,hlth_cd_aro,2026-09-24T23:00:00+0200,2026-10-06
A,NR,T,Y80-84,V01-Y89,TOT_RESID,MT,2022,17,,hlth_cd_aro,2026-09-24T23:00:00+0200,2026-10-06
A,NR,T,Y80-84,V01-Y89,TOT_RESID,MT,2023,17,,hlth_cd_aro,2026-09-24T23:00:00+0200,2026-10-06
A,NR,T,Y85-89,TOTAL,TOT_RESID,MT,2011,583,,hlth_cd_aro,2026-09-24T23:00:00+0200,2026-10-06
A,NR,T,Y85-89,TOTAL,TOT_RESID,MT,2012,621,,hlth_cd_aro,2026-09-24T23:00:00+0200,2026-10-06
A,NR,T,Y85-89,TOTAL,TOT_RESID,MT,2013,563,,hlth_cd_aro,2026-09-24T23:00:00+0200,2026-10-06
A,NR,T,Y85-89,TOTAL,TOT_RESID,MT,2014,591,,hlth_cd_aro,2026-09-24T23:00:00+0200,2026-10-06
A,NR,T,Y85-89,TOTAL,TOT_RESID,MT,2015,643,,hlth_cd_aro,2026-09-24T23:00:00+0200,2026-10-06
A,NR,T,Y85-89,TOTAL,TOT_RESID,MT,2016,549,,hlth_cd_aro,2026-09-24T23:00:00+0200,2026-10-06
A,NR,T,Y85-89,TOTAL,TOT_RESID,MT,2017,636,,hlth_cd_aro,2026-09-24T23:00:00+0200,2026-10-06
A,NR,T,Y85-89,TOTAL,TOT_RESID,MT,2018,644,,hlth_cd_aro,2026-09-24T23:00:00+0200,2026-10-06
A,NR,T,Y85-89,TOTAL,TOT_RESID,MT,2019,657,,hlth_cd_aro,2026-09-24T23:00:00+0200,2026-10-06
A,NR,T,Y85-89,TOTAL,TOT_RESID,MT,2020,713,,hlth_cd_aro,2026-09-24T23:00:00+0200,2026-10-06
A,NR,T,Y85-89,TOTAL,TOT_RESID,MT,2021,776,,hlth_cd_aro,2026-09-24T23:00:00+0200,2026-10-06
A,NR,T,Y85-89,TOTAL,TOT_RESID,MT,2022,805,,hlth_cd_aro,2026-09-24T23:00:00+0200,2026-10-06
A,NR,T,Y85-89,TOTAL,TOT_RESID,MT,2023,768,,hlth_cd_aro,2026-09-24T23:00:00+0200,2026-10-06
A,NR,T,Y85-89,V01-Y89,TOT_RESID,MT,2011,10,,hlth_cd_aro,2026-09-24T23:00:00+0200,2026-10-06
A,NR,T,Y85-89,V01-Y89,TOT_RESID,MT,2012,12,,hlth_cd_aro,2026-09-24T23:00:00+0200,2026-10-06
A,NR,T,Y85-89,V01-Y89,TOT_RESID,MT,2013,13,,hlth_cd_aro,2026-09-24T23:00:00+0200,2026-10-06
A,NR,T,Y85-89,V01-Y89,TOT_RESID,MT,2014,12,,hlth_cd_aro,2026-09-24T23:00:00+0200,2026-10-06
A,NR,T,Y85-89,V01-Y89,TOT_RESID,MT,2015,12,,hlth_cd_aro,2026-09-24T23:00:00+0200,2026-10-06
A,NR,T,Y85-89,V01-Y89,TOT_RESID,MT,2016,14,,hlth_cd_aro,2026-09-24T23:00:00+0200,2026-10-06
A,NR,T,Y85-89,V01-Y89,TOT_RESID,MT,2017,12,,hlth_cd_aro,2026-09-24T23:00:00+0200,2026-10-06
A,NR,T,Y85-89,V01-Y89,TOT_RESID,MT,2018,11,,hlth_cd_aro,2026-09-24T23:00:00+0200,2026-10-06
A,NR,T,Y85-89,V01-Y89,TOT_RESID,MT,2019,15,,hlth_cd_aro,2026-09-24T23:00:00+0200,2026-10-06
A,NR,T,Y85-89,V01-Y89,TOT_RESID,MT,2020,19,,hlth_cd_aro,2026-09-24T23:00:00+0200,2026-10-06
A,NR,T,Y85-89,V01-Y89,TOT_RESID,MT,2021,18,,hlth_cd_aro,2026-09-24T23:00:00+0200,2026-10-06
A,NR,T,Y85-89,V01-Y89,TOT_RESID,MT,2022,18,,hlth_cd_aro,2026-09-24T23:00:00+0200,2026-10-06
A,NR,T,Y85-89,V01-Y89,TOT_RESID,MT,2023,19,,hlth_cd_aro,2026-09-24T23:00:00+0200,2026-10-06
A,NR,T,Y90-94,TOTAL,TOT_RESID,MT,2011,274,,hlth_cd_aro,2026-09-24T23:00:00+0200,2026-10-06
A,NR,T,Y90-94,TOTAL,TOT_RESID,MT,2012,352,,hlth_cd_aro,2026-09-24T23:00:00+0200,2026-10-06
A,NR,T,Y90-94,TOTAL,TOT_RESID,MT,2013,363,,hlth_cd_aro,2026-09-24T23:00:00+0200,2026-10-06
A,NR,T,Y90-94,TOTAL,TOT_RESID,MT,2014,353,,hlth_cd_aro,2026-09-24T23:00:00+0200,2026-10-06
A,NR,T,Y90-94,TOTAL,TOT_RESID,MT,2015,373,,hlth_cd_aro,2026-09-24T23:00:00+0200,2026-10-06
A,NR,T,Y90-94,TOTAL,TOT_RESID,MT,2016,403,,hlth_cd_aro,2026-09-24T23:00:00+0200,2026-10-06
A,NR,T,Y90-94,TOTAL,TOT_RESID,MT,2017,433,,hlth_cd_aro,2026-09-24T23:00:00+0200,2026-10-06
A,NR,T,Y90-94,TOTAL,TOT_RESID,MT,2018,442,,hlth_cd_aro,2026-09-24T23:00:00+0200,2026-10-06
A,NR,T,Y90-94,TOTAL,TOT_RESID,MT,2019,437,,hlth_cd_aro,2026-09-24T23:00:00+0200,2026-10-06
A,NR,T,Y90-94,TOTAL,TOT_RESID,MT,2020,509,,hlth_cd_aro,2026-09-24T23:00:00+0200,2026-10-06
A,NR,T,Y90-94,TOTAL,TOT_RESID,MT,2021,462,,hlth_cd_aro,2026-09-24T23:00:00+0200,2026-10-06
A,NR,T,Y90-94,TOTAL,TOT_RESID,MT,2022,534,,hlth_cd_aro,2026-09-24T23:00:00+0200,2026-10-06
A,NR,T,Y90-94,TOTAL,TOT_RESID,MT,2023,525,,hlth_cd_aro,2026-09-24T23:00:00+0200,2026-10-06
A,NR,T,Y90-94,V01-Y89,TOT_RESID,MT,2011,6,,hlth_cd_aro,2026-09-24T23:00:00+0200,2026-10-06
A,NR,T,Y90-94,V01-Y89,TOT_RESID,MT,2012,4,,hlth_cd_aro,2026-09-24T23:00:00+0200,2026-10-06
A,NR,T,Y90-94,V01-Y89,TOT_RESID,MT,2013,7,,hlth_cd_aro,2026-09-24T23:00:00+0200,2026-10-06
A,NR,T,Y90-94,V01-Y89,TOT_RESID,MT,2014,10,,hlth_cd_aro,2026-09-24T23:00:00+0200,2026-10-06
A,NR,T,Y90-94,V01-Y89,TOT_RESID,MT,2015,7,,hlth_cd_aro,2026-09-24T23:00:00+0200,2026-10-06
A,NR,T,Y90-94,V01-Y89,TOT_RESID,MT,2016,10,,hlth_cd_aro,2026-09-24T23:00:00+0200,2026-10-06
A,NR,T,Y90-94,V01-Y89,TOT_RESID,MT,2017,10,,hlth_cd_aro,2026-09-24T23:00:00+0200,2026-10-06
A,NR,T,Y90-94,V01-Y89,TOT_RESID,MT,2018,5,,hlth_cd_aro,2026-09-24T23:00:00+0200,2026-10-06
A,NR,T,Y90-94,V01-Y89,TOT_RESID,MT,2019,9,,hlth_cd_aro,2026-09-24T23:00:00+0200,2026-10-06
A,NR,T,Y90-94,V01-Y89,TOT_RESID,MT,2020,10,,hlth_cd_aro,2026-09-24T23:00:00+0200,2026-10-06
A,NR,T,Y90-94,V01-Y89,TOT_RESID,MT,2021,17,,hlth_cd_aro,2026-09-24T23:00:00+0200,2026-10-06
A,NR,T,Y90-94,V01-Y89,TOT_RESID,MT,2022,18,,hlth_cd_aro,2026-09-24T23:00:00+0200,2026-10-06
A,NR,T,Y90-94,V01-Y89,TOT_RESID,MT,2023,13,,hlth_cd_aro,2026-09-24T23:00:00+0200,2026-10-06
A,NR,T,Y_GE65,TOTAL,TOT_RESID,MT,2011,2659,,hlth_cd_aro,2026-09-24T23:00:00+0200,2026-10-06
A,NR,T,Y_GE65,TOTAL,TOT_RESID,MT,2012,2788,,hlth_cd_aro,2026-09-24T23:00:00+0200,2026-10-06
A,NR,T,Y_GE65,TOTAL,TOT_RESID,MT,2013,2701,,hlth_cd_aro,2026-09-24T23:00:00+0200,2026-10-06
A,NR,T,Y_GE65,TOTAL,TOT_RESID,MT,2014,2723,,hlth_cd_aro,2026-09-24T23:00:00+0200,2026-10-06
A,NR,T,Y_GE65,TOTAL,TOT_RESID,MT,2015,2878,,hlth_cd_aro,2026-09-24T23:00:00+0200,2026-10-06
A,NR,T,Y_GE65,TOTAL,TOT_RESID,MT,2016,2773,,hlth_cd_aro,2026-09-24T23:00:00+0200,2026-10-06
A,NR,T,Y_GE65,TOTAL,TOT_RESID,MT,2017,3007,,hlth_cd_aro,2026-09-24T23:00:00+0200,2026-10-06
A,NR,T,Y_GE65,TOTAL,TOT_RESID,MT,2018,3098,,hlth_cd_aro,2026-09-24T23:00:00+0200,2026-10-06
A,NR,T,Y_GE65,TOTAL,TOT_RESID,MT,2019,3165,,hlth_cd_aro,2026-09-24T23:00:00+0200,2026-10-06
A,NR,T,Y_GE65,TOTAL,TOT_RESID,MT,2020,3486,,hlth_cd_aro,2026-09-24T23:00:00+0200,2026-10-06
A,NR,T,Y_GE65,TOTAL,TOT_RESID,MT,2021,3560,,hlth_cd_aro,2026-09-24T23:00:00+0200,2026-10-06
A,NR,T,Y_GE65,TOTAL,TOT_RESID,MT,2022,3639,,hlth_cd_aro,2026-09-24T23:00:00+0200,2026-10-06
A,NR,T,Y_GE65,TOTAL,TOT_RESID,MT,2023,3517,,hlth_cd_aro,2026-09-24T23:00:00+0200,2026-10-06
A,NR,T,Y_GE65,V01-Y89,TOT_RESID,MT,2011,41,,hlth_cd_aro,2026-09-24T23:00:00+0200,2026-10-06
A,NR,T,Y_GE65,V01-Y89,TOT_RESID,MT,2012,42,,hlth_cd_aro,2026-09-24T23:00:00+0200,2026-10-06
A,NR,T,Y_GE65,V01-Y89,TOT_RESID,MT,2013,54,,hlth_cd_aro,2026-09-24T23:00:00+0200,2026-10-06
A,NR,T,Y_GE65,V01-Y89,TOT_RESID,MT,2014,57,,hlth_cd_aro,2026-09-24T23:00:00+0200,2026-10-06
A,NR,T,Y_GE65,V01-Y89,TOT_RESID,MT,2015,46,,hlth_cd_aro,2026-09-24T23:00:00+0200,2026-10-06
A,NR,T,Y_GE65,V01-Y89,TOT_RESID,MT,2016,62,,hlth_cd_aro,2026-09-24T23:00:00+0200,2026-10-06
A,NR,T,Y_GE65,V01-Y89,TOT_RESID,MT,2017,63,,hlth_cd_aro,2026-09-24T23:00:00+0200,2026-10-06
A,NR,T,Y_GE65,V01-Y89,TOT_RESID,MT,2018,53,,hlth_cd_aro,2026-09-24T23:00:00+0200,2026-10-06
A,NR,T,Y_GE65,V01-Y89,TOT_RESID,MT,2019,69,,hlth_cd_aro,2026-09-24T23:00:00+0200,2026-10-06
A,NR,T,Y_GE65,V01-Y89,TOT_RESID,MT,2020,71,,hlth_cd_aro,2026-09-24T23:00:00+0200,2026-10-06
A,NR,T,Y_GE65,V01-Y89,TOT_RESID,MT,2021,83,,hlth_cd_aro,2026-09-24T23:00:00+0200,2026-10-06
A,NR,T,Y_GE65,V01-Y89,TOT_RESID,MT,2022,92,,hlth_cd_aro,2026-09-24T23:00:00+0200,2026-10-06
A,NR,T,Y_GE65,V01-Y89,TOT_RESID,MT,2023,100,,hlth_cd_aro,2026-09-24T23:00:00+0200,2026-10-06
A,NR,T,Y_GE85,TOTAL,TOT_RESID,MT,2011,970,,hlth_cd_aro,2026-09-24T23:00:00+0200,2026-10-06
A,NR,T,Y_GE85,TOTAL,TOT_RESID,MT,2012,1077,,hlth_cd_aro,2026-09-24T23:00:00+0200,2026-10-06
A,NR,T,Y_GE85,TOTAL,TOT_RESID,MT,2013,1033,,hlth_cd_aro,2026-09-24T23:00:00+0200,2026-10-06
A,NR,T,Y_GE85,TOTAL,TOT_RESID,MT,2014,1054,,hlth_cd_aro,2026-09-24T23:00:00+0200,2026-10-06
A,NR,T,Y_GE85,TOTAL,TOT_RESID,MT,2015,1174,,hlth_cd_aro,2026-09-24T23:00:00+0200,2026-10-06
A,NR,T,Y_GE85,TOTAL,TOT_RESID,MT,2016,1097,,hlth_cd_aro,2026-09-24T23:00:00+0200,2026-10-06
A,NR,T,Y_GE85,TOTAL,TOT_RESID,MT,2017,1253,,hlth_cd_aro,2026-09-24T23:00:00+0200,2026-10-06
A,NR,T,Y_GE85,TOTAL,TOT_RESID,MT,2018,1254,,hlth_cd_aro,2026-09-24T23:00:00+0200,2026-10-06
A,NR,T,Y_GE85,TOTAL,TOT_RESID,MT,2019,1260,,hlth_cd_aro,2026-09-24T23:00:00+0200,2026-10-06
A,NR,T,Y_GE85,TOTAL,TOT_RESID,MT,2020,1435,,hlth_cd_aro,2026-09-24T23:00:00+0200,2026-10-06
A,NR,T,Y_GE85,TOTAL,TOT_RESID,MT,2021,1441,,hlth_cd_aro,2026-09-24T23:00:00+0200,2026-10-06
A,NR,T,Y_GE85,TOTAL,TOT_RESID,MT,2022,1557,,hlth_cd_aro,2026-09-24T23:00:00+0200,2026-10-06
A,NR,T,Y_GE85,TOTAL,TOT_RESID,MT,2023,1535,,hlth_cd_aro,2026-09-24T23:00:00+0200,2026-10-06
A,NR,T,Y_GE85,V01-Y89,TOT_RESID,MT,2011,17,,hlth_cd_aro,2026-09-24T23:00:00+0200,2026-10-06
A,NR,T,Y_GE85,V01-Y89,TOT_RESID,MT,2012,17,,hlth_cd_aro,2026-09-24T23:00:00+0200,2026-10-06
A,NR,T,Y_GE85,V01-Y89,TOT_RESID,MT,2013,23,,hlth_cd_aro,2026-09-24T23:00:00+0200,2026-10-06
A,NR,T,Y_GE85,V01-Y89,TOT_RESID,MT,2014,26,,hlth_cd_aro,2026-09-24T23:00:00+0200,2026-10-06
A,NR,T,Y_GE85,V01-Y89,TOT_RESID,MT,2015,19,,hlth_cd_aro,2026-09-24T23:00:00+0200,2026-10-06
A,NR,T,Y_GE85,V01-Y89,TOT_RESID,MT,2016,27,,hlth_cd_aro,2026-09-24T23:00:00+0200,2026-10-06
A,NR,T,Y_GE85,V01-Y89,TOT_RESID,MT,2017,25,,hlth_cd_aro,2026-09-24T23:00:00+0200,2026-10-06
A,NR,T,Y_GE85,V01-Y89,TOT_RESID,MT,2018,19,,hlth_cd_aro,2026-09-24T23:00:00+0200,2026-10-06
A,NR,T,Y_GE85,V01-Y89,TOT_RESID,MT,2019,33,,hlth_cd_aro,2026-09-24T23:00:00+0200,2026-10-06
A,NR,T,Y_GE85,V01-Y89,TOT_RESID,MT,2020,37,,hlth_cd_aro,2026-09-24T23:00:00+0200,2026-10-06
A,NR,T,Y_GE85,V01-Y89,TOT_RESID,MT,2021,41,,hlth_cd_aro,2026-09-24T23:00:00+0200,2026-10-06
A,NR,T,Y_GE85,V01-Y89,TOT_RESID,MT,2022,41,,hlth_cd_aro,2026-09-24T23:00:00+0200,2026-10-06
A,NR,T,Y_GE85,V01-Y89,TOT_RESID,MT,2023,38,,hlth_cd_aro,2026-09-24T23:00:00+0200,2026-10-06
A,NR,T,Y_GE95,TOTAL,TOT_RESID,MT,2011,113,,hlth_cd_aro,2026-09-24T23:00:00+0200,2026-10-06
A,NR,T,Y_GE95,TOTAL,TOT_RESID,MT,2012,104,,hlth_cd_aro,2026-09-24T23:00:00+0200,2026-10-06
A,NR,T,Y_GE95,TOTAL,TOT_RESID,MT,2013,107,,hlth_cd_aro,2026-09-24T23:00:00+0200,2026-10-06
A,NR,T,Y_GE95,TOTAL,TOT_RESID,MT,2014,110,,hlth_cd_aro,2026-09-24T23:00:00+0200,2026-10-06
A,NR,T,Y_GE95,TOTAL,TOT_RESID,MT,2015,158,,hlth_cd_aro,2026-09-24T23:00:00+0200,2026-10-06
A,NR,T,Y_GE95,TOTAL,TOT_RESID,MT,2016,145,,hlth_cd_aro,2026-09-24T23:00:00+0200,2026-10-06
A,NR,T,Y_GE95,TOTAL,TOT_RESID,MT,2017,184,,hlth_cd_aro,2026-09-24T23:00:00+0200,2026-10-06
A,NR,T,Y_GE95,TOTAL,TOT_RESID,MT,2018,168,,hlth_cd_aro,2026-09-24T23:00:00+0200,2026-10-06
A,NR,T,Y_GE95,TOTAL,TOT_RESID,MT,2019,166,,hlth_cd_aro,2026-09-24T23:00:00+0200,2026-10-06
A,NR,T,Y_GE95,TOTAL,TOT_RESID,MT,2020,213,,hlth_cd_aro,2026-09-24T23:00:00+0200,2026-10-06
A,NR,T,Y_GE95,TOTAL,TOT_RESID,MT,2021,203,,hlth_cd_aro,2026-09-24T23:00:00+0200,2026-10-06
A,NR,T,Y_GE95,TOTAL,TOT_RESID,MT,2022,218,,hlth_cd_aro,2026-09-24T23:00:00+0200,2026-10-06
A,NR,T,Y_GE95,TOTAL,TOT_RESID,MT,2023,242,,hlth_cd_aro,2026-09-24T23:00:00+0200,2026-10-06
A,NR,T,Y_GE95,V01-Y89,TOT_RESID,MT,2011,1,,hlth_cd_aro,2026-09-24T23:00:00+0200,2026-10-06
A,NR,T,Y_GE95,V01-Y89,TOT_RESID,MT,2012,1,,hlth_cd_aro,2026-09-24T23:00:00+0200,2026-10-06
A,NR,T,Y_GE95,V01-Y89,TOT_RESID,MT,2013,3,,hlth_cd_aro,2026-09-24T23:00:00+0200,2026-10-06
A,NR,T,Y_GE95,V01-Y89,TOT_RESID,MT,2014,4,,hlth_cd_aro,2026-09-24T23:00:00+0200,2026-10-06
A,NR,T,Y_GE95,V01-Y89,TOT_RESID,MT,2015,0,,hlth_cd_aro,2026-09-24T23:00:00+0200,2026-10-06
A,NR,T,Y_GE95,V01-Y89,TOT_RESID,MT,2016,3,,hlth_cd_aro,2026-09-24T23:00:00+0200,2026-10-06
A,NR,T,Y_GE95,V01-Y89,TOT_RESID,MT,2017,3,,hlth_cd_aro,2026-09-24T23:00:00+0200,2026-10-06
A,NR,T,Y_GE95,V01-Y89,TOT_RESID,MT,2018,3,,hlth_cd_aro,2026-09-24T23:00:00+0200,2026-10-06
A,NR,T,Y_GE95,V01-Y89,TOT_RESID,MT,2019,9,,hlth_cd_aro,2026-09-24T23:00:00+0200,2026-10-06
A,NR,T,Y_GE95,V01-Y89,TOT_RESID,MT,2020,8,,hlth_cd_aro,2026-09-24T23:00:00+0200,2026-10-06
A,NR,T,Y_GE95,V01-Y89,TOT_RESID,MT,2021,6,,hlth_cd_aro,2026-09-24T23:00:00+0200,2026-10-06
A,NR,T,Y_GE95,V01-Y89,TOT_RESID,MT,2022,5,,hlth_cd_aro,2026-09-24T23:00:00+0200,2026-10-06
A,NR,T,Y_GE95,V01-Y89,TOT_RESID,MT,2023,6,,hlth_cd_aro,2026-09-24T23:00:00+0200,2026-10-06
A,NR,T,Y_LT15,TOTAL,TOT_RESID,MT,2011,33,,hlth_cd_aro,2026-09-24T23:00:00+0200,2026-10-06
A,NR,T,Y_LT15,TOTAL,TOT_RESID,MT,2012,30,,hlth_cd_aro,2026-09-24T23:00:00+0200,2026-10-06
A,NR,T,Y_LT15,TOTAL,TOT_RESID,MT,2013,30,,hlth_cd_aro,2026-09-24T23:00:00+0200,2026-10-06
A,NR,T,Y_LT15,TOTAL,TOT_RESID,MT,2014,28,,hlth_cd_aro,2026-09-24T23:00:00+0200,2026-10-06
A,NR,T,Y_LT15,TOTAL,TOT_RESID,MT,2015,34,,hlth_cd_aro,2026-09-24T23:00:00+0200,2026-10-06
A,NR,T,Y_LT15,TOTAL,TOT_RESID,MT,2016,37,,hlth_cd_aro,2026-09-24T23:00:00+0200,2026-10-06
A,NR,T,Y_LT15,TOTAL,TOT_RESID,MT,2017,35,,hlth_cd_aro,2026-09-24T23:00:00+0200,2026-10-06
A,NR,T,Y_LT15,TOTAL,TOT_RESID,MT,2018,32,,hlth_cd_aro,2026-09-24T23:00:00+0200,2026-10-06
A,NR,T,Y_LT15,TOTAL,TOT_RESID,MT,2019,41,,hlth_cd_aro,2026-09-24T23:00:00+0200,2026-10-06
A,NR,T,Y_LT15,TOTAL,TOT_RESID,MT,2020,23,,hlth_cd_aro,2026-09-24T23:00:00+0200,2026-10-06
A,NR,T,Y_LT15,TOTAL,TOT_RESID,MT,2021,24,,hlth_cd_aro,2026-09-24T23:00:00+0200,2026-10-06
A,NR,T,Y_LT15,TOTAL,TOT_RESID,MT,2022,27,,hlth_cd_aro,2026-09-24T23:00:00+0200,2026-10-06
A,NR,T,Y_LT15,TOTAL,TOT_RESID,MT,2023,20,,hlth_cd_aro,2026-09-24T23:00:00+0200,2026-10-06
A,NR,T,Y_LT15,V01-Y89,TOT_RESID,MT,2011,0,,hlth_cd_aro,2026-09-24T23:00:00+0200,2026-10-06
A,NR,T,Y_LT15,V01-Y89,TOT_RESID,MT,2012,2,,hlth_cd_aro,2026-09-24T23:00:00+0200,2026-10-06
A,NR,T,Y_LT15,V01-Y89,TOT_RESID,MT,2013,1,,hlth_cd_aro,2026-09-24T23:00:00+0200,2026-10-06
A,NR,T,Y_LT15,V01-Y89,TOT_RESID,MT,2014,1,,hlth_cd_aro,2026-09-24T23:00:00+0200,2026-10-06
A,NR,T,Y_LT15,V01-Y89,TOT_RESID,MT,2015,3,,hlth_cd_aro,2026-09-24T23:00:00+0200,2026-10-06
A,NR,T,Y_LT15,V01-Y89,TOT_RESID,MT,2016,1,,hlth_cd_aro,2026-09-24T23:00:00+0200,2026-10-06
A,NR,T,Y_LT15,V01-Y89,TOT_RESID,MT,2017,2,,hlth_cd_aro,2026-09-24T23:00:00+0200,2026-10-06
A,NR,T,Y_LT15,V01-Y89,TOT_RESID,MT,2018,1,,hlth_cd_aro,2026-09-24T23:00:00+0200,2026-10-06
A,NR,T,Y_LT15,V01-Y89,TOT_RESID,MT,2019,2,,hlth_cd_aro,2026-09-24T23:00:00+0200,2026-10-06
A,NR,T,Y_LT15,V01-Y89,TOT_RESID,MT,2020,0,,hlth_cd_aro,2026-09-24T23:00:00+0200,2026-10-06
A,NR,T,Y_LT15,V01-Y89,TOT_RESID,MT,2021,3,,hlth_cd_aro,2026-09-24T23:00:00+0200,2026-10-06
A,NR,T,Y_LT15,V01-Y89,TOT_RESID,MT,2022,0,,hlth_cd_aro,2026-09-24T23:00:00+0200,2026-10-06
A,NR,T,Y_LT15,V01-Y89,TOT_RESID,MT,2023,1,,hlth_cd_aro,2026-09-24T23:00:00+0200,2026-10-06
A,NR,T,Y_LT25,TOTAL,TOT_RESID,MT,2011,53,,hlth_cd_aro,2026-09-24T23:00:00+0200,2026-10-06
A,NR,T,Y_LT25,TOTAL,TOT_RESID,MT,2012,42,,hlth_cd_aro,2026-09-24T23:00:00+0200,2026-10-06
A,NR,T,Y_LT25,TOTAL,TOT_RESID,MT,2013,49,,hlth_cd_aro,2026-09-24T23:00:00+0200,2026-10-06
A,NR,T,Y_LT25,TOTAL,TOT_RESID,MT,2014,41,,hlth_cd_aro,2026-09-24T23:00:00+0200,2026-10-06
A,NR,T,Y_LT25,TOTAL,TOT_RESID,MT,2015,50,,hlth_cd_aro,2026-09-24T23:00:00+0200,2026-10-06
A,NR,T,Y_LT25,TOTAL,TOT_RESID,MT,2016,49,,hlth_cd_aro,2026-09-24T23:00:00+0200,2026-10-06
A,NR,T,Y_LT25,TOTAL,TOT_RESID,MT,2017,51,,hlth_cd_aro,2026-09-24T23:00:00+0200,2026-10-06
A,NR,T,Y_LT25,TOTAL,TOT_RESID,MT,2018,42,,hlth_cd_aro,2026-09-24T23:00:00+0200,2026-10-06
A,NR,T,Y_LT25,TOTAL,TOT_RESID,MT,2019,48,,hlth_cd_aro,2026-09-24T23:00:00+0200,2026-10-06
A,NR,T,Y_LT25,TOTAL,TOT_RESID,MT,2020,37,,hlth_cd_aro,2026-09-24T23:00:00+0200,2026-10-06
A,NR,T,Y_LT25,TOTAL,TOT_RESID,MT,2021,38,,hlth_cd_aro,2026-09-24T23:00:00+0200,2026-10-06
A,NR,T,Y_LT25,TOTAL,TOT_RESID,MT,2022,47,,hlth_cd_aro,2026-09-24T23:00:00+0200,2026-10-06
A,NR,T,Y_LT25,TOTAL,TOT_RESID,MT,2023,29,,hlth_cd_aro,2026-09-24T23:00:00+0200,2026-10-06
A,NR,T,Y_LT25,V01-Y89,TOT_RESID,MT,2011,11,,hlth_cd_aro,2026-09-24T23:00:00+0200,2026-10-06
A,NR,T,Y_LT25,V01-Y89,TOT_RESID,MT,2012,6,,hlth_cd_aro,2026-09-24T23:00:00+0200,2026-10-06
A,NR,T,Y_LT25,V01-Y89,TOT_RESID,MT,2013,9,,hlth_cd_aro,2026-09-24T23:00:00+0200,2026-10-06
A,NR,T,Y_LT25,V01-Y89,TOT_RESID,MT,2014,7,,hlth_cd_aro,2026-09-24T23:00:00+0200,2026-10-06
A,NR,T,Y_LT25,V01-Y89,TOT_RESID,MT,2015,11,,hlth_cd_aro,2026-09-24T23:00:00+0200,2026-10-06
A,NR,T,Y_LT25,V01-Y89,TOT_RESID,MT,2016,5,,hlth_cd_aro,2026-09-24T23:00:00+0200,2026-10-06
A,NR,T,Y_LT25,V01-Y89,TOT_RESID,MT,2017,10,,hlth_cd_aro,2026-09-24T23:00:00+0200,2026-10-06
A,NR,T,Y_LT25,V01-Y89,TOT_RESID,MT,2018,8,,hlth_cd_aro,2026-09-24T23:00:00+0200,2026-10-06
A,NR,T,Y_LT25,V01-Y89,TOT_RESID,MT,2019,4,,hlth_cd_aro,2026-09-24T23:00:00+0200,2026-10-06
A,NR,T,Y_LT25,V01-Y89,TOT_RESID,MT,2020,5,,hlth_cd_aro,2026-09-24T23:00:00+0200,2026-10-06
A,NR,T,Y_LT25,V01-Y89,TOT_RESID,MT,2021,11,,hlth_cd_aro,2026-09-24T23:00:00+0200,2026-10-06
A,NR,T,Y_LT25,V01-Y89,TOT_RESID,MT,2022,10,,hlth_cd_aro,2026-09-24T23:00:00+0200,2026-10-06
A,NR,T,Y_LT25,V01-Y89,TOT_RESID,MT,2023,8,,hlth_cd_aro,2026-09-24T23:00:00+0200,2026-10-06
A,NR,T,Y_LT65,TOTAL,TOT_RESID,MT,2011,605,,hlth_cd_aro,2026-09-24T23:00:00+0200,2026-10-06
A,NR,T,Y_LT65,TOTAL,TOT_RESID,MT,2012,638,,hlth_cd_aro,2026-09-24T23:00:00+0200,2026-10-06
A,NR,T,Y_LT65,TOTAL,TOT_RESID,MT,2013,539,,hlth_cd_aro,2026-09-24T23:00:00+0200,2026-10-06
A,NR,T,Y_LT65,TOTAL,TOT_RESID,MT,2014,550,,hlth_cd_aro,2026-09-24T23:00:00+0200,2026-10-06
A,NR,T,Y_LT65,TOTAL,TOT_RESID,MT,2015,568,,hlth_cd_aro,2026-09-24T23:00:00+0200,2026-10-06
A,NR,T,Y_LT65,TOTAL,TOT_RESID,MT,2016,571,,hlth_cd_aro,2026-09-24T23:00:00+0200,2026-10-06
A,NR,T,Y_LT65,TOTAL,TOT_RESID,MT,2017,570,,hlth_cd_aro,2026-09-24T23:00:00+0200,2026-10-06
A,NR,T,Y_LT65,TOTAL,TOT_RESID,MT,2018,595,,hlth_cd_aro,2026-09-24T23:00:00+0200,2026-10-06
A,NR,T,Y_LT65,TOTAL,TOT_RESID,MT,2019,528,,hlth_cd_aro,2026-09-24T23:00:00+0200,2026-10-06
A,NR,T,Y_LT65,TOTAL,TOT_RESID,MT,2020,602,,hlth_cd_aro,2026-09-24T23:00:00+0200,2026-10-06
A,NR,T,Y_LT65,TOTAL,TOT_RESID,MT,2021,604,,hlth_cd_aro,2026-09-24T23:00:00+0200,2026-10-06
A,NR,T,Y_LT65,TOTAL,TOT_RESID,MT,2022,601,,hlth_cd_aro,2026-09-24T23:00:00+0200,2026-10-06
A,NR,T,Y_LT65,TOTAL,TOT_RESID,MT,2023,514,,hlth_cd_aro,2026-09-24T23:00:00+0200,2026-10-06
A,NR,T,Y_LT65,V01-Y89,TOT_RESID,MT,2011,58,,hlth_cd_aro,2026-09-24T23:00:00+0200,2026-10-06
A,NR,T,Y_LT65,V01-Y89,TOT_RESID,MT,2012,71,,hlth_cd_aro,2026-09-24T23:00:00+0200,2026-10-06
A,NR,T,Y_LT65,V01-Y89,TOT_RESID,MT,2013,51,,hlth_cd_aro,2026-09-24T23:00:00+0200,2026-10-06
A,NR,T,Y_LT65,V01-Y89,TOT_RESID,MT,2014,50,,hlth_cd_aro,2026-09-24T23:00:00+0200,2026-10-06
A,NR,T,Y_LT65,V01-Y89,TOT_RESID,MT,2015,67,,hlth_cd_aro,2026-09-24T23:00:00+0200,2026-10-06
A,NR,T,Y_LT65,V01-Y89,TOT_RESID,MT,2016,66,,hlth_cd_aro,2026-09-24T23:00:00+0200,2026-10-06
A,NR,T,Y_LT65,V01-Y89,TOT_RESID,MT,2017,64,,hlth_cd_aro,2026-09-24T23:00:00+0200,2026-10-06
A,NR,T,Y_LT65,V01-Y89,TOT_RESID,MT,2018,62,,hlth_cd_aro,2026-09-24T23:00:00+0200,2026-10-06
A,NR,T,Y_LT65,V01-Y89,TOT_RESID,MT,2019,47,,hlth_cd_aro,2026-09-24T23:00:00+0200,2026-10-06
A,NR,T,Y_LT65,V01-Y89,TOT_RESID,MT,2020,65,,hlth_cd_aro,2026-09-24T23:00:00+0200,2026-10-06
A,NR,T,Y_LT65,V01-Y89,TOT_RESID,MT,2021,70,,hlth_cd_aro,2026-09-24T23:00:00+0200,2026-10-06
A,NR,T,Y_LT65,V01-Y89,TOT_RESID,MT,2022,90,,hlth_cd_aro,2026-09-24T23:00:00+0200,2026-10-06
A,NR,T,Y_LT65,V01-Y89,TOT_RESID,MT,2023,73,,hlth_cd_aro,2026-09-24T23:00:00+0200,2026-10-06
